{
  "type": "FeatureCollection",
  "features": [
    {
      "type": "Feature",
      "geometry": {
        "type": "Polygon",
        "coordinates": [
          [
            [
              -78.47403,
              35.66728
            ],
            [
              -78.48669,
              35.66066
            ],
            [
              -78.4852,
              35.64924
            ],
            [
              -78.47105,
              35.64443
            ],
            [
              -78.45838,
              35.65104
            ],
            [
              -78.45987,
              35.66247
            ],
            [
              -78.47403,
              35.66728
            ]
          ]
        ]
      },
      "properties": {
        "hex_id": "872ad6820ffffff",
        "value": 48.4
      }
    },
    {
      "type": "Feature",
      "geometry": {
        "type": "Polygon",
        "coordinates": [
          [
            [
              -78.48969,
              35.68353
            ],
            [
              -78.50235,
              35.6769
            ],
            [
              -78.50085,
              35.66547
            ],
            [
              -78.48669,
              35.66066
            ],
            [
              -78.47403,
              35.66728
            ],
            [
              -78.47552,
              35.67872
            ],
            [
              -78.48969,
              35.68353
            ]
          ]
        ]
      },
      "properties": {
        "hex_id": "872ad6826ffffff",
        "value": 56.0
      }
    },
    {
      "type": "Feature",
      "geometry": {
        "type": "Polygon",
        "coordinates": [
          [
            [
              -78.50085,
              35.66547
            ],
            [
              -78.51351,
              35.65885
            ],
            [
              -78.51201,
              35.64742
            ],
            [
              -78.49786,
              35.64262
            ],
            [
              -78.4852,
              35.64924
            ],
            [
              -78.48669,
              35.66066
            ],
            [
              -78.50085,
              35.66547
            ]
          ]
        ]
      },
      "properties": {
        "hex_id": "872ad6822ffffff",
        "value": 50.8
      }
    },
    {
      "type": "Feature",
      "geometry": {
        "type": "Polygon",
        "coordinates": [
          [
            [
              -78.4852,
              35.64924
            ],
            [
              -78.49786,
              35.64262
            ],
            [
              -78.49636,
              35.63119
            ],
            [
              -78.48221,
              35.62639
            ],
            [
              -78.46955,
              35.633
            ],
            [
              -78.47105,
              35.64443
            ],
            [
              -78.4852,
              35.64924
            ]
          ]
        ]
      },
      "properties": {
        "hex_id": "872ad6823ffffff",
        "value": 38.0
      }
    },
    {
      "type": "Feature",
      "geometry": {
        "type": "Polygon",
        "coordinates": [
          [
            [
              -78.45838,
              35.65104
            ],
            [
              -78.47105,
              35.64443
            ],
            [
              -78.46955,
              35.633
            ],
            [
              -78.45541,
              35.62819
            ],
            [
              -78.44275,
              35.6348
            ],
            [
              -78.44423,
              35.64623
            ],
            [
              -78.45838,
              35.65104
            ]
          ]
        ]
      },
      "properties": {
        "hex_id": "872ad6821ffffff",
        "value": 21.9
      }
    },
    {
      "type": "Feature",
      "geometry": {
        "type": "Polygon",
        "coordinates": [
          [
            [
              -78.4472,
              35.66909
            ],
            [
              -78.45987,
              35.66247
            ],
            [
              -78.45838,
              35.65104
            ],
            [
              -78.44423,
              35.64623
            ],
            [
              -78.43157,
              35.65284
            ],
            [
              -78.43305,
              35.66427
            ],
            [
              -78.4472,
              35.66909
            ]
          ]
        ]
      },
      "properties": {
        "hex_id": "872ad6825ffffff",
        "value": 51.0
      }
    },
    {
      "type": "Feature",
      "geometry": {
        "type": "Polygon",
        "coordinates": [
          [
            [
              -78.46285,
              35.68534
            ],
            [
              -78.47552,
              35.67872
            ],
            [
              -78.47403,
              35.66728
            ],
            [
              -78.45987,
              35.66247
            ],
            [
              -78.4472,
              35.66909
            ],
            [
              -78.44869,
              35.68052
            ],
            [
              -78.46285,
              35.68534
            ]
          ]
        ]
      },
      "properties": {
        "hex_id": "872ad6824ffffff",
        "value": 75.9
      }
    },
    {
      "type": "Feature",
      "geometry": {
        "type": "Polygon",
        "coordinates": [
          [
            [
              -78.47851,
              35.70159
            ],
            [
              -78.49118,
              35.69496
            ],
            [
              -78.48969,
              35.68353
            ],
            [
              -78.47552,
              35.67872
            ],
            [
              -78.46285,
              35.68534
            ],
            [
              -78.46434,
              35.69677
            ],
            [
              -78.47851,
              35.70159
            ]
          ]
        ]
      },
      "properties": {
        "hex_id": "872ad6919ffffff",
        "value": 75.6
      }
    },
    {
      "type": "Feature",
      "geometry": {
        "type": "Polygon",
        "coordinates": [
          [
            [
              -78.50535,
              35.69977
            ],
            [
              -78.51802,
              35.69315
            ],
            [
              -78.51652,
              35.68171
            ],
            [
              -78.50235,
              35.6769
            ],
            [
              -78.48969,
              35.68353
            ],
            [
              -78.49118,
              35.69496
            ],
            [
              -78.50535,
              35.69977
            ]
          ]
        ]
      },
      "properties": {
        "hex_id": "872ad691bffffff",
        "value": 36.9
      }
    },
    {
      "type": "Feature",
      "geometry": {
        "type": "Polygon",
        "coordinates": [
          [
            [
              -78.51652,
              35.68171
            ],
            [
              -78.52918,
              35.67509
            ],
            [
              -78.52768,
              35.66366
            ],
            [
              -78.51351,
              35.65885
            ],
            [
              -78.50085,
              35.66547
            ],
            [
              -78.50235,
              35.6769
            ],
            [
              -78.51652,
              35.68171
            ]
          ]
        ]
      },
      "properties": {
        "hex_id": "872ad6835ffffff",
        "value": 35.3
      }
    },
    {
      "type": "Feature",
      "geometry": {
        "type": "Polygon",
        "coordinates": [
          [
            [
              -78.52768,
              35.66366
            ],
            [
              -78.54033,
              35.65703
            ],
            [
              -78.53882,
              35.6456
            ],
            [
              -78.52467,
              35.6408
            ],
            [
              -78.51201,
              35.64742
            ],
            [
              -78.51351,
              35.65885
            ],
            [
              -78.52768,
              35.66366
            ]
          ]
        ]
      },
      "properties": {
        "hex_id": "872ad6831ffffff",
        "value": 57.7
      }
    },
    {
      "type": "Feature",
      "geometry": {
        "type": "Polygon",
        "coordinates": [
          [
            [
              -78.51201,
              35.64742
            ],
            [
              -78.52467,
              35.6408
            ],
            [
              -78.52316,
              35.62938
            ],
            [
              -78.50901,
              35.62457
            ],
            [
              -78.49636,
              35.63119
            ],
            [
              -78.49786,
              35.64262
            ],
            [
              -78.51201,
              35.64742
            ]
          ]
        ]
      },
      "properties": {
        "hex_id": "872ad6804ffffff",
        "value": 67.4
      }
    },
    {
      "type": "Feature",
      "geometry": {
        "type": "Polygon",
        "coordinates": [
          [
            [
              -78.49636,
              35.63119
            ],
            [
              -78.50901,
              35.62457
            ],
            [
              -78.50751,
              35.61315
            ],
            [
              -78.49337,
              35.60835
            ],
            [
              -78.48072,
              35.61496
            ],
            [
              -78.48221,
              35.62639
            ],
            [
              -78.49636,
              35.63119
            ]
          ]
        ]
      },
      "properties": {
        "hex_id": "872ad6805ffffff",
        "value": 49.9
      }
    },
    {
      "type": "Feature",
      "geometry": {
        "type": "Polygon",
        "coordinates": [
          [
            [
              -78.46955,
              35.633
            ],
            [
              -78.48221,
              35.62639
            ],
            [
              -78.48072,
              35.61496
            ],
            [
              -78.46657,
              35.61016
            ],
            [
              -78.45392,
              35.61677
            ],
            [
              -78.45541,
              35.62819
            ],
            [
              -78.46955,
              35.633
            ]
          ]
        ]
      },
      "properties": {
        "hex_id": "872ad682effffff",
        "value": 14.1
      }
    },
    {
      "type": "Feature",
      "geometry": {
        "type": "Polygon",
        "coordinates": [
          [
            [
              -78.44275,
              35.6348
            ],
            [
              -78.45541,
              35.62819
            ],
            [
              -78.45392,
              35.61677
            ],
            [
              -78.43978,
              35.61196
            ],
            [
              -78.42712,
              35.61857
            ],
            [
              -78.4286,
              35.62999
            ],
            [
              -78.44275,
              35.6348
            ]
          ]
        ]
      },
      "properties": {
        "hex_id": "872ad682cffffff",
        "value": 8.2
      }
    },
    {
      "type": "Feature",
      "geometry": {
        "type": "Polygon",
        "coordinates": [
          [
            [
              -78.43157,
              35.65284
            ],
            [
              -78.44423,
              35.64623
            ],
            [
              -78.44275,
              35.6348
            ],
            [
              -78.4286,
              35.62999
            ],
            [
              -78.41594,
              35.6366
            ],
            [
              -78.41742,
              35.64803
            ],
            [
              -78.43157,
              35.65284
            ]
          ]
        ]
      },
      "properties": {
        "hex_id": "872ad6952ffffff",
        "value": 29.8
      }
    },
    {
      "type": "Feature",
      "geometry": {
        "type": "Polygon",
        "coordinates": [
          [
            [
              -78.42037,
              35.67089
            ],
            [
              -78.43305,
              35.66427
            ],
            [
              -78.43157,
              35.65284
            ],
            [
              -78.41742,
              35.64803
            ],
            [
              -78.40474,
              35.65464
            ],
            [
              -78.40622,
              35.66607
            ],
            [
              -78.42037,
              35.67089
            ]
          ]
        ]
      },
      "properties": {
        "hex_id": "872ad6956ffffff",
        "value": 52.0
      }
    },
    {
      "type": "Feature",
      "geometry": {
        "type": "Polygon",
        "coordinates": [
          [
            [
              -78.43602,
              35.68714
            ],
            [
              -78.44869,
              35.68052
            ],
            [
              -78.4472,
              35.66909
            ],
            [
              -78.43305,
              35.66427
            ],
            [
              -78.42037,
              35.67089
            ],
            [
              -78.42186,
              35.68232
            ],
            [
              -78.43602,
              35.68714
            ]
          ]
        ]
      },
      "properties": {
        "hex_id": "872ad690bffffff",
        "value": 76.1
      }
    },
    {
      "type": "Feature",
      "geometry": {
        "type": "Polygon",
        "coordinates": [
          [
            [
              -78.45167,
              35.70339
            ],
            [
              -78.46434,
              35.69677
            ],
            [
              -78.46285,
              35.68534
            ],
            [
              -78.44869,
              35.68052
            ],
            [
              -78.43602,
              35.68714
            ],
            [
              -78.4375,
              35.69858
            ],
            [
              -78.45167,
              35.70339
            ]
          ]
        ]
      },
      "properties": {
        "hex_id": "872ad690affffff",
        "value": 94.3
      }
    },
    {
      "type": "Feature",
      "geometry": {
        "type": "Polygon",
        "coordinates": [
          [
            [
              -78.46733,
              35.71965
            ],
            [
              -78.48001,
              35.71302
            ],
            [
              -78.47851,
              35.70159
            ],
            [
              -78.46434,
              35.69677
            ],
            [
              -78.45167,
              35.70339
            ],
            [
              -78.45316,
              35.71483
            ],
            [
              -78.46733,
              35.71965
            ]
          ]
        ]
      },
      "properties": {
        "hex_id": "872ad691dffffff",
        "value": 84.1
      }
    },
    {
      "type": "Feature",
      "geometry": {
        "type": "Polygon",
        "coordinates": [
          [
            [
              -78.49418,
              35.71784
            ],
            [
              -78.50686,
              35.71121
            ],
            [
              -78.50535,
              35.69977
            ],
            [
              -78.49118,
              35.69496
            ],
            [
              -78.47851,
              35.70159
            ],
            [
              -78.48001,
              35.71302
            ],
            [
              -78.49418,
              35.71784
            ]
          ]
        ]
      },
      "properties": {
        "hex_id": "872ad6918ffffff",
        "value": 53.3
      }
    },
    {
      "type": "Feature",
      "geometry": {
        "type": "Polygon",
        "coordinates": [
          [
            [
              -78.52103,
              35.71602
            ],
            [
              -78.5337,
              35.70939
            ],
            [
              -78.5322,
              35.69795
            ],
            [
              -78.51802,
              35.69315
            ],
            [
              -78.50535,
              35.69977
            ],
            [
              -78.50686,
              35.71121
            ],
            [
              -78.52103,
              35.71602
            ]
          ]
        ]
      },
      "properties": {
        "hex_id": "872ad691affffff",
        "value": 17.7
      }
    },
    {
      "type": "Feature",
      "geometry": {
        "type": "Polygon",
        "coordinates": [
          [
            [
              -78.5322,
              35.69795
            ],
            [
              -78.54486,
              35.69133
            ],
            [
              -78.54335,
              35.67989
            ],
            [
              -78.52918,
              35.67509
            ],
            [
              -78.51652,
              35.68171
            ],
            [
              -78.51802,
              35.69315
            ],
            [
              -78.5322,
              35.69795
            ]
          ]
        ]
      },
      "properties": {
        "hex_id": "872ad6834ffffff",
        "value": 10.5
      }
    },
    {
      "type": "Feature",
      "geometry": {
        "type": "Polygon",
        "coordinates": [
          [
            [
              -78.54335,
              35.67989
            ],
            [
              -78.55601,
              35.67326
            ],
            [
              -78.5545,
              35.66183
            ],
            [
              -78.54033,
              35.65703
            ],
            [
              -78.52768,
              35.66366
            ],
            [
              -78.52918,
              35.67509
            ],
            [
              -78.54335,
              35.67989
            ]
          ]
        ]
      },
      "properties": {
        "hex_id": "872ad6830ffffff",
        "value": 30.3
      }
    },
    {
      "type": "Feature",
      "geometry": {
        "type": "Polygon",
        "coordinates": [
          [
            [
              -78.5545,
              35.66183
            ],
            [
              -78.56715,
              35.65521
            ],
            [
              -78.56563,
              35.64378
            ],
            [
              -78.55147,
              35.63898
            ],
            [
              -78.53882,
              35.6456
            ],
            [
              -78.54033,
              35.65703
            ],
            [
              -78.5545,
              35.66183
            ]
          ]
        ]
      },
      "properties": {
        "hex_id": "872ad6833ffffff",
        "value": 60.6
      }
    },
    {
      "type": "Feature",
      "geometry": {
        "type": "Polygon",
        "coordinates": [
          [
            [
              -78.53882,
              35.6456
            ],
            [
              -78.55147,
              35.63898
            ],
            [
              -78.54996,
              35.62756
            ],
            [
              -78.53581,
              35.62276
            ],
            [
              -78.52316,
              35.62938
            ],
            [
              -78.52467,
              35.6408
            ],
            [
              -78.53882,
              35.6456
            ]
          ]
        ]
      },
      "properties": {
        "hex_id": "872ad6806ffffff",
        "value": 85.6
      }
    },
    {
      "type": "Feature",
      "geometry": {
        "type": "Polygon",
        "coordinates": [
          [
            [
              -78.52316,
              35.62938
            ],
            [
              -78.53581,
              35.62276
            ],
            [
              -78.53431,
              35.61134
            ],
            [
              -78.52016,
              35.60654
            ],
            [
              -78.50751,
              35.61315
            ],
            [
              -78.50901,
              35.62457
            ],
            [
              -78.52316,
              35.62938
            ]
          ]
        ]
      },
      "properties": {
        "hex_id": "872ad6800ffffff",
        "value": 86.2
      }
    },
    {
      "type": "Feature",
      "geometry": {
        "type": "Polygon",
        "coordinates": [
          [
            [
              -78.50751,
              35.61315
            ],
            [
              -78.52016,
              35.60654
            ],
            [
              -78.51866,
              35.59512
            ],
            [
              -78.50452,
              35.59032
            ],
            [
              -78.49187,
              35.59693
            ],
            [
              -78.49337,
              35.60835
            ],
            [
              -78.50751,
              35.61315
            ]
          ]
        ]
      },
      "properties": {
        "hex_id": "872ad6801ffffff",
        "value": 63.6
      }
    },
    {
      "type": "Feature",
      "geometry": {
        "type": "Polygon",
        "coordinates": [
          [
            [
              -78.48072,
              35.61496
            ],
            [
              -78.49337,
              35.60835
            ],
            [
              -78.49187,
              35.59693
            ],
            [
              -78.47773,
              35.59213
            ],
            [
              -78.46509,
              35.59874
            ],
            [
              -78.46657,
              35.61016
            ],
            [
              -78.48072,
              35.61496
            ]
          ]
        ]
      },
      "properties": {
        "hex_id": "872ad682affffff",
        "value": 30.2
      }
    },
    {
      "type": "Feature",
      "geometry": {
        "type": "Polygon",
        "coordinates": [
          [
            [
              -78.45392,
              35.61677
            ],
            [
              -78.46657,
              35.61016
            ],
            [
              -78.46509,
              35.59874
            ],
            [
              -78.45095,
              35.59393
            ],
            [
              -78.4383,
              35.60054
            ],
            [
              -78.43978,
              35.61196
            ],
            [
              -78.45392,
              35.61677
            ]
          ]
        ]
      },
      "properties": {
        "hex_id": "872ad6828ffffff",
        "value": 10.6
      }
    },
    {
      "type": "Feature",
      "geometry": {
        "type": "Polygon",
        "coordinates": [
          [
            [
              -78.42712,
              35.61857
            ],
            [
              -78.43978,
              35.61196
            ],
            [
              -78.4383,
              35.60054
            ],
            [
              -78.42416,
              35.59573
            ],
            [
              -78.41151,
              35.60233
            ],
            [
              -78.41298,
              35.61375
            ],
            [
              -78.42712,
              35.61857
            ]
          ]
        ]
      },
      "properties": {
        "hex_id": "872ad682dffffff",
        "value": 23.1
      }
    },
    {
      "type": "Feature",
      "geometry": {
        "type": "Polygon",
        "coordinates": [
          [
            [
              -78.41594,
              35.6366
            ],
            [
              -78.4286,
              35.62999
            ],
            [
              -78.42712,
              35.61857
            ],
            [
              -78.41298,
              35.61375
            ],
            [
              -78.40032,
              35.62036
            ],
            [
              -78.40179,
              35.63178
            ],
            [
              -78.41594,
              35.6366
            ]
          ]
        ]
      },
      "properties": {
        "hex_id": "872ad6953ffffff",
        "value": 36.3
      }
    },
    {
      "type": "Feature",
      "geometry": {
        "type": "Polygon",
        "coordinates": [
          [
            [
              -78.40474,
              35.65464
            ],
            [
              -78.41742,
              35.64803
            ],
            [
              -78.41594,
              35.6366
            ],
            [
              -78.40179,
              35.63178
            ],
            [
              -78.38912,
              35.63839
            ],
            [
              -78.3906,
              35.64982
            ],
            [
              -78.40474,
              35.65464
            ]
          ]
        ]
      },
      "properties": {
        "hex_id": "872ad6950ffffff",
        "value": 51.6
      }
    },
    {
      "type": "Feature",
      "geometry": {
        "type": "Polygon",
        "coordinates": [
          [
            [
              -78.39354,
              35.67268
            ],
            [
              -78.40622,
              35.66607
            ],
            [
              -78.40474,
              35.65464
            ],
            [
              -78.3906,
              35.64982
            ],
            [
              -78.37792,
              35.65643
            ],
            [
              -78.37939,
              35.66786
            ],
            [
              -78.39354,
              35.67268
            ]
          ]
        ]
      },
      "properties": {
        "hex_id": "872ad6954ffffff",
        "value": 46.7
      }
    },
    {
      "type": "Feature",
      "geometry": {
        "type": "Polygon",
        "coordinates": [
          [
            [
              -78.40918,
              35.68894
            ],
            [
              -78.42186,
              35.68232
            ],
            [
              -78.42037,
              35.67089
            ],
            [
              -78.40622,
              35.66607
            ],
            [
              -78.39354,
              35.67268
            ],
            [
              -78.39502,
              35.68411
            ],
            [
              -78.40918,
              35.68894
            ]
          ]
        ]
      },
      "properties": {
        "hex_id": "872ad6909ffffff",
        "value": 52.9
      }
    },
    {
      "type": "Feature",
      "geometry": {
        "type": "Polygon",
        "coordinates": [
          [
            [
              -78.42482,
              35.70519
            ],
            [
              -78.4375,
              35.69858
            ],
            [
              -78.43602,
              35.68714
            ],
            [
              -78.42186,
              35.68232
            ],
            [
              -78.40918,
              35.68894
            ],
            [
              -78.41065,
              35.70037
            ],
            [
              -78.42482,
              35.70519
            ]
          ]
        ]
      },
      "properties": {
        "hex_id": "872ad6908ffffff",
        "value": 76.6
      }
    },
    {
      "type": "Feature",
      "geometry": {
        "type": "Polygon",
        "coordinates": [
          [
            [
              -78.44047,
              35.72145
            ],
            [
              -78.45316,
              35.71483
            ],
            [
              -78.45167,
              35.70339
            ],
            [
              -78.4375,
              35.69858
            ],
            [
              -78.42482,
              35.70519
            ],
            [
              -78.4263,
              35.71663
            ],
            [
              -78.44047,
              35.72145
            ]
          ]
        ]
      },
      "properties": {
        "hex_id": "872ad690effffff",
        "value": 85.6
      }
    },
    {
      "type": "Feature",
      "geometry": {
        "type": "Polygon",
        "coordinates": [
          [
            [
              -78.45614,
              35.73772
            ],
            [
              -78.46882,
              35.73109
            ],
            [
              -78.46733,
              35.71965
            ],
            [
              -78.45316,
              35.71483
            ],
            [
              -78.44047,
              35.72145
            ],
            [
              -78.44196,
              35.7329
            ],
            [
              -78.45614,
              35.73772
            ]
          ]
        ]
      },
      "properties": {
        "hex_id": "872ad6903ffffff",
        "value": 66.2
      }
    },
    {
      "type": "Feature",
      "geometry": {
        "type": "Polygon",
        "coordinates": [
          [
            [
              -78.483,
              35.73591
            ],
            [
              -78.49568,
              35.72928
            ],
            [
              -78.49418,
              35.71784
            ],
            [
              -78.48001,
              35.71302
            ],
            [
              -78.46733,
              35.71965
            ],
            [
              -78.46882,
              35.73109
            ],
            [
              -78.483,
              35.73591
            ]
          ]
        ]
      },
      "properties": {
        "hex_id": "872ad691cffffff",
        "value": 58.8
      }
    },
    {
      "type": "Feature",
      "geometry": {
        "type": "Polygon",
        "coordinates": [
          [
            [
              -78.50986,
              35.73409
            ],
            [
              -78.52254,
              35.72746
            ],
            [
              -78.52103,
              35.71602
            ],
            [
              -78.50686,
              35.71121
            ],
            [
              -78.49418,
              35.71784
            ],
            [
              -78.49568,
              35.72928
            ],
            [
              -78.50986,
              35.73409
            ]
          ]
        ]
      },
      "properties": {
        "hex_id": "872ad691effffff",
        "value": 39.9
      }
    },
    {
      "type": "Feature",
      "geometry": {
        "type": "Polygon",
        "coordinates": [
          [
            [
              -78.53672,
              35.73227
            ],
            [
              -78.54939,
              35.72564
            ],
            [
              -78.54788,
              35.7142
            ],
            [
              -78.5337,
              35.70939
            ],
            [
              -78.52103,
              35.71602
            ],
            [
              -78.52254,
              35.72746
            ],
            [
              -78.53672,
              35.73227
            ]
          ]
        ]
      },
      "properties": {
        "hex_id": "872ad69adffffff",
        "value": 25.2
      }
    },
    {
      "type": "Feature",
      "geometry": {
        "type": "Polygon",
        "coordinates": [
          [
            [
              -78.54788,
              35.7142
            ],
            [
              -78.56055,
              35.70757
            ],
            [
              -78.55903,
              35.69613
            ],
            [
              -78.54486,
              35.69133
            ],
            [
              -78.5322,
              35.69795
            ],
            [
              -78.5337,
              35.70939
            ],
            [
              -78.54788,
              35.7142
            ]
          ]
        ]
      },
      "properties": {
        "hex_id": "872ad69a9ffffff",
        "value": 7.6
      }
    },
    {
      "type": "Feature",
      "geometry": {
        "type": "Polygon",
        "coordinates": [
          [
            [
              -78.55903,
              35.69613
            ],
            [
              -78.57169,
              35.6895
            ],
            [
              -78.57018,
              35.67807
            ],
            [
              -78.55601,
              35.67326
            ],
            [
              -78.54335,
              35.67989
            ],
            [
              -78.54486,
              35.69133
            ],
            [
              -78.55903,
              35.69613
            ]
          ]
        ]
      },
      "properties": {
        "hex_id": "872ad6836ffffff",
        "value": 17.3
      }
    },
    {
      "type": "Feature",
      "geometry": {
        "type": "Polygon",
        "coordinates": [
          [
            [
              -78.57018,
              35.67807
            ],
            [
              -78.58283,
              35.67143
            ],
            [
              -78.58131,
              35.66001
            ],
            [
              -78.56715,
              35.65521
            ],
            [
              -78.5545,
              35.66183
            ],
            [
              -78.55601,
              35.67326
            ],
            [
              -78.57018,
              35.67807
            ]
          ]
        ]
      },
      "properties": {
        "hex_id": "872ad6832ffffff",
        "value": 41.1
      }
    },
    {
      "type": "Feature",
      "geometry": {
        "type": "Polygon",
        "coordinates": [
          [
            [
              -78.58131,
              35.66001
            ],
            [
              -78.59396,
              35.65338
            ],
            [
              -78.59244,
              35.64195
            ],
            [
              -78.57828,
              35.63715
            ],
            [
              -78.56563,
              35.64378
            ],
            [
              -78.56715,
              35.65521
            ],
            [
              -78.58131,
              35.66001
            ]
          ]
        ]
      },
      "properties": {
        "hex_id": "872ad6814ffffff",
        "value": 52.6
      }
    },
    {
      "type": "Feature",
      "geometry": {
        "type": "Polygon",
        "coordinates": [
          [
            [
              -78.56563,
              35.64378
            ],
            [
              -78.57828,
              35.63715
            ],
            [
              -78.57676,
              35.62573
            ],
            [
              -78.56261,
              35.62093
            ],
            [
              -78.54996,
              35.62756
            ],
            [
              -78.55147,
              35.63898
            ],
            [
              -78.56563,
              35.64378
            ]
          ]
        ]
      },
      "properties": {
        "hex_id": "872ad6815ffffff",
        "value": 74.8
      }
    },
    {
      "type": "Feature",
      "geometry": {
        "type": "Polygon",
        "coordinates": [
          [
            [
              -78.54996,
              35.62756
            ],
            [
              -78.56261,
              35.62093
            ],
            [
              -78.5611,
              35.60951
            ],
            [
              -78.54695,
              35.60472
            ],
            [
              -78.53431,
              35.61134
            ],
            [
              -78.53581,
              35.62276
            ],
            [
              -78.54996,
              35.62756
            ]
          ]
        ]
      },
      "properties": {
        "hex_id": "872ad6802ffffff",
        "value": 92.9
      }
    },
    {
      "type": "Feature",
      "geometry": {
        "type": "Polygon",
        "coordinates": [
          [
            [
              -78.53431,
              35.61134
            ],
            [
              -78.54695,
              35.60472
            ],
            [
              -78.54544,
              35.5933
            ],
            [
              -78.5313,
              35.5885
            ],
            [
              -78.51866,
              35.59512
            ],
            [
              -78.52016,
              35.60654
            ],
            [
              -78.53431,
              35.61134
            ]
          ]
        ]
      },
      "properties": {
        "hex_id": "872ad6803ffffff",
        "value": 82.9
      }
    },
    {
      "type": "Feature",
      "geometry": {
        "type": "Polygon",
        "coordinates": [
          [
            [
              -78.51866,
              35.59512
            ],
            [
              -78.5313,
              35.5885
            ],
            [
              -78.52979,
              35.57709
            ],
            [
              -78.51566,
              35.57229
            ],
            [
              -78.50302,
              35.5789
            ],
            [
              -78.50452,
              35.59032
            ],
            [
              -78.51866,
              35.59512
            ]
          ]
        ]
      },
      "properties": {
        "hex_id": "872ad680effffff",
        "value": 56.5
      }
    },
    {
      "type": "Feature",
      "geometry": {
        "type": "Polygon",
        "coordinates": [
          [
            [
              -78.49187,
              35.59693
            ],
            [
              -78.50452,
              35.59032
            ],
            [
              -78.50302,
              35.5789
            ],
            [
              -78.48888,
              35.5741
            ],
            [
              -78.47624,
              35.58071
            ],
            [
              -78.47773,
              35.59213
            ],
            [
              -78.49187,
              35.59693
            ]
          ]
        ]
      },
      "properties": {
        "hex_id": "872ad680cffffff",
        "value": 48.0
      }
    },
    {
      "type": "Feature",
      "geometry": {
        "type": "Polygon",
        "coordinates": [
          [
            [
              -78.46509,
              35.59874
            ],
            [
              -78.47773,
              35.59213
            ],
            [
              -78.47624,
              35.58071
            ],
            [
              -78.46211,
              35.5759
            ],
            [
              -78.44946,
              35.58251
            ],
            [
              -78.45095,
              35.59393
            ],
            [
              -78.46509,
              35.59874
            ]
          ]
        ]
      },
      "properties": {
        "hex_id": "872ad682bffffff",
        "value": 36.2
      }
    },
    {
      "type": "Feature",
      "geometry": {
        "type": "Polygon",
        "coordinates": [
          [
            [
              -78.4383,
              35.60054
            ],
            [
              -78.45095,
              35.59393
            ],
            [
              -78.44946,
              35.58251
            ],
            [
              -78.43533,
              35.5777
            ],
            [
              -78.42268,
              35.58431
            ],
            [
              -78.42416,
              35.59573
            ],
            [
              -78.4383,
              35.60054
            ]
          ]
        ]
      },
      "properties": {
        "hex_id": "872ad6829ffffff",
        "value": 33.5
      }
    },
    {
      "type": "Feature",
      "geometry": {
        "type": "Polygon",
        "coordinates": [
          [
            [
              -78.41151,
              35.60233
            ],
            [
              -78.42416,
              35.59573
            ],
            [
              -78.42268,
              35.58431
            ],
            [
              -78.40855,
              35.5795
            ],
            [
              -78.3959,
              35.5861
            ],
            [
              -78.39737,
              35.59752
            ],
            [
              -78.41151,
              35.60233
            ]
          ]
        ]
      },
      "properties": {
        "hex_id": "872ad695affffff",
        "value": 46.4
      }
    },
    {
      "type": "Feature",
      "geometry": {
        "type": "Polygon",
        "coordinates": [
          [
            [
              -78.40032,
              35.62036
            ],
            [
              -78.41298,
              35.61375
            ],
            [
              -78.41151,
              35.60233
            ],
            [
              -78.39737,
              35.59752
            ],
            [
              -78.38471,
              35.60412
            ],
            [
              -78.38618,
              35.61554
            ],
            [
              -78.40032,
              35.62036
            ]
          ]
        ]
      },
      "properties": {
        "hex_id": "872ad695effffff",
        "value": 59.3
      }
    },
    {
      "type": "Feature",
      "geometry": {
        "type": "Polygon",
        "coordinates": [
          [
            [
              -78.38912,
              35.63839
            ],
            [
              -78.40179,
              35.63178
            ],
            [
              -78.40032,
              35.62036
            ],
            [
              -78.38618,
              35.61554
            ],
            [
              -78.37352,
              35.62215
            ],
            [
              -78.37498,
              35.63357
            ],
            [
              -78.38912,
              35.63839
            ]
          ]
        ]
      },
      "properties": {
        "hex_id": "872ad6951ffffff",
        "value": 74.2
      }
    },
    {
      "type": "Feature",
      "geometry": {
        "type": "Polygon",
        "coordinates": [
          [
            [
              -78.37792,
              35.65643
            ],
            [
              -78.3906,
              35.64982
            ],
            [
              -78.38912,
              35.63839
            ],
            [
              -78.37498,
              35.63357
            ],
            [
              -78.36231,
              35.64018
            ],
            [
              -78.36378,
              35.65161
            ],
            [
              -78.37792,
              35.65643
            ]
          ]
        ]
      },
      "properties": {
        "hex_id": "872ad6955ffffff",
        "value": 67.7
      }
    },
    {
      "type": "Feature",
      "geometry": {
        "type": "Polygon",
        "coordinates": [
          [
            [
              -78.36671,
              35.67447
            ],
            [
              -78.37939,
              35.66786
            ],
            [
              -78.37792,
              35.65643
            ],
            [
              -78.36378,
              35.65161
            ],
            [
              -78.3511,
              35.65821
            ],
            [
              -78.35256,
              35.66964
            ],
            [
              -78.36671,
              35.67447
            ]
          ]
        ]
      },
      "properties": {
        "hex_id": "872ad6973ffffff",
        "value": 39.5
      }
    },
    {
      "type": "Feature",
      "geometry": {
        "type": "Polygon",
        "coordinates": [
          [
            [
              -78.38233,
              35.69073
            ],
            [
              -78.39502,
              35.68411
            ],
            [
              -78.39354,
              35.67268
            ],
            [
              -78.37939,
              35.66786
            ],
            [
              -78.36671,
              35.67447
            ],
            [
              -78.36818,
              35.6859
            ],
            [
              -78.38233,
              35.69073
            ]
          ]
        ]
      },
      "properties": {
        "hex_id": "872ad6972ffffff",
        "value": 23.7
      }
    },
    {
      "type": "Feature",
      "geometry": {
        "type": "Polygon",
        "coordinates": [
          [
            [
              -78.39797,
              35.70699
            ],
            [
              -78.41065,
              35.70037
            ],
            [
              -78.40918,
              35.68894
            ],
            [
              -78.39502,
              35.68411
            ],
            [
              -78.38233,
              35.69073
            ],
            [
              -78.38381,
              35.70217
            ],
            [
              -78.39797,
              35.70699
            ]
          ]
        ]
      },
      "properties": {
        "hex_id": "872ad690dffffff",
        "value": 36.5
      }
    },
    {
      "type": "Feature",
      "geometry": {
        "type": "Polygon",
        "coordinates": [
          [
            [
              -78.41361,
              35.72325
            ],
            [
              -78.4263,
              35.71663
            ],
            [
              -78.42482,
              35.70519
            ],
            [
              -78.41065,
              35.70037
            ],
            [
              -78.39797,
              35.70699
            ],
            [
              -78.39945,
              35.71843
            ],
            [
              -78.41361,
              35.72325
            ]
          ]
        ]
      },
      "properties": {
        "hex_id": "872ad690cffffff",
        "value": 58.8
      }
    },
    {
      "type": "Feature",
      "geometry": {
        "type": "Polygon",
        "coordinates": [
          [
            [
              -78.42927,
              35.73952
            ],
            [
              -78.44196,
              35.7329
            ],
            [
              -78.44047,
              35.72145
            ],
            [
              -78.4263,
              35.71663
            ],
            [
              -78.41361,
              35.72325
            ],
            [
              -78.41509,
              35.7347
            ],
            [
              -78.42927,
              35.73952
            ]
          ]
        ]
      },
      "properties": {
        "hex_id": "872ad6901ffffff",
        "value": 59.5
      }
    },
    {
      "type": "Feature",
      "geometry": {
        "type": "Polygon",
        "coordinates": [
          [
            [
              -78.44494,
              35.75579
            ],
            [
              -78.45763,
              35.74916
            ],
            [
              -78.45614,
              35.73772
            ],
            [
              -78.44196,
              35.7329
            ],
            [
              -78.42927,
              35.73952
            ],
            [
              -78.43075,
              35.75096
            ],
            [
              -78.44494,
              35.75579
            ]
          ]
        ]
      },
      "properties": {
        "hex_id": "872ad6900ffffff",
        "value": 35.0
      }
    },
    {
      "type": "Feature",
      "geometry": {
        "type": "Polygon",
        "coordinates": [
          [
            [
              -78.47181,
              35.75398
            ],
            [
              -78.4845,
              35.74735
            ],
            [
              -78.483,
              35.73591
            ],
            [
              -78.46882,
              35.73109
            ],
            [
              -78.45614,
              35.73772
            ],
            [
              -78.45763,
              35.74916
            ],
            [
              -78.47181,
              35.75398
            ]
          ]
        ]
      },
      "properties": {
        "hex_id": "872ad6902ffffff",
        "value": 40.7
      }
    },
    {
      "type": "Feature",
      "geometry": {
        "type": "Polygon",
        "coordinates": [
          [
            [
              -78.49868,
              35.75217
            ],
            [
              -78.51136,
              35.74554
            ],
            [
              -78.50986,
              35.73409
            ],
            [
              -78.49568,
              35.72928
            ],
            [
              -78.483,
              35.73591
            ],
            [
              -78.4845,
              35.74735
            ],
            [
              -78.49868,
              35.75217
            ]
          ]
        ]
      },
      "properties": {
        "hex_id": "872ad6911ffffff",
        "value": 50.7
      }
    },
    {
      "type": "Feature",
      "geometry": {
        "type": "Polygon",
        "coordinates": [
          [
            [
              -78.52555,
              35.75035
            ],
            [
              -78.53823,
              35.74371
            ],
            [
              -78.53672,
              35.73227
            ],
            [
              -78.52254,
              35.72746
            ],
            [
              -78.50986,
              35.73409
            ],
            [
              -78.51136,
              35.74554
            ],
            [
              -78.52555,
              35.75035
            ]
          ]
        ]
      },
      "properties": {
        "hex_id": "872ad6913ffffff",
        "value": 55.0
      }
    },
    {
      "type": "Feature",
      "geometry": {
        "type": "Polygon",
        "coordinates": [
          [
            [
              -78.55242,
              35.74852
            ],
            [
              -78.56509,
              35.74189
            ],
            [
              -78.56358,
              35.73044
            ],
            [
              -78.54939,
              35.72564
            ],
            [
              -78.53672,
              35.73227
            ],
            [
              -78.53823,
              35.74371
            ],
            [
              -78.55242,
              35.74852
            ]
          ]
        ]
      },
      "properties": {
        "hex_id": "872ad69acffffff",
        "value": 52.4
      }
    },
    {
      "type": "Feature",
      "geometry": {
        "type": "Polygon",
        "coordinates": [
          [
            [
              -78.56358,
              35.73044
            ],
            [
              -78.57625,
              35.72381
            ],
            [
              -78.57473,
              35.71237
            ],
            [
              -78.56055,
              35.70757
            ],
            [
              -78.54788,
              35.7142
            ],
            [
              -78.54939,
              35.72564
            ],
            [
              -78.56358,
              35.73044
            ]
          ]
        ]
      },
      "properties": {
        "hex_id": "872ad69a8ffffff",
        "value": 30.2
      }
    },
    {
      "type": "Feature",
      "geometry": {
        "type": "Polygon",
        "coordinates": [
          [
            [
              -78.57473,
              35.71237
            ],
            [
              -78.58739,
              35.70573
            ],
            [
              -78.58587,
              35.6943
            ],
            [
              -78.57169,
              35.6895
            ],
            [
              -78.55903,
              35.69613
            ],
            [
              -78.56055,
              35.70757
            ],
            [
              -78.57473,
              35.71237
            ]
          ]
        ]
      },
      "properties": {
        "hex_id": "872ad69abffffff",
        "value": 32.7
      }
    },
    {
      "type": "Feature",
      "geometry": {
        "type": "Polygon",
        "coordinates": [
          [
            [
              -78.58587,
              35.6943
            ],
            [
              -78.59853,
              35.68766
            ],
            [
              -78.597,
              35.67623
            ],
            [
              -78.58283,
              35.67143
            ],
            [
              -78.57018,
              35.67807
            ],
            [
              -78.57169,
              35.6895
            ],
            [
              -78.58587,
              35.6943
            ]
          ]
        ]
      },
      "properties": {
        "hex_id": "872ad698dffffff",
        "value": 49.5
      }
    },
    {
      "type": "Feature",
      "geometry": {
        "type": "Polygon",
        "coordinates": [
          [
            [
              -78.597,
              35.67623
            ],
            [
              -78.60965,
              35.6696
            ],
            [
              -78.60813,
              35.65817
            ],
            [
              -78.59396,
              35.65338
            ],
            [
              -78.58131,
              35.66001
            ],
            [
              -78.58283,
              35.67143
            ],
            [
              -78.597,
              35.67623
            ]
          ]
        ]
      },
      "properties": {
        "hex_id": "872ad6989ffffff",
        "value": 55.0
      }
    },
    {
      "type": "Feature",
      "geometry": {
        "type": "Polygon",
        "coordinates": [
          [
            [
              -78.60813,
              35.65817
            ],
            [
              -78.62077,
              35.65154
            ],
            [
              -78.61924,
              35.64011
            ],
            [
              -78.60508,
              35.63532
            ],
            [
              -78.59244,
              35.64195
            ],
            [
              -78.59396,
              35.65338
            ],
            [
              -78.60813,
              35.65817
            ]
          ]
        ]
      },
      "properties": {
        "hex_id": "872ad6816ffffff",
        "value": 37.5
      }
    },
    {
      "type": "Feature",
      "geometry": {
        "type": "Polygon",
        "coordinates": [
          [
            [
              -78.59244,
              35.64195
            ],
            [
              -78.60508,
              35.63532
            ],
            [
              -78.60356,
              35.6239
            ],
            [
              -78.5894,
              35.61911
            ],
            [
              -78.57676,
              35.62573
            ],
            [
              -78.57828,
              35.63715
            ],
            [
              -78.59244,
              35.64195
            ]
          ]
        ]
      },
      "properties": {
        "hex_id": "872ad6810ffffff",
        "value": 41.5
      }
    },
    {
      "type": "Feature",
      "geometry": {
        "type": "Polygon",
        "coordinates": [
          [
            [
              -78.57676,
              35.62573
            ],
            [
              -78.5894,
              35.61911
            ],
            [
              -78.58788,
              35.60769
            ],
            [
              -78.57373,
              35.60289
            ],
            [
              -78.5611,
              35.60951
            ],
            [
              -78.56261,
              35.62093
            ],
            [
              -78.57676,
              35.62573
            ]
          ]
        ]
      },
      "properties": {
        "hex_id": "872ad6811ffffff",
        "value": 64.5
      }
    },
    {
      "type": "Feature",
      "geometry": {
        "type": "Polygon",
        "coordinates": [
          [
            [
              -78.5611,
              35.60951
            ],
            [
              -78.57373,
              35.60289
            ],
            [
              -78.57222,
              35.59148
            ],
            [
              -78.55807,
              35.58668
            ],
            [
              -78.54544,
              35.5933
            ],
            [
              -78.54695,
              35.60472
            ],
            [
              -78.5611,
              35.60951
            ]
          ]
        ]
      },
      "properties": {
        "hex_id": "872ad681cffffff",
        "value": 74.4
      }
    },
    {
      "type": "Feature",
      "geometry": {
        "type": "Polygon",
        "coordinates": [
          [
            [
              -78.54544,
              35.5933
            ],
            [
              -78.55807,
              35.58668
            ],
            [
              -78.55656,
              35.57527
            ],
            [
              -78.54243,
              35.57047
            ],
            [
              -78.52979,
              35.57709
            ],
            [
              -78.5313,
              35.5885
            ],
            [
              -78.54544,
              35.5933
            ]
          ]
        ]
      },
      "properties": {
        "hex_id": "872ad681dffffff",
        "value": 55.9
      }
    },
    {
      "type": "Feature",
      "geometry": {
        "type": "Polygon",
        "coordinates": [
          [
            [
              -78.52979,
              35.57709
            ],
            [
              -78.54243,
              35.57047
            ],
            [
              -78.54092,
              35.55906
            ],
            [
              -78.52679,
              35.55426
            ],
            [
              -78.51416,
              35.56088
            ],
            [
              -78.51566,
              35.57229
            ],
            [
              -78.52979,
              35.57709
            ]
          ]
        ]
      },
      "properties": {
        "hex_id": "872ad680affffff",
        "value": 29.6
      }
    },
    {
      "type": "Feature",
      "geometry": {
        "type": "Polygon",
        "coordinates": [
          [
            [
              -78.50302,
              35.5789
            ],
            [
              -78.51566,
              35.57229
            ],
            [
              -78.51416,
              35.56088
            ],
            [
              -78.50003,
              35.55608
            ],
            [
              -78.48739,
              35.56269
            ],
            [
              -78.48888,
              35.5741
            ],
            [
              -78.50302,
              35.5789
            ]
          ]
        ]
      },
      "properties": {
        "hex_id": "872ad6808ffffff",
        "value": 45.6
      }
    },
    {
      "type": "Feature",
      "geometry": {
        "type": "Polygon",
        "coordinates": [
          [
            [
              -78.47624,
              35.58071
            ],
            [
              -78.48888,
              35.5741
            ],
            [
              -78.48739,
              35.56269
            ],
            [
              -78.47326,
              35.55788
            ],
            [
              -78.46062,
              35.56449
            ],
            [
              -78.46211,
              35.5759
            ],
            [
              -78.47624,
              35.58071
            ]
          ]
        ]
      },
      "properties": {
        "hex_id": "872ad680dffffff",
        "value": 60.6
      }
    },
    {
      "type": "Feature",
      "geometry": {
        "type": "Polygon",
        "coordinates": [
          [
            [
              -78.44946,
              35.58251
            ],
            [
              -78.46211,
              35.5759
            ],
            [
              -78.46062,
              35.56449
            ],
            [
              -78.4465,
              35.55968
            ],
            [
              -78.43385,
              35.56629
            ],
            [
              -78.43533,
              35.5777
            ],
            [
              -78.44946,
              35.58251
            ]
          ]
        ]
      },
      "properties": {
        "hex_id": "872ad6876ffffff",
        "value": 63.2
      }
    },
    {
      "type": "Feature",
      "geometry": {
        "type": "Polygon",
        "coordinates": [
          [
            [
              -78.42268,
              35.58431
            ],
            [
              -78.43533,
              35.5777
            ],
            [
              -78.43385,
              35.56629
            ],
            [
              -78.41973,
              35.56148
            ],
            [
              -78.40708,
              35.56808
            ],
            [
              -78.40855,
              35.5795
            ],
            [
              -78.42268,
              35.58431
            ]
          ]
        ]
      },
      "properties": {
        "hex_id": "872ad6874ffffff",
        "value": 55.4
      }
    },
    {
      "type": "Feature",
      "geometry": {
        "type": "Polygon",
        "coordinates": [
          [
            [
              -78.3959,
              35.5861
            ],
            [
              -78.40855,
              35.5795
            ],
            [
              -78.40708,
              35.56808
            ],
            [
              -78.39296,
              35.56327
            ],
            [
              -78.38031,
              35.56987
            ],
            [
              -78.38177,
              35.58128
            ],
            [
              -78.3959,
              35.5861
            ]
          ]
        ]
      },
      "properties": {
        "hex_id": "872ad695bffffff",
        "value": 47.5
      }
    },
    {
      "type": "Feature",
      "geometry": {
        "type": "Polygon",
        "coordinates": [
          [
            [
              -78.38471,
              35.60412
            ],
            [
              -78.39737,
              35.59752
            ],
            [
              -78.3959,
              35.5861
            ],
            [
              -78.38177,
              35.58128
            ],
            [
              -78.36911,
              35.58788
            ],
            [
              -78.37058,
              35.5993
            ],
            [
              -78.38471,
              35.60412
            ]
          ]
        ]
      },
      "properties": {
        "hex_id": "872ad6958ffffff",
        "value": 66.8
      }
    },
    {
      "type": "Feature",
      "geometry": {
        "type": "Polygon",
        "coordinates": [
          [
            [
              -78.37352,
              35.62215
            ],
            [
              -78.38618,
              35.61554
            ],
            [
              -78.38471,
              35.60412
            ],
            [
              -78.37058,
              35.5993
            ],
            [
              -78.35792,
              35.6059
            ],
            [
              -78.35938,
              35.61733
            ],
            [
              -78.37352,
              35.62215
            ]
          ]
        ]
      },
      "properties": {
        "hex_id": "872ad695cffffff",
        "value": 89.6
      }
    },
    {
      "type": "Feature",
      "geometry": {
        "type": "Polygon",
        "coordinates": [
          [
            [
              -78.36231,
              35.64018
            ],
            [
              -78.37498,
              35.63357
            ],
            [
              -78.37352,
              35.62215
            ],
            [
              -78.35938,
              35.61733
            ],
            [
              -78.34671,
              35.62393
            ],
            [
              -78.34817,
              35.63535
            ],
            [
              -78.36231,
              35.64018
            ]
          ]
        ]
      },
      "properties": {
        "hex_id": "872ad6942ffffff",
        "value": 90.7
      }
    },
    {
      "type": "Feature",
      "geometry": {
        "type": "Polygon",
        "coordinates": [
          [
            [
              -78.3511,
              35.65821
            ],
            [
              -78.36378,
              35.65161
            ],
            [
              -78.36231,
              35.64018
            ],
            [
              -78.34817,
              35.63535
            ],
            [
              -78.33549,
              35.64196
            ],
            [
              -78.33695,
              35.65338
            ],
            [
              -78.3511,
              35.65821
            ]
          ]
        ]
      },
      "properties": {
        "hex_id": "872ad6946ffffff",
        "value": 66.8
      }
    },
    {
      "type": "Feature",
      "geometry": {
        "type": "Polygon",
        "coordinates": [
          [
            [
              -78.33988,
              35.67625
            ],
            [
              -78.35256,
              35.66964
            ],
            [
              -78.3511,
              35.65821
            ],
            [
              -78.33695,
              35.65338
            ],
            [
              -78.32427,
              35.65999
            ],
            [
              -78.32573,
              35.67142
            ],
            [
              -78.33988,
              35.67625
            ]
          ]
        ]
      },
      "properties": {
        "hex_id": "872ad6971ffffff",
        "value": 40.1
      }
    },
    {
      "type": "Feature",
      "geometry": {
        "type": "Polygon",
        "coordinates": [
          [
            [
              -78.35549,
              35.69251
            ],
            [
              -78.36818,
              35.6859
            ],
            [
              -78.36671,
              35.67447
            ],
            [
              -78.35256,
              35.66964
            ],
            [
              -78.33988,
              35.67625
            ],
            [
              -78.34134,
              35.68768
            ],
            [
              -78.35549,
              35.69251
            ]
          ]
        ]
      },
      "properties": {
        "hex_id": "872ad6970ffffff",
        "value": 14.0
      }
    },
    {
      "type": "Feature",
      "geometry": {
        "type": "Polygon",
        "coordinates": [
          [
            [
              -78.37112,
              35.70878
            ],
            [
              -78.38381,
              35.70217
            ],
            [
              -78.38233,
              35.69073
            ],
            [
              -78.36818,
              35.6859
            ],
            [
              -78.35549,
              35.69251
            ],
            [
              -78.35696,
              35.70395
            ],
            [
              -78.37112,
              35.70878
            ]
          ]
        ]
      },
      "properties": {
        "hex_id": "872ad6976ffffff",
        "value": 7.4
      }
    },
    {
      "type": "Feature",
      "geometry": {
        "type": "Polygon",
        "coordinates": [
          [
            [
              -78.38675,
              35.72505
            ],
            [
              -78.39945,
              35.71843
            ],
            [
              -78.39797,
              35.70699
            ],
            [
              -78.38381,
              35.70217
            ],
            [
              -78.37112,
              35.70878
            ],
            [
              -78.37259,
              35.72022
            ],
            [
              -78.38675,
              35.72505
            ]
          ]
        ]
      },
      "properties": {
        "hex_id": "872ad692bffffff",
        "value": 27.7
      }
    },
    {
      "type": "Feature",
      "geometry": {
        "type": "Polygon",
        "coordinates": [
          [
            [
              -78.4024,
              35.74132
            ],
            [
              -78.41509,
              35.7347
            ],
            [
              -78.41361,
              35.72325
            ],
            [
              -78.39945,
              35.71843
            ],
            [
              -78.38675,
              35.72505
            ],
            [
              -78.38823,
              35.73649
            ],
            [
              -78.4024,
              35.74132
            ]
          ]
        ]
      },
      "properties": {
        "hex_id": "872ad692affffff",
        "value": 48.5
      }
    },
    {
      "type": "Feature",
      "geometry": {
        "type": "Polygon",
        "coordinates": [
          [
            [
              -78.41806,
              35.75759
            ],
            [
              -78.43075,
              35.75096
            ],
            [
              -78.42927,
              35.73952
            ],
            [
              -78.41509,
              35.7347
            ],
            [
              -78.4024,
              35.74132
            ],
            [
              -78.40388,
              35.75276
            ],
            [
              -78.41806,
              35.75759
            ]
          ]
        ]
      },
      "properties": {
        "hex_id": "872ad6905ffffff",
        "value": 42.9
      }
    },
    {
      "type": "Feature",
      "geometry": {
        "type": "Polygon",
        "coordinates": [
          [
            [
              -78.43373,
              35.77386
            ],
            [
              -78.44642,
              35.76724
            ],
            [
              -78.44494,
              35.75579
            ],
            [
              -78.43075,
              35.75096
            ],
            [
              -78.41806,
              35.75759
            ],
            [
              -78.41954,
              35.76904
            ],
            [
              -78.43373,
              35.77386
            ]
          ]
        ]
      },
      "properties": {
        "hex_id": "872ad6904ffffff",
        "value": 17.9
      }
    },
    {
      "type": "Feature",
      "geometry": {
        "type": "Polygon",
        "coordinates": [
          [
            [
              -78.46061,
              35.77206
            ],
            [
              -78.4733,
              35.76543
            ],
            [
              -78.47181,
              35.75398
            ],
            [
              -78.45763,
              35.74916
            ],
            [
              -78.44494,
              35.75579
            ],
            [
              -78.44642,
              35.76724
            ],
            [
              -78.46061,
              35.77206
            ]
          ]
        ]
      },
      "properties": {
        "hex_id": "872ad6906ffffff",
        "value": 14.0
      }
    },
    {
      "type": "Feature",
      "geometry": {
        "type": "Polygon",
        "coordinates": [
          [
            [
              -78.48749,
              35.77025
            ],
            [
              -78.50018,
              35.76361
            ],
            [
              -78.49868,
              35.75217
            ],
            [
              -78.4845,
              35.74735
            ],
            [
              -78.47181,
              35.75398
            ],
            [
              -78.4733,
              35.76543
            ],
            [
              -78.48749,
              35.77025
            ]
          ]
        ]
      },
      "properties": {
        "hex_id": "872ad6915ffffff",
        "value": 38.9
      }
    },
    {
      "type": "Feature",
      "geometry": {
        "type": "Polygon",
        "coordinates": [
          [
            [
              -78.51437,
              35.76843
            ],
            [
              -78.52706,
              35.76179
            ],
            [
              -78.52555,
              35.75035
            ],
            [
              -78.51136,
              35.74554
            ],
            [
              -78.49868,
              35.75217
            ],
            [
              -78.50018,
              35.76361
            ],
            [
              -78.51437,
              35.76843
            ]
          ]
        ]
      },
      "properties": {
        "hex_id": "872ad6910ffffff",
        "value": 69.9
      }
    },
    {
      "type": "Feature",
      "geometry": {
        "type": "Polygon",
        "coordinates": [
          [
            [
              -78.54125,
              35.76661
            ],
            [
              -78.55393,
              35.75997
            ],
            [
              -78.55242,
              35.74852
            ],
            [
              -78.53823,
              35.74371
            ],
            [
              -78.52555,
              35.75035
            ],
            [
              -78.52706,
              35.76179
            ],
            [
              -78.54125,
              35.76661
            ]
          ]
        ]
      },
      "properties": {
        "hex_id": "872ad6912ffffff",
        "value": 81.7
      }
    },
    {
      "type": "Feature",
      "geometry": {
        "type": "Polygon",
        "coordinates": [
          [
            [
              -78.56813,
              35.76478
            ],
            [
              -78.58081,
              35.75814
            ],
            [
              -78.57928,
              35.74669
            ],
            [
              -78.56509,
              35.74189
            ],
            [
              -78.55242,
              35.74852
            ],
            [
              -78.55393,
              35.75997
            ],
            [
              -78.56813,
              35.76478
            ]
          ]
        ]
      },
      "properties": {
        "hex_id": "872ad69a1ffffff",
        "value": 67.3
      }
    },
    {
      "type": "Feature",
      "geometry": {
        "type": "Polygon",
        "coordinates": [
          [
            [
              -78.57928,
              35.74669
            ],
            [
              -78.59196,
              35.74005
            ],
            [
              -78.59043,
              35.72861
            ],
            [
              -78.57625,
              35.72381
            ],
            [
              -78.56358,
              35.73044
            ],
            [
              -78.56509,
              35.74189
            ],
            [
              -78.57928,
              35.74669
            ]
          ]
        ]
      },
      "properties": {
        "hex_id": "872ad69aeffffff",
        "value": 49.8
      }
    },
    {
      "type": "Feature",
      "geometry": {
        "type": "Polygon",
        "coordinates": [
          [
            [
              -78.59043,
              35.72861
            ],
            [
              -78.6031,
              35.72197
            ],
            [
              -78.60157,
              35.71053
            ],
            [
              -78.58739,
              35.70573
            ],
            [
              -78.57473,
              35.71237
            ],
            [
              -78.57625,
              35.72381
            ],
            [
              -78.59043,
              35.72861
            ]
          ]
        ]
      },
      "properties": {
        "hex_id": "872ad69aaffffff",
        "value": 54.4
      }
    },
    {
      "type": "Feature",
      "geometry": {
        "type": "Polygon",
        "coordinates": [
          [
            [
              -78.60157,
              35.71053
            ],
            [
              -78.61423,
              35.7039
            ],
            [
              -78.6127,
              35.69246
            ],
            [
              -78.59853,
              35.68766
            ],
            [
              -78.58587,
              35.6943
            ],
            [
              -78.58739,
              35.70573
            ],
            [
              -78.60157,
              35.71053
            ]
          ]
        ]
      },
      "properties": {
        "hex_id": "872ad698cffffff",
        "value": 72.9
      }
    },
    {
      "type": "Feature",
      "geometry": {
        "type": "Polygon",
        "coordinates": [
          [
            [
              -78.6127,
              35.69246
            ],
            [
              -78.62535,
              35.68583
            ],
            [
              -78.62383,
              35.67439
            ],
            [
              -78.60965,
              35.6696
            ],
            [
              -78.597,
              35.67623
            ],
            [
              -78.59853,
              35.68766
            ],
            [
              -78.6127,
              35.69246
            ]
          ]
        ]
      },
      "properties": {
        "hex_id": "872ad6988ffffff",
        "value": 79.4
      }
    },
    {
      "type": "Feature",
      "geometry": {
        "type": "Polygon",
        "coordinates": [
          [
            [
              -78.62383,
              35.67439
            ],
            [
              -78.63647,
              35.66776
            ],
            [
              -78.63494,
              35.65633
            ],
            [
              -78.62077,
              35.65154
            ],
            [
              -78.60813,
              35.65817
            ],
            [
              -78.60965,
              35.6696
            ],
            [
              -78.62383,
              35.67439
            ]
          ]
        ]
      },
      "properties": {
        "hex_id": "872ad698bffffff",
        "value": 60.2
      }
    },
    {
      "type": "Feature",
      "geometry": {
        "type": "Polygon",
        "coordinates": [
          [
            [
              -78.63494,
              35.65633
            ],
            [
              -78.64758,
              35.6497
            ],
            [
              -78.64605,
              35.63827
            ],
            [
              -78.63188,
              35.63348
            ],
            [
              -78.61924,
              35.64011
            ],
            [
              -78.62077,
              35.65154
            ],
            [
              -78.63494,
              35.65633
            ]
          ]
        ]
      },
      "properties": {
        "hex_id": "872ad68a5ffffff",
        "value": 29.1
      }
    },
    {
      "type": "Feature",
      "geometry": {
        "type": "Polygon",
        "coordinates": [
          [
            [
              -78.61924,
              35.64011
            ],
            [
              -78.63188,
              35.63348
            ],
            [
              -78.63035,
              35.62206
            ],
            [
              -78.61619,
              35.61727
            ],
            [
              -78.60356,
              35.6239
            ],
            [
              -78.60508,
              35.63532
            ],
            [
              -78.61924,
              35.64011
            ]
          ]
        ]
      },
      "properties": {
        "hex_id": "872ad6812ffffff",
        "value": 12.7
      }
    },
    {
      "type": "Feature",
      "geometry": {
        "type": "Polygon",
        "coordinates": [
          [
            [
              -78.60356,
              35.6239
            ],
            [
              -78.61619,
              35.61727
            ],
            [
              -78.61467,
              35.60585
            ],
            [
              -78.60052,
              35.60106
            ],
            [
              -78.58788,
              35.60769
            ],
            [
              -78.5894,
              35.61911
            ],
            [
              -78.60356,
              35.6239
            ]
          ]
        ]
      },
      "properties": {
        "hex_id": "872ad6813ffffff",
        "value": 24.9
      }
    },
    {
      "type": "Feature",
      "geometry": {
        "type": "Polygon",
        "coordinates": [
          [
            [
              -78.58788,
              35.60769
            ],
            [
              -78.60052,
              35.60106
            ],
            [
              -78.599,
              35.58965
            ],
            [
              -78.58485,
              35.58485
            ],
            [
              -78.57222,
              35.59148
            ],
            [
              -78.57373,
              35.60289
            ],
            [
              -78.58788,
              35.60769
            ]
          ]
        ]
      },
      "properties": {
        "hex_id": "872ad681effffff",
        "value": 48.3
      }
    },
    {
      "type": "Feature",
      "geometry": {
        "type": "Polygon",
        "coordinates": [
          [
            [
              -78.57222,
              35.59148
            ],
            [
              -78.58485,
              35.58485
            ],
            [
              -78.58333,
              35.57344
            ],
            [
              -78.56919,
              35.56865
            ],
            [
              -78.55656,
              35.57527
            ],
            [
              -78.55807,
              35.58668
            ],
            [
              -78.57222,
              35.59148
            ]
          ]
        ]
      },
      "properties": {
        "hex_id": "872ad6818ffffff",
        "value": 51.3
      }
    },
    {
      "type": "Feature",
      "geometry": {
        "type": "Polygon",
        "coordinates": [
          [
            [
              -78.55656,
              35.57527
            ],
            [
              -78.56919,
              35.56865
            ],
            [
              -78.56768,
              35.55724
            ],
            [
              -78.55355,
              35.55245
            ],
            [
              -78.54092,
              35.55906
            ],
            [
              -78.54243,
              35.57047
            ],
            [
              -78.55656,
              35.57527
            ]
          ]
        ]
      },
      "properties": {
        "hex_id": "872ad6819ffffff",
        "value": 28.5
      }
    },
    {
      "type": "Feature",
      "geometry": {
        "type": "Polygon",
        "coordinates": [
          [
            [
              -78.54092,
              35.55906
            ],
            [
              -78.55355,
              35.55245
            ],
            [
              -78.55204,
              35.54104
            ],
            [
              -78.53791,
              35.53624
            ],
            [
              -78.52529,
              35.54286
            ],
            [
              -78.52679,
              35.55426
            ],
            [
              -78.54092,
              35.55906
            ]
          ]
        ]
      },
      "properties": {
        "hex_id": "872ad68e4ffffff",
        "value": 7.5
      }
    },
    {
      "type": "Feature",
      "geometry": {
        "type": "Polygon",
        "coordinates": [
          [
            [
              -78.51416,
              35.56088
            ],
            [
              -78.52679,
              35.55426
            ],
            [
              -78.52529,
              35.54286
            ],
            [
              -78.51116,
              35.53806
            ],
            [
              -78.49853,
              35.54467
            ],
            [
              -78.50003,
              35.55608
            ],
            [
              -78.51416,
              35.56088
            ]
          ]
        ]
      },
      "properties": {
        "hex_id": "872ad680bffffff",
        "value": 26.0
      }
    },
    {
      "type": "Feature",
      "geometry": {
        "type": "Polygon",
        "coordinates": [
          [
            [
              -78.48739,
              35.56269
            ],
            [
              -78.50003,
              35.55608
            ],
            [
              -78.49853,
              35.54467
            ],
            [
              -78.48441,
              35.53987
            ],
            [
              -78.47177,
              35.54647
            ],
            [
              -78.47326,
              35.55788
            ],
            [
              -78.48739,
              35.56269
            ]
          ]
        ]
      },
      "properties": {
        "hex_id": "872ad6809ffffff",
        "value": 62.4
      }
    },
    {
      "type": "Feature",
      "geometry": {
        "type": "Polygon",
        "coordinates": [
          [
            [
              -78.46062,
              35.56449
            ],
            [
              -78.47326,
              35.55788
            ],
            [
              -78.47177,
              35.54647
            ],
            [
              -78.45765,
              35.54167
            ],
            [
              -78.44501,
              35.54827
            ],
            [
              -78.4465,
              35.55968
            ],
            [
              -78.46062,
              35.56449
            ]
          ]
        ]
      },
      "properties": {
        "hex_id": "872ad6872ffffff",
        "value": 86.4
      }
    },
    {
      "type": "Feature",
      "geometry": {
        "type": "Polygon",
        "coordinates": [
          [
            [
              -78.43385,
              35.56629
            ],
            [
              -78.4465,
              35.55968
            ],
            [
              -78.44501,
              35.54827
            ],
            [
              -78.43089,
              35.54347
            ],
            [
              -78.41825,
              35.55007
            ],
            [
              -78.41973,
              35.56148
            ],
            [
              -78.43385,
              35.56629
            ]
          ]
        ]
      },
      "properties": {
        "hex_id": "872ad6870ffffff",
        "value": 79.7
      }
    },
    {
      "type": "Feature",
      "geometry": {
        "type": "Polygon",
        "coordinates": [
          [
            [
              -78.40708,
              35.56808
            ],
            [
              -78.41973,
              35.56148
            ],
            [
              -78.41825,
              35.55007
            ],
            [
              -78.40413,
              35.54526
            ],
            [
              -78.39149,
              35.55186
            ],
            [
              -78.39296,
              35.56327
            ],
            [
              -78.40708,
              35.56808
            ]
          ]
        ]
      },
      "properties": {
        "hex_id": "872ad6875ffffff",
        "value": 50.5
      }
    },
    {
      "type": "Feature",
      "geometry": {
        "type": "Polygon",
        "coordinates": [
          [
            [
              -78.38031,
              35.56987
            ],
            [
              -78.39296,
              35.56327
            ],
            [
              -78.39149,
              35.55186
            ],
            [
              -78.37737,
              35.54704
            ],
            [
              -78.36472,
              35.55364
            ],
            [
              -78.36618,
              35.56505
            ],
            [
              -78.38031,
              35.56987
            ]
          ]
        ]
      },
      "properties": {
        "hex_id": "872ad6866ffffff",
        "value": 24.2
      }
    },
    {
      "type": "Feature",
      "geometry": {
        "type": "Polygon",
        "coordinates": [
          [
            [
              -78.36911,
              35.58788
            ],
            [
              -78.38177,
              35.58128
            ],
            [
              -78.38031,
              35.56987
            ],
            [
              -78.36618,
              35.56505
            ],
            [
              -78.35353,
              35.57165
            ],
            [
              -78.35499,
              35.58307
            ],
            [
              -78.36911,
              35.58788
            ]
          ]
        ]
      },
      "properties": {
        "hex_id": "872ad6959ffffff",
        "value": 46.4
      }
    },
    {
      "type": "Feature",
      "geometry": {
        "type": "Polygon",
        "coordinates": [
          [
            [
              -78.35792,
              35.6059
            ],
            [
              -78.37058,
              35.5993
            ],
            [
              -78.36911,
              35.58788
            ],
            [
              -78.35499,
              35.58307
            ],
            [
              -78.34233,
              35.58966
            ],
            [
              -78.34379,
              35.60108
            ],
            [
              -78.35792,
              35.6059
            ]
          ]
        ]
      },
      "properties": {
        "hex_id": "872ad695dffffff",
        "value": 76.6
      }
    },
    {
      "type": "Feature",
      "geometry": {
        "type": "Polygon",
        "coordinates": [
          [
            [
              -78.34671,
              35.62393
            ],
            [
              -78.35938,
              35.61733
            ],
            [
              -78.35792,
              35.6059
            ],
            [
              -78.34379,
              35.60108
            ],
            [
              -78.33112,
              35.60768
            ],
            [
              -78.33258,
              35.6191
            ],
            [
              -78.34671,
              35.62393
            ]
          ]
        ]
      },
      "properties": {
        "hex_id": "872ad6943ffffff",
        "value": 88.0
      }
    },
    {
      "type": "Feature",
      "geometry": {
        "type": "Polygon",
        "coordinates": [
          [
            [
              -78.33549,
              35.64196
            ],
            [
              -78.34817,
              35.63535
            ],
            [
              -78.34671,
              35.62393
            ],
            [
              -78.33258,
              35.6191
            ],
            [
              -78.3199,
              35.6257
            ],
            [
              -78.32136,
              35.63713
            ],
            [
              -78.33549,
              35.64196
            ]
          ]
        ]
      },
      "properties": {
        "hex_id": "872ad6940ffffff",
        "value": 73.8
      }
    },
    {
      "type": "Feature",
      "geometry": {
        "type": "Polygon",
        "coordinates": [
          [
            [
              -78.32427,
              35.65999
            ],
            [
              -78.33695,
              35.65338
            ],
            [
              -78.33549,
              35.64196
            ],
            [
              -78.32136,
              35.63713
            ],
            [
              -78.30868,
              35.64373
            ],
            [
              -78.31013,
              35.65516
            ],
            [
              -78.32427,
              35.65999
            ]
          ]
        ]
      },
      "properties": {
        "hex_id": "872ad6944ffffff",
        "value": 53.8
      }
    },
    {
      "type": "Feature",
      "geometry": {
        "type": "Polygon",
        "coordinates": [
          [
            [
              -78.31304,
              35.67803
            ],
            [
              -78.32573,
              35.67142
            ],
            [
              -78.32427,
              35.65999
            ],
            [
              -78.31013,
              35.65516
            ],
            [
              -78.29744,
              35.66176
            ],
            [
              -78.29889,
              35.67319
            ],
            [
              -78.31304,
              35.67803
            ]
          ]
        ]
      },
      "properties": {
        "hex_id": "872ad6962ffffff",
        "value": 52.2
      }
    },
    {
      "type": "Feature",
      "geometry": {
        "type": "Polygon",
        "coordinates": [
          [
            [
              -78.32865,
              35.69429
            ],
            [
              -78.34134,
              35.68768
            ],
            [
              -78.33988,
              35.67625
            ],
            [
              -78.32573,
              35.67142
            ],
            [
              -78.31304,
              35.67803
            ],
            [
              -78.31449,
              35.68946
            ],
            [
              -78.32865,
              35.69429
            ]
          ]
        ]
      },
      "properties": {
        "hex_id": "872ad6975ffffff",
        "value": 34.5
      }
    },
    {
      "type": "Feature",
      "geometry": {
        "type": "Polygon",
        "coordinates": [
          [
            [
              -78.34426,
              35.71056
            ],
            [
              -78.35696,
              35.70395
            ],
            [
              -78.35549,
              35.69251
            ],
            [
              -78.34134,
              35.68768
            ],
            [
              -78.32865,
              35.69429
            ],
            [
              -78.33011,
              35.70573
            ],
            [
              -78.34426,
              35.71056
            ]
          ]
        ]
      },
      "properties": {
        "hex_id": "872ad6974ffffff",
        "value": 13.4
      }
    },
    {
      "type": "Feature",
      "geometry": {
        "type": "Polygon",
        "coordinates": [
          [
            [
              -78.35989,
              35.72683
            ],
            [
              -78.37259,
              35.72022
            ],
            [
              -78.37112,
              35.70878
            ],
            [
              -78.35696,
              35.70395
            ],
            [
              -78.34426,
              35.71056
            ],
            [
              -78.34573,
              35.722
            ],
            [
              -78.35989,
              35.72683
            ]
          ]
        ]
      },
      "properties": {
        "hex_id": "872ad6929ffffff",
        "value": 17.5
      }
    },
    {
      "type": "Feature",
      "geometry": {
        "type": "Polygon",
        "coordinates": [
          [
            [
              -78.37553,
              35.74311
            ],
            [
              -78.38823,
              35.73649
            ],
            [
              -78.38675,
              35.72505
            ],
            [
              -78.37259,
              35.72022
            ],
            [
              -78.35989,
              35.72683
            ],
            [
              -78.36136,
              35.73828
            ],
            [
              -78.37553,
              35.74311
            ]
          ]
        ]
      },
      "properties": {
        "hex_id": "872ad6928ffffff",
        "value": 43.7
      }
    },
    {
      "type": "Feature",
      "geometry": {
        "type": "Polygon",
        "coordinates": [
          [
            [
              -78.39118,
              35.75938
            ],
            [
              -78.40388,
              35.75276
            ],
            [
              -78.4024,
              35.74132
            ],
            [
              -78.38823,
              35.73649
            ],
            [
              -78.37553,
              35.74311
            ],
            [
              -78.377,
              35.75455
            ],
            [
              -78.39118,
              35.75938
            ]
          ]
        ]
      },
      "properties": {
        "hex_id": "872ad692effffff",
        "value": 61.0
      }
    },
    {
      "type": "Feature",
      "geometry": {
        "type": "Polygon",
        "coordinates": [
          [
            [
              -78.40684,
              35.77566
            ],
            [
              -78.41954,
              35.76904
            ],
            [
              -78.41806,
              35.75759
            ],
            [
              -78.40388,
              35.75276
            ],
            [
              -78.39118,
              35.75938
            ],
            [
              -78.39266,
              35.77083
            ],
            [
              -78.40684,
              35.77566
            ]
          ]
        ]
      },
      "properties": {
        "hex_id": "872ad6923ffffff",
        "value": 49.7
      }
    },
    {
      "type": "Feature",
      "geometry": {
        "type": "Polygon",
        "coordinates": [
          [
            [
              -78.42251,
              35.79194
            ],
            [
              -78.43521,
              35.78531
            ],
            [
              -78.43373,
              35.77386
            ],
            [
              -78.41954,
              35.76904
            ],
            [
              -78.40684,
              35.77566
            ],
            [
              -78.40832,
              35.78711
            ],
            [
              -78.42251,
              35.79194
            ]
          ]
        ]
      },
      "properties": {
        "hex_id": "872ad6922ffffff",
        "value": 26.9
      }
    },
    {
      "type": "Feature",
      "geometry": {
        "type": "Polygon",
        "coordinates": [
          [
            [
              -78.4494,
              35.79014
            ],
            [
              -78.4621,
              35.78351
            ],
            [
              -78.46061,
              35.77206
            ],
            [
              -78.44642,
              35.76724
            ],
            [
              -78.43373,
              35.77386
            ],
            [
              -78.43521,
              35.78531
            ],
            [
              -78.4494,
              35.79014
            ]
          ]
        ]
      },
      "properties": {
        "hex_id": "872ad6931ffffff",
        "value": 5.6
      }
    },
    {
      "type": "Feature",
      "geometry": {
        "type": "Polygon",
        "coordinates": [
          [
            [
              -78.4763,
              35.78833
            ],
            [
              -78.48899,
              35.7817
            ],
            [
              -78.48749,
              35.77025
            ],
            [
              -78.4733,
              35.76543
            ],
            [
              -78.46061,
              35.77206
            ],
            [
              -78.4621,
              35.78351
            ],
            [
              -78.4763,
              35.78833
            ]
          ]
        ]
      },
      "properties": {
        "hex_id": "872ad6933ffffff",
        "value": 20.9
      }
    },
    {
      "type": "Feature",
      "geometry": {
        "type": "Polygon",
        "coordinates": [
          [
            [
              -78.50319,
              35.78651
            ],
            [
              -78.51588,
              35.77988
            ],
            [
              -78.51437,
              35.76843
            ],
            [
              -78.50018,
              35.76361
            ],
            [
              -78.48749,
              35.77025
            ],
            [
              -78.48899,
              35.7817
            ],
            [
              -78.50319,
              35.78651
            ]
          ]
        ]
      },
      "properties": {
        "hex_id": "872ad6914ffffff",
        "value": 60.5
      }
    },
    {
      "type": "Feature",
      "geometry": {
        "type": "Polygon",
        "coordinates": [
          [
            [
              -78.53008,
              35.78469
            ],
            [
              -78.54276,
              35.77805
            ],
            [
              -78.54125,
              35.76661
            ],
            [
              -78.52706,
              35.76179
            ],
            [
              -78.51437,
              35.76843
            ],
            [
              -78.51588,
              35.77988
            ],
            [
              -78.53008,
              35.78469
            ]
          ]
        ]
      },
      "properties": {
        "hex_id": "872ad6916ffffff",
        "value": 91.5
      }
    },
    {
      "type": "Feature",
      "geometry": {
        "type": "Polygon",
        "coordinates": [
          [
            [
              -78.55696,
              35.78287
            ],
            [
              -78.56965,
              35.77622
            ],
            [
              -78.56813,
              35.76478
            ],
            [
              -78.55393,
              35.75997
            ],
            [
              -78.54125,
              35.76661
            ],
            [
              -78.54276,
              35.77805
            ],
            [
              -78.55696,
              35.78287
            ]
          ]
        ]
      },
      "properties": {
        "hex_id": "872ad69a5ffffff",
        "value": 88.1
      }
    },
    {
      "type": "Feature",
      "geometry": {
        "type": "Polygon",
        "coordinates": [
          [
            [
              -78.58385,
              35.78103
            ],
            [
              -78.59653,
              35.77439
            ],
            [
              -78.595,
              35.76294
            ],
            [
              -78.58081,
              35.75814
            ],
            [
              -78.56813,
              35.76478
            ],
            [
              -78.56965,
              35.77622
            ],
            [
              -78.58385,
              35.78103
            ]
          ]
        ]
      },
      "properties": {
        "hex_id": "872ad69a0ffffff",
        "value": 53.6
      }
    },
    {
      "type": "Feature",
      "geometry": {
        "type": "Polygon",
        "coordinates": [
          [
            [
              -78.595,
              35.76294
            ],
            [
              -78.60767,
              35.7563
            ],
            [
              -78.60615,
              35.74485
            ],
            [
              -78.59196,
              35.74005
            ],
            [
              -78.57928,
              35.74669
            ],
            [
              -78.58081,
              35.75814
            ],
            [
              -78.595,
              35.76294
            ]
          ]
        ]
      },
      "properties": {
        "hex_id": "872ad69a3ffffff",
        "value": 41.9
      }
    },
    {
      "type": "Feature",
      "geometry": {
        "type": "Polygon",
        "coordinates": [
          [
            [
              -78.60615,
              35.74485
            ],
            [
              -78.61881,
              35.73821
            ],
            [
              -78.61729,
              35.72677
            ],
            [
              -78.6031,
              35.72197
            ],
            [
              -78.59043,
              35.72861
            ],
            [
              -78.59196,
              35.74005
            ],
            [
              -78.60615,
              35.74485
            ]
          ]
        ]
      },
      "properties": {
        "hex_id": "872ad6985ffffff",
        "value": 52.5
      }
    },
    {
      "type": "Feature",
      "geometry": {
        "type": "Polygon",
        "coordinates": [
          [
            [
              -78.61729,
              35.72677
            ],
            [
              -78.62994,
              35.72013
            ],
            [
              -78.62841,
              35.70869
            ],
            [
              -78.61423,
              35.7039
            ],
            [
              -78.60157,
              35.71053
            ],
            [
              -78.6031,
              35.72197
            ],
            [
              -78.61729,
              35.72677
            ]
          ]
        ]
      },
      "properties": {
        "hex_id": "872ad6981ffffff",
        "value": 78.9
      }
    },
    {
      "type": "Feature",
      "geometry": {
        "type": "Polygon",
        "coordinates": [
          [
            [
              -78.62841,
              35.70869
            ],
            [
              -78.64107,
              35.70205
            ],
            [
              -78.63953,
              35.69062
            ],
            [
              -78.62535,
              35.68583
            ],
            [
              -78.6127,
              35.69246
            ],
            [
              -78.61423,
              35.7039
            ],
            [
              -78.62841,
              35.70869
            ]
          ]
        ]
      },
      "properties": {
        "hex_id": "872ad698effffff",
        "value": 94.8
      }
    },
    {
      "type": "Feature",
      "geometry": {
        "type": "Polygon",
        "coordinates": [
          [
            [
              -78.63953,
              35.69062
            ],
            [
              -78.65218,
              35.68398
            ],
            [
              -78.65065,
              35.67255
            ],
            [
              -78.63647,
              35.66776
            ],
            [
              -78.62383,
              35.67439
            ],
            [
              -78.62535,
              35.68583
            ],
            [
              -78.63953,
              35.69062
            ]
          ]
        ]
      },
      "properties": {
        "hex_id": "872ad698affffff",
        "value": 83.3
      }
    },
    {
      "type": "Feature",
      "geometry": {
        "type": "Polygon",
        "coordinates": [
          [
            [
              -78.65065,
              35.67255
            ],
            [
              -78.66329,
              35.66591
            ],
            [
              -78.66175,
              35.65449
            ],
            [
              -78.64758,
              35.6497
            ],
            [
              -78.63494,
              35.65633
            ],
            [
              -78.63647,
              35.66776
            ],
            [
              -78.65065,
              35.67255
            ]
          ]
        ]
      },
      "properties": {
        "hex_id": "872ad68a4ffffff",
        "value": 55.6
      }
    },
    {
      "type": "Feature",
      "geometry": {
        "type": "Polygon",
        "coordinates": [
          [
            [
              -78.66175,
              35.65449
            ],
            [
              -78.67439,
              35.64785
            ],
            [
              -78.67285,
              35.63642
            ],
            [
              -78.65868,
              35.63164
            ],
            [
              -78.64605,
              35.63827
            ],
            [
              -78.64758,
              35.6497
            ],
            [
              -78.66175,
              35.65449
            ]
          ]
        ]
      },
      "properties": {
        "hex_id": "872ad68a0ffffff",
        "value": 38.6
      }
    },
    {
      "type": "Feature",
      "geometry": {
        "type": "Polygon",
        "coordinates": [
          [
            [
              -78.64605,
              35.63827
            ],
            [
              -78.65868,
              35.63164
            ],
            [
              -78.65715,
              35.62022
            ],
            [
              -78.64298,
              35.61543
            ],
            [
              -78.63035,
              35.62206
            ],
            [
              -78.63188,
              35.63348
            ],
            [
              -78.64605,
              35.63827
            ]
          ]
        ]
      },
      "properties": {
        "hex_id": "872ad68a1ffffff",
        "value": 13.5
      }
    },
    {
      "type": "Feature",
      "geometry": {
        "type": "Polygon",
        "coordinates": [
          [
            [
              -78.63035,
              35.62206
            ],
            [
              -78.64298,
              35.61543
            ],
            [
              -78.64145,
              35.60401
            ],
            [
              -78.6273,
              35.59922
            ],
            [
              -78.61467,
              35.60585
            ],
            [
              -78.61619,
              35.61727
            ],
            [
              -78.63035,
              35.62206
            ]
          ]
        ]
      },
      "properties": {
        "hex_id": "872ad68acffffff",
        "value": 6.9
      }
    },
    {
      "type": "Feature",
      "geometry": {
        "type": "Polygon",
        "coordinates": [
          [
            [
              -78.61467,
              35.60585
            ],
            [
              -78.6273,
              35.59922
            ],
            [
              -78.62577,
              35.58781
            ],
            [
              -78.61162,
              35.58302
            ],
            [
              -78.599,
              35.58965
            ],
            [
              -78.60052,
              35.60106
            ],
            [
              -78.61467,
              35.60585
            ]
          ]
        ]
      },
      "properties": {
        "hex_id": "872ad68adffffff",
        "value": 27.6
      }
    },
    {
      "type": "Feature",
      "geometry": {
        "type": "Polygon",
        "coordinates": [
          [
            [
              -78.599,
              35.58965
            ],
            [
              -78.61162,
              35.58302
            ],
            [
              -78.6101,
              35.57161
            ],
            [
              -78.59596,
              35.56682
            ],
            [
              -78.58333,
              35.57344
            ],
            [
              -78.58485,
              35.58485
            ],
            [
              -78.599,
              35.58965
            ]
          ]
        ]
      },
      "properties": {
        "hex_id": "872ad681affffff",
        "value": 50.2
      }
    },
    {
      "type": "Feature",
      "geometry": {
        "type": "Polygon",
        "coordinates": [
          [
            [
              -78.58333,
              35.57344
            ],
            [
              -78.59596,
              35.56682
            ],
            [
              -78.59444,
              35.55541
            ],
            [
              -78.5803,
              35.55062
            ],
            [
              -78.56768,
              35.55724
            ],
            [
              -78.56919,
              35.56865
            ],
            [
              -78.58333,
              35.57344
            ]
          ]
        ]
      },
      "properties": {
        "hex_id": "872ad681bffffff",
        "value": 47.2
      }
    },
    {
      "type": "Feature",
      "geometry": {
        "type": "Polygon",
        "coordinates": [
          [
            [
              -78.56768,
              35.55724
            ],
            [
              -78.5803,
              35.55062
            ],
            [
              -78.57879,
              35.53921
            ],
            [
              -78.56466,
              35.53442
            ],
            [
              -78.55204,
              35.54104
            ],
            [
              -78.55355,
              35.55245
            ],
            [
              -78.56768,
              35.55724
            ]
          ]
        ]
      },
      "properties": {
        "hex_id": "872ad68e6ffffff",
        "value": 23.8
      }
    },
    {
      "type": "Feature",
      "geometry": {
        "type": "Polygon",
        "coordinates": [
          [
            [
              -78.55204,
              35.54104
            ],
            [
              -78.56466,
              35.53442
            ],
            [
              -78.56315,
              35.52302
            ],
            [
              -78.54903,
              35.51823
            ],
            [
              -78.53641,
              35.52484
            ],
            [
              -78.53791,
              35.53624
            ],
            [
              -78.55204,
              35.54104
            ]
          ]
        ]
      },
      "properties": {
        "hex_id": "872ad68e0ffffff",
        "value": 11.2
      }
    },
    {
      "type": "Feature",
      "geometry": {
        "type": "Polygon",
        "coordinates": [
          [
            [
              -78.52529,
              35.54286
            ],
            [
              -78.53791,
              35.53624
            ],
            [
              -78.53641,
              35.52484
            ],
            [
              -78.52229,
              35.52005
            ],
            [
              -78.50966,
              35.52665
            ],
            [
              -78.51116,
              35.53806
            ],
            [
              -78.52529,
              35.54286
            ]
          ]
        ]
      },
      "properties": {
        "hex_id": "872ad68e5ffffff",
        "value": 13.7
      }
    },
    {
      "type": "Feature",
      "geometry": {
        "type": "Polygon",
        "coordinates": [
          [
            [
              -78.49853,
              35.54467
            ],
            [
              -78.51116,
              35.53806
            ],
            [
              -78.50966,
              35.52665
            ],
            [
              -78.49554,
              35.52186
            ],
            [
              -78.48292,
              35.52846
            ],
            [
              -78.48441,
              35.53987
            ],
            [
              -78.49853,
              35.54467
            ]
          ]
        ]
      },
      "properties": {
        "hex_id": "872ad6856ffffff",
        "value": 46.8
      }
    },
    {
      "type": "Feature",
      "geometry": {
        "type": "Polygon",
        "coordinates": [
          [
            [
              -78.47177,
              35.54647
            ],
            [
              -78.48441,
              35.53987
            ],
            [
              -78.48292,
              35.52846
            ],
            [
              -78.4688,
              35.52366
            ],
            [
              -78.45617,
              35.53026
            ],
            [
              -78.45765,
              35.54167
            ],
            [
              -78.47177,
              35.54647
            ]
          ]
        ]
      },
      "properties": {
        "hex_id": "872ad6854ffffff",
        "value": 83.7
      }
    },
    {
      "type": "Feature",
      "geometry": {
        "type": "Polygon",
        "coordinates": [
          [
            [
              -78.44501,
              35.54827
            ],
            [
              -78.45765,
              35.54167
            ],
            [
              -78.45617,
              35.53026
            ],
            [
              -78.44205,
              35.52546
            ],
            [
              -78.42941,
              35.53206
            ],
            [
              -78.43089,
              35.54347
            ],
            [
              -78.44501,
              35.54827
            ]
          ]
        ]
      },
      "properties": {
        "hex_id": "872ad6873ffffff",
        "value": 93.6
      }
    },
    {
      "type": "Feature",
      "geometry": {
        "type": "Polygon",
        "coordinates": [
          [
            [
              -78.41825,
              35.55007
            ],
            [
              -78.43089,
              35.54347
            ],
            [
              -78.42941,
              35.53206
            ],
            [
              -78.4153,
              35.52725
            ],
            [
              -78.40266,
              35.53385
            ],
            [
              -78.40413,
              35.54526
            ],
            [
              -78.41825,
              35.55007
            ]
          ]
        ]
      },
      "properties": {
        "hex_id": "872ad6871ffffff",
        "value": 67.8
      }
    },
    {
      "type": "Feature",
      "geometry": {
        "type": "Polygon",
        "coordinates": [
          [
            [
              -78.39149,
              35.55186
            ],
            [
              -78.40413,
              35.54526
            ],
            [
              -78.40266,
              35.53385
            ],
            [
              -78.38855,
              35.52904
            ],
            [
              -78.3759,
              35.53564
            ],
            [
              -78.37737,
              35.54704
            ],
            [
              -78.39149,
              35.55186
            ]
          ]
        ]
      },
      "properties": {
        "hex_id": "872ad6862ffffff",
        "value": 27.3
      }
    },
    {
      "type": "Feature",
      "geometry": {
        "type": "Polygon",
        "coordinates": [
          [
            [
              -78.36472,
              35.55364
            ],
            [
              -78.37737,
              35.54704
            ],
            [
              -78.3759,
              35.53564
            ],
            [
              -78.36179,
              35.53082
            ],
            [
              -78.34915,
              35.53741
            ],
            [
              -78.35061,
              35.54882
            ],
            [
              -78.36472,
              35.55364
            ]
          ]
        ]
      },
      "properties": {
        "hex_id": "872ad6860ffffff",
        "value": 5.6
      }
    },
    {
      "type": "Feature",
      "geometry": {
        "type": "Polygon",
        "coordinates": [
          [
            [
              -78.35353,
              35.57165
            ],
            [
              -78.36618,
              35.56505
            ],
            [
              -78.36472,
              35.55364
            ],
            [
              -78.35061,
              35.54882
            ],
            [
              -78.33795,
              35.55542
            ],
            [
              -78.33941,
              35.56683
            ],
            [
              -78.35353,
              35.57165
            ]
          ]
        ]
      },
      "properties": {
        "hex_id": "872ad6864ffffff",
        "value": 21.2
      }
    },
    {
      "type": "Feature",
      "geometry": {
        "type": "Polygon",
        "coordinates": [
          [
            [
              -78.34233,
              35.58966
            ],
            [
              -78.35499,
              35.58307
            ],
            [
              -78.35353,
              35.57165
            ],
            [
              -78.33941,
              35.56683
            ],
            [
              -78.32675,
              35.57342
            ],
            [
              -78.3282,
              35.58484
            ],
            [
              -78.34233,
              35.58966
            ]
          ]
        ]
      },
      "properties": {
        "hex_id": "872ad694affffff",
        "value": 49.6
      }
    },
    {
      "type": "Feature",
      "geometry": {
        "type": "Polygon",
        "coordinates": [
          [
            [
              -78.33112,
              35.60768
            ],
            [
              -78.34379,
              35.60108
            ],
            [
              -78.34233,
              35.58966
            ],
            [
              -78.3282,
              35.58484
            ],
            [
              -78.31554,
              35.59144
            ],
            [
              -78.31699,
              35.60286
            ],
            [
              -78.33112,
              35.60768
            ]
          ]
        ]
      },
      "properties": {
        "hex_id": "872ad694effffff",
        "value": 64.0
      }
    },
    {
      "type": "Feature",
      "geometry": {
        "type": "Polygon",
        "coordinates": [
          [
            [
              -78.3199,
              35.6257
            ],
            [
              -78.33258,
              35.6191
            ],
            [
              -78.33112,
              35.60768
            ],
            [
              -78.31699,
              35.60286
            ],
            [
              -78.30432,
              35.60945
            ],
            [
              -78.30577,
              35.62088
            ],
            [
              -78.3199,
              35.6257
            ]
          ]
        ]
      },
      "properties": {
        "hex_id": "872ad6941ffffff",
        "value": 54.7
      }
    },
    {
      "type": "Feature",
      "geometry": {
        "type": "Polygon",
        "coordinates": [
          [
            [
              -78.30868,
              35.64373
            ],
            [
              -78.32136,
              35.63713
            ],
            [
              -78.3199,
              35.6257
            ],
            [
              -78.30577,
              35.62088
            ],
            [
              -78.29309,
              35.62747
            ],
            [
              -78.29454,
              35.6389
            ],
            [
              -78.30868,
              35.64373
            ]
          ]
        ]
      },
      "properties": {
        "hex_id": "872ad6945ffffff",
        "value": 39.4
      }
    },
    {
      "type": "Feature",
      "geometry": {
        "type": "Polygon",
        "coordinates": [
          [
            [
              -78.29744,
              35.66176
            ],
            [
              -78.31013,
              35.65516
            ],
            [
              -78.30868,
              35.64373
            ],
            [
              -78.29454,
              35.6389
            ],
            [
              -78.28185,
              35.6455
            ],
            [
              -78.2833,
              35.65693
            ],
            [
              -78.29744,
              35.66176
            ]
          ]
        ]
      },
      "properties": {
        "hex_id": "872ad6963ffffff",
        "value": 42.5
      }
    },
    {
      "type": "Feature",
      "geometry": {
        "type": "Polygon",
        "coordinates": [
          [
            [
              -78.2862,
              35.67979
            ],
            [
              -78.29889,
              35.67319
            ],
            [
              -78.29744,
              35.66176
            ],
            [
              -78.2833,
              35.65693
            ],
            [
              -78.27061,
              35.66353
            ],
            [
              -78.27206,
              35.67496
            ],
            [
              -78.2862,
              35.67979
            ]
          ]
        ]
      },
      "properties": {
        "hex_id": "872ad6960ffffff",
        "value": 67.2
      }
    },
    {
      "type": "Feature",
      "geometry": {
        "type": "Polygon",
        "coordinates": [
          [
            [
              -78.3018,
              35.69607
            ],
            [
              -78.31449,
              35.68946
            ],
            [
              -78.31304,
              35.67803
            ],
            [
              -78.29889,
              35.67319
            ],
            [
              -78.2862,
              35.67979
            ],
            [
              -78.28765,
              35.69123
            ],
            [
              -78.3018,
              35.69607
            ]
          ]
        ]
      },
      "properties": {
        "hex_id": "872ad6966ffffff",
        "value": 70.2
      }
    },
    {
      "type": "Feature",
      "geometry": {
        "type": "Polygon",
        "coordinates": [
          [
            [
              -78.31741,
              35.71234
            ],
            [
              -78.33011,
              35.70573
            ],
            [
              -78.32865,
              35.69429
            ],
            [
              -78.31449,
              35.68946
            ],
            [
              -78.3018,
              35.69607
            ],
            [
              -78.30325,
              35.70751
            ],
            [
              -78.31741,
              35.71234
            ]
          ]
        ]
      },
      "properties": {
        "hex_id": "872a892dbffffff",
        "value": 49.2
      }
    },
    {
      "type": "Feature",
      "geometry": {
        "type": "Polygon",
        "coordinates": [
          [
            [
              -78.33303,
              35.72862
            ],
            [
              -78.34573,
              35.722
            ],
            [
              -78.34426,
              35.71056
            ],
            [
              -78.33011,
              35.70573
            ],
            [
              -78.31741,
              35.71234
            ],
            [
              -78.31887,
              35.72378
            ],
            [
              -78.33303,
              35.72862
            ]
          ]
        ]
      },
      "properties": {
        "hex_id": "872a892daffffff",
        "value": 33.8
      }
    },
    {
      "type": "Feature",
      "geometry": {
        "type": "Polygon",
        "coordinates": [
          [
            [
              -78.34866,
              35.74489
            ],
            [
              -78.36136,
              35.73828
            ],
            [
              -78.35989,
              35.72683
            ],
            [
              -78.34573,
              35.722
            ],
            [
              -78.33303,
              35.72862
            ],
            [
              -78.33449,
              35.74006
            ],
            [
              -78.34866,
              35.74489
            ]
          ]
        ]
      },
      "properties": {
        "hex_id": "872ad692dffffff",
        "value": 46.5
      }
    },
    {
      "type": "Feature",
      "geometry": {
        "type": "Polygon",
        "coordinates": [
          [
            [
              -78.3643,
              35.76117
            ],
            [
              -78.377,
              35.75455
            ],
            [
              -78.37553,
              35.74311
            ],
            [
              -78.36136,
              35.73828
            ],
            [
              -78.34866,
              35.74489
            ],
            [
              -78.35012,
              35.75634
            ],
            [
              -78.3643,
              35.76117
            ]
          ]
        ]
      },
      "properties": {
        "hex_id": "872ad692cffffff",
        "value": 74.0
      }
    },
    {
      "type": "Feature",
      "geometry": {
        "type": "Polygon",
        "coordinates": [
          [
            [
              -78.37995,
              35.77746
            ],
            [
              -78.39266,
              35.77083
            ],
            [
              -78.39118,
              35.75938
            ],
            [
              -78.377,
              35.75455
            ],
            [
              -78.3643,
              35.76117
            ],
            [
              -78.36577,
              35.77262
            ],
            [
              -78.37995,
              35.77746
            ]
          ]
        ]
      },
      "properties": {
        "hex_id": "872ad6921ffffff",
        "value": 83.9
      }
    },
    {
      "type": "Feature",
      "geometry": {
        "type": "Polygon",
        "coordinates": [
          [
            [
              -78.39561,
              35.79374
            ],
            [
              -78.40832,
              35.78711
            ],
            [
              -78.40684,
              35.77566
            ],
            [
              -78.39266,
              35.77083
            ],
            [
              -78.37995,
              35.77746
            ],
            [
              -78.38142,
              35.78891
            ],
            [
              -78.39561,
              35.79374
            ]
          ]
        ]
      },
      "properties": {
        "hex_id": "872ad6920ffffff",
        "value": 66.2
      }
    },
    {
      "type": "Feature",
      "geometry": {
        "type": "Polygon",
        "coordinates": [
          [
            [
              -78.41128,
              35.81003
            ],
            [
              -78.42399,
              35.8034
            ],
            [
              -78.42251,
              35.79194
            ],
            [
              -78.40832,
              35.78711
            ],
            [
              -78.39561,
              35.79374
            ],
            [
              -78.39709,
              35.8052
            ],
            [
              -78.41128,
              35.81003
            ]
          ]
        ]
      },
      "properties": {
        "hex_id": "872ad6926ffffff",
        "value": 45.8
      }
    },
    {
      "type": "Feature",
      "geometry": {
        "type": "Polygon",
        "coordinates": [
          [
            [
              -78.43819,
              35.80822
            ],
            [
              -78.4509,
              35.80159
            ],
            [
              -78.4494,
              35.79014
            ],
            [
              -78.43521,
              35.78531
            ],
            [
              -78.42251,
              35.79194
            ],
            [
              -78.42399,
              35.8034
            ],
            [
              -78.43819,
              35.80822
            ]
          ]
        ]
      },
      "properties": {
        "hex_id": "872ad6935ffffff",
        "value": 24.3
      }
    },
    {
      "type": "Feature",
      "geometry": {
        "type": "Polygon",
        "coordinates": [
          [
            [
              -78.46509,
              35.80642
            ],
            [
              -78.4778,
              35.79978
            ],
            [
              -78.4763,
              35.78833
            ],
            [
              -78.4621,
              35.78351
            ],
            [
              -78.4494,
              35.79014
            ],
            [
              -78.4509,
              35.80159
            ],
            [
              -78.46509,
              35.80642
            ]
          ]
        ]
      },
      "properties": {
        "hex_id": "872ad6930ffffff",
        "value": 22.2
      }
    },
    {
      "type": "Feature",
      "geometry": {
        "type": "Polygon",
        "coordinates": [
          [
            [
              -78.49199,
              35.8046
            ],
            [
              -78.50469,
              35.79797
            ],
            [
              -78.50319,
              35.78651
            ],
            [
              -78.48899,
              35.7817
            ],
            [
              -78.4763,
              35.78833
            ],
            [
              -78.4778,
              35.79978
            ],
            [
              -78.49199,
              35.8046
            ]
          ]
        ]
      },
      "properties": {
        "hex_id": "872ad6932ffffff",
        "value": 44.8
      }
    },
    {
      "type": "Feature",
      "geometry": {
        "type": "Polygon",
        "coordinates": [
          [
            [
              -78.51889,
              35.80278
            ],
            [
              -78.53159,
              35.79615
            ],
            [
              -78.53008,
              35.78469
            ],
            [
              -78.51588,
              35.77988
            ],
            [
              -78.50319,
              35.78651
            ],
            [
              -78.50469,
              35.79797
            ],
            [
              -78.51889,
              35.80278
            ]
          ]
        ]
      },
      "properties": {
        "hex_id": "872a89649ffffff",
        "value": 75.2
      }
    },
    {
      "type": "Feature",
      "geometry": {
        "type": "Polygon",
        "coordinates": [
          [
            [
              -78.54579,
              35.80096
            ],
            [
              -78.55848,
              35.79432
            ],
            [
              -78.55696,
              35.78287
            ],
            [
              -78.54276,
              35.77805
            ],
            [
              -78.53008,
              35.78469
            ],
            [
              -78.53159,
              35.79615
            ],
            [
              -78.54579,
              35.80096
            ]
          ]
        ]
      },
      "properties": {
        "hex_id": "872a8964bffffff",
        "value": 87.1
      }
    },
    {
      "type": "Feature",
      "geometry": {
        "type": "Polygon",
        "coordinates": [
          [
            [
              -78.57269,
              35.79913
            ],
            [
              -78.58537,
              35.79248
            ],
            [
              -78.58385,
              35.78103
            ],
            [
              -78.56965,
              35.77622
            ],
            [
              -78.55696,
              35.78287
            ],
            [
              -78.55848,
              35.79432
            ],
            [
              -78.57269,
              35.79913
            ]
          ]
        ]
      },
      "properties": {
        "hex_id": "872ad69a4ffffff",
        "value": 67.9
      }
    },
    {
      "type": "Feature",
      "geometry": {
        "type": "Polygon",
        "coordinates": [
          [
            [
              -78.59958,
              35.79729
            ],
            [
              -78.61226,
              35.79064
            ],
            [
              -78.61073,
              35.77919
            ],
            [
              -78.59653,
              35.77439
            ],
            [
              -78.58385,
              35.78103
            ],
            [
              -78.58537,
              35.79248
            ],
            [
              -78.59958,
              35.79729
            ]
          ]
        ]
      },
      "properties": {
        "hex_id": "872ad69a6ffffff",
        "value": 31.6
      }
    },
    {
      "type": "Feature",
      "geometry": {
        "type": "Polygon",
        "coordinates": [
          [
            [
              -78.61073,
              35.77919
            ],
            [
              -78.6234,
              35.77255
            ],
            [
              -78.62187,
              35.7611
            ],
            [
              -78.60767,
              35.7563
            ],
            [
              -78.595,
              35.76294
            ],
            [
              -78.59653,
              35.77439
            ],
            [
              -78.61073,
              35.77919
            ]
          ]
        ]
      },
      "properties": {
        "hex_id": "872ad69a2ffffff",
        "value": 17.3
      }
    },
    {
      "type": "Feature",
      "geometry": {
        "type": "Polygon",
        "coordinates": [
          [
            [
              -78.62187,
              35.7611
            ],
            [
              -78.63454,
              35.75446
            ],
            [
              -78.63301,
              35.74301
            ],
            [
              -78.61881,
              35.73821
            ],
            [
              -78.60615,
              35.74485
            ],
            [
              -78.60767,
              35.7563
            ],
            [
              -78.62187,
              35.7611
            ]
          ]
        ]
      },
      "properties": {
        "hex_id": "872ad6984ffffff",
        "value": 27.3
      }
    },
    {
      "type": "Feature",
      "geometry": {
        "type": "Polygon",
        "coordinates": [
          [
            [
              -78.63301,
              35.74301
            ],
            [
              -78.64567,
              35.73637
            ],
            [
              -78.64414,
              35.72493
            ],
            [
              -78.62994,
              35.72013
            ],
            [
              -78.61729,
              35.72677
            ],
            [
              -78.61881,
              35.73821
            ],
            [
              -78.63301,
              35.74301
            ]
          ]
        ]
      },
      "properties": {
        "hex_id": "872ad6980ffffff",
        "value": 57.2
      }
    },
    {
      "type": "Feature",
      "geometry": {
        "type": "Polygon",
        "coordinates": [
          [
            [
              -78.64414,
              35.72493
            ],
            [
              -78.65679,
              35.71828
            ],
            [
              -78.65525,
              35.70685
            ],
            [
              -78.64107,
              35.70205
            ],
            [
              -78.62841,
              35.70869
            ],
            [
              -78.62994,
              35.72013
            ],
            [
              -78.64414,
              35.72493
            ]
          ]
        ]
      },
      "properties": {
        "hex_id": "872ad6983ffffff",
        "value": 81.3
      }
    },
    {
      "type": "Feature",
      "geometry": {
        "type": "Polygon",
        "coordinates": [
          [
            [
              -78.65525,
              35.70685
            ],
            [
              -78.6679,
              35.7002
            ],
            [
              -78.66636,
              35.68877
            ],
            [
              -78.65218,
              35.68398
            ],
            [
              -78.63953,
              35.69062
            ],
            [
              -78.64107,
              35.70205
            ],
            [
              -78.65525,
              35.70685
            ]
          ]
        ]
      },
      "properties": {
        "hex_id": "872ad699dffffff",
        "value": 79.8
      }
    },
    {
      "type": "Feature",
      "geometry": {
        "type": "Polygon",
        "coordinates": [
          [
            [
              -78.66636,
              35.68877
            ],
            [
              -78.67901,
              35.68213
            ],
            [
              -78.67747,
              35.6707
            ],
            [
              -78.66329,
              35.66591
            ],
            [
              -78.65065,
              35.67255
            ],
            [
              -78.65218,
              35.68398
            ],
            [
              -78.66636,
              35.68877
            ]
          ]
        ]
      },
      "properties": {
        "hex_id": "872ad6999ffffff",
        "value": 60.8
      }
    },
    {
      "type": "Feature",
      "geometry": {
        "type": "Polygon",
        "coordinates": [
          [
            [
              -78.67747,
              35.6707
            ],
            [
              -78.6901,
              35.66406
            ],
            [
              -78.68856,
              35.65263
            ],
            [
              -78.67439,
              35.64785
            ],
            [
              -78.66175,
              35.65449
            ],
            [
              -78.66329,
              35.66591
            ],
            [
              -78.67747,
              35.6707
            ]
          ]
        ]
      },
      "properties": {
        "hex_id": "872ad68a6ffffff",
        "value": 49.8
      }
    },
    {
      "type": "Feature",
      "geometry": {
        "type": "Polygon",
        "coordinates": [
          [
            [
              -78.68856,
              35.65263
            ],
            [
              -78.70119,
              35.64599
            ],
            [
              -78.69964,
              35.63457
            ],
            [
              -78.68548,
              35.62979
            ],
            [
              -78.67285,
              35.63642
            ],
            [
              -78.67439,
              35.64785
            ],
            [
              -78.68856,
              35.65263
            ]
          ]
        ]
      },
      "properties": {
        "hex_id": "872ad68a2ffffff",
        "value": 61.4
      }
    },
    {
      "type": "Feature",
      "geometry": {
        "type": "Polygon",
        "coordinates": [
          [
            [
              -78.67285,
              35.63642
            ],
            [
              -78.68548,
              35.62979
            ],
            [
              -78.68393,
              35.61837
            ],
            [
              -78.66977,
              35.61358
            ],
            [
              -78.65715,
              35.62022
            ],
            [
              -78.65868,
              35.63164
            ],
            [
              -78.67285,
              35.63642
            ]
          ]
        ]
      },
      "properties": {
        "hex_id": "872ad68a3ffffff",
        "value": 45.3
      }
    },
    {
      "type": "Feature",
      "geometry": {
        "type": "Polygon",
        "coordinates": [
          [
            [
              -78.65715,
              35.62022
            ],
            [
              -78.66977,
              35.61358
            ],
            [
              -78.66823,
              35.60217
            ],
            [
              -78.65408,
              35.59738
            ],
            [
              -78.64145,
              35.60401
            ],
            [
              -78.64298,
              35.61543
            ],
            [
              -78.65715,
              35.62022
            ]
          ]
        ]
      },
      "properties": {
        "hex_id": "872ad68aeffffff",
        "value": 24.2
      }
    },
    {
      "type": "Feature",
      "geometry": {
        "type": "Polygon",
        "coordinates": [
          [
            [
              -78.64145,
              35.60401
            ],
            [
              -78.65408,
              35.59738
            ],
            [
              -78.65255,
              35.58597
            ],
            [
              -78.63839,
              35.58118
            ],
            [
              -78.62577,
              35.58781
            ],
            [
              -78.6273,
              35.59922
            ],
            [
              -78.64145,
              35.60401
            ]
          ]
        ]
      },
      "properties": {
        "hex_id": "872ad68a8ffffff",
        "value": 27.6
      }
    },
    {
      "type": "Feature",
      "geometry": {
        "type": "Polygon",
        "coordinates": [
          [
            [
              -78.62577,
              35.58781
            ],
            [
              -78.63839,
              35.58118
            ],
            [
              -78.63687,
              35.56977
            ],
            [
              -78.62272,
              35.56499
            ],
            [
              -78.6101,
              35.57161
            ],
            [
              -78.61162,
              35.58302
            ],
            [
              -78.62577,
              35.58781
            ]
          ]
        ]
      },
      "properties": {
        "hex_id": "872ad68a9ffffff",
        "value": 53.8
      }
    },
    {
      "type": "Feature",
      "geometry": {
        "type": "Polygon",
        "coordinates": [
          [
            [
              -78.6101,
              35.57161
            ],
            [
              -78.62272,
              35.56499
            ],
            [
              -78.6212,
              35.55358
            ],
            [
              -78.60706,
              35.54879
            ],
            [
              -78.59444,
              35.55541
            ],
            [
              -78.59596,
              35.56682
            ],
            [
              -78.6101,
              35.57161
            ]
          ]
        ]
      },
      "properties": {
        "hex_id": "872ad68f4ffffff",
        "value": 72.4
      }
    },
    {
      "type": "Feature",
      "geometry": {
        "type": "Polygon",
        "coordinates": [
          [
            [
              -78.59444,
              35.55541
            ],
            [
              -78.60706,
              35.54879
            ],
            [
              -78.60554,
              35.53738
            ],
            [
              -78.59141,
              35.5326
            ],
            [
              -78.57879,
              35.53921
            ],
            [
              -78.5803,
              35.55062
            ],
            [
              -78.59444,
              35.55541
            ]
          ]
        ]
      },
      "properties": {
        "hex_id": "872ad68f5ffffff",
        "value": 62.6
      }
    },
    {
      "type": "Feature",
      "geometry": {
        "type": "Polygon",
        "coordinates": [
          [
            [
              -78.57879,
              35.53921
            ],
            [
              -78.59141,
              35.5326
            ],
            [
              -78.58989,
              35.52119
            ],
            [
              -78.57577,
              35.51641
            ],
            [
              -78.56315,
              35.52302
            ],
            [
              -78.56466,
              35.53442
            ],
            [
              -78.57879,
              35.53921
            ]
          ]
        ]
      },
      "properties": {
        "hex_id": "872ad68e2ffffff",
        "value": 39.6
      }
    },
    {
      "type": "Feature",
      "geometry": {
        "type": "Polygon",
        "coordinates": [
          [
            [
              -78.56315,
              35.52302
            ],
            [
              -78.57577,
              35.51641
            ],
            [
              -78.57425,
              35.50501
            ],
            [
              -78.56013,
              35.50022
            ],
            [
              -78.54752,
              35.50683
            ],
            [
              -78.54903,
              35.51823
            ],
            [
              -78.56315,
              35.52302
            ]
          ]
        ]
      },
      "properties": {
        "hex_id": "872ad68e3ffffff",
        "value": 35.4
      }
    },
    {
      "type": "Feature",
      "geometry": {
        "type": "Polygon",
        "coordinates": [
          [
            [
              -78.53641,
              35.52484
            ],
            [
              -78.54903,
              35.51823
            ],
            [
              -78.54752,
              35.50683
            ],
            [
              -78.5334,
              35.50204
            ],
            [
              -78.52079,
              35.50864
            ],
            [
              -78.52229,
              35.52005
            ],
            [
              -78.53641,
              35.52484
            ]
          ]
        ]
      },
      "properties": {
        "hex_id": "872ad68e1ffffff",
        "value": 27.3
      }
    },
    {
      "type": "Feature",
      "geometry": {
        "type": "Polygon",
        "coordinates": [
          [
            [
              -78.50966,
              35.52665
            ],
            [
              -78.52229,
              35.52005
            ],
            [
              -78.52079,
              35.50864
            ],
            [
              -78.50667,
              35.50385
            ],
            [
              -78.49405,
              35.51045
            ],
            [
              -78.49554,
              35.52186
            ],
            [
              -78.50966,
              35.52665
            ]
          ]
        ]
      },
      "properties": {
        "hex_id": "872ad6852ffffff",
        "value": 38.5
      }
    },
    {
      "type": "Feature",
      "geometry": {
        "type": "Polygon",
        "coordinates": [
          [
            [
              -78.48292,
              35.52846
            ],
            [
              -78.49554,
              35.52186
            ],
            [
              -78.49405,
              35.51045
            ],
            [
              -78.47994,
              35.50566
            ],
            [
              -78.46731,
              35.51226
            ],
            [
              -78.4688,
              35.52366
            ],
            [
              -78.48292,
              35.52846
            ]
          ]
        ]
      },
      "properties": {
        "hex_id": "872ad6850ffffff",
        "value": 62.9
      }
    },
    {
      "type": "Feature",
      "geometry": {
        "type": "Polygon",
        "coordinates": [
          [
            [
              -78.45617,
              35.53026
            ],
            [
              -78.4688,
              35.52366
            ],
            [
              -78.46731,
              35.51226
            ],
            [
              -78.4532,
              35.50746
            ],
            [
              -78.44057,
              35.51406
            ],
            [
              -78.44205,
              35.52546
            ],
            [
              -78.45617,
              35.53026
            ]
          ]
        ]
      },
      "properties": {
        "hex_id": "872ad6855ffffff",
        "value": 80.4
      }
    },
    {
      "type": "Feature",
      "geometry": {
        "type": "Polygon",
        "coordinates": [
          [
            [
              -78.42941,
              35.53206
            ],
            [
              -78.44205,
              35.52546
            ],
            [
              -78.44057,
              35.51406
            ],
            [
              -78.42646,
              35.50925
            ],
            [
              -78.41383,
              35.51585
            ],
            [
              -78.4153,
              35.52725
            ],
            [
              -78.42941,
              35.53206
            ]
          ]
        ]
      },
      "properties": {
        "hex_id": "872ad6846ffffff",
        "value": 73.7
      }
    },
    {
      "type": "Feature",
      "geometry": {
        "type": "Polygon",
        "coordinates": [
          [
            [
              -78.40266,
              35.53385
            ],
            [
              -78.4153,
              35.52725
            ],
            [
              -78.41383,
              35.51585
            ],
            [
              -78.39972,
              35.51104
            ],
            [
              -78.38708,
              35.51763
            ],
            [
              -78.38855,
              35.52904
            ],
            [
              -78.40266,
              35.53385
            ]
          ]
        ]
      },
      "properties": {
        "hex_id": "872ad6844ffffff",
        "value": 45.1
      }
    },
    {
      "type": "Feature",
      "geometry": {
        "type": "Polygon",
        "coordinates": [
          [
            [
              -78.3759,
              35.53564
            ],
            [
              -78.38855,
              35.52904
            ],
            [
              -78.38708,
              35.51763
            ],
            [
              -78.37297,
              35.51282
            ],
            [
              -78.36033,
              35.51942
            ],
            [
              -78.36179,
              35.53082
            ],
            [
              -78.3759,
              35.53564
            ]
          ]
        ]
      },
      "properties": {
        "hex_id": "872ad6863ffffff",
        "value": 17.4
      }
    },
    {
      "type": "Feature",
      "geometry": {
        "type": "Polygon",
        "coordinates": [
          [
            [
              -78.34915,
              35.53741
            ],
            [
              -78.36179,
              35.53082
            ],
            [
              -78.36033,
              35.51942
            ],
            [
              -78.34623,
              35.5146
            ],
            [
              -78.33358,
              35.52119
            ],
            [
              -78.33504,
              35.5326
            ],
            [
              -78.34915,
              35.53741
            ]
          ]
        ]
      },
      "properties": {
        "hex_id": "872ad6861ffffff",
        "value": 14.9
      }
    },
    {
      "type": "Feature",
      "geometry": {
        "type": "Polygon",
        "coordinates": [
          [
            [
              -78.33795,
              35.55542
            ],
            [
              -78.35061,
              35.54882
            ],
            [
              -78.34915,
              35.53741
            ],
            [
              -78.33504,
              35.5326
            ],
            [
              -78.32239,
              35.53919
            ],
            [
              -78.32384,
              35.5506
            ],
            [
              -78.33795,
              35.55542
            ]
          ]
        ]
      },
      "properties": {
        "hex_id": "872ad6865ffffff",
        "value": 20.3
      }
    },
    {
      "type": "Feature",
      "geometry": {
        "type": "Polygon",
        "coordinates": [
          [
            [
              -78.32675,
              35.57342
            ],
            [
              -78.33941,
              35.56683
            ],
            [
              -78.33795,
              35.55542
            ],
            [
              -78.32384,
              35.5506
            ],
            [
              -78.31118,
              35.55719
            ],
            [
              -78.31263,
              35.5686
            ],
            [
              -78.32675,
              35.57342
            ]
          ]
        ]
      },
      "properties": {
        "hex_id": "872ad694bffffff",
        "value": 40.6
      }
    },
    {
      "type": "Feature",
      "geometry": {
        "type": "Polygon",
        "coordinates": [
          [
            [
              -78.31554,
              35.59144
            ],
            [
              -78.3282,
              35.58484
            ],
            [
              -78.32675,
              35.57342
            ],
            [
              -78.31263,
              35.5686
            ],
            [
              -78.29997,
              35.57519
            ],
            [
              -78.30142,
              35.58661
            ],
            [
              -78.31554,
              35.59144
            ]
          ]
        ]
      },
      "properties": {
        "hex_id": "872ad6948ffffff",
        "value": 49.9
      }
    },
    {
      "type": "Feature",
      "geometry": {
        "type": "Polygon",
        "coordinates": [
          [
            [
              -78.30432,
              35.60945
            ],
            [
              -78.31699,
              35.60286
            ],
            [
              -78.31554,
              35.59144
            ],
            [
              -78.30142,
              35.58661
            ],
            [
              -78.28875,
              35.5932
            ],
            [
              -78.29019,
              35.60462
            ],
            [
              -78.30432,
              35.60945
            ]
          ]
        ]
      },
      "properties": {
        "hex_id": "872ad694cffffff",
        "value": 36.5
      }
    },
    {
      "type": "Feature",
      "geometry": {
        "type": "Polygon",
        "coordinates": [
          [
            [
              -78.29309,
              35.62747
            ],
            [
              -78.30577,
              35.62088
            ],
            [
              -78.30432,
              35.60945
            ],
            [
              -78.29019,
              35.60462
            ],
            [
              -78.27752,
              35.61122
            ],
            [
              -78.27896,
              35.62264
            ],
            [
              -78.29309,
              35.62747
            ]
          ]
        ]
      },
      "properties": {
        "hex_id": "872ad696affffff",
        "value": 16.8
      }
    },
    {
      "type": "Feature",
      "geometry": {
        "type": "Polygon",
        "coordinates": [
          [
            [
              -78.28185,
              35.6455
            ],
            [
              -78.29454,
              35.6389
            ],
            [
              -78.29309,
              35.62747
            ],
            [
              -78.27896,
              35.62264
            ],
            [
              -78.26628,
              35.62924
            ],
            [
              -78.26772,
              35.64066
            ],
            [
              -78.28185,
              35.6455
            ]
          ]
        ]
      },
      "properties": {
        "hex_id": "872ad696effffff",
        "value": 16.3
      }
    },
    {
      "type": "Feature",
      "geometry": {
        "type": "Polygon",
        "coordinates": [
          [
            [
              -78.27061,
              35.66353
            ],
            [
              -78.2833,
              35.65693
            ],
            [
              -78.28185,
              35.6455
            ],
            [
              -78.26772,
              35.64066
            ],
            [
              -78.25503,
              35.64726
            ],
            [
              -78.25647,
              35.65869
            ],
            [
              -78.27061,
              35.66353
            ]
          ]
        ]
      },
      "properties": {
        "hex_id": "872ad6961ffffff",
        "value": 41.1
      }
    },
    {
      "type": "Feature",
      "geometry": {
        "type": "Polygon",
        "coordinates": [
          [
            [
              -78.25936,
              35.68156
            ],
            [
              -78.27206,
              35.67496
            ],
            [
              -78.27061,
              35.66353
            ],
            [
              -78.25647,
              35.65869
            ],
            [
              -78.24378,
              35.66529
            ],
            [
              -78.24522,
              35.67672
            ],
            [
              -78.25936,
              35.68156
            ]
          ]
        ]
      },
      "properties": {
        "hex_id": "872ad6965ffffff",
        "value": 70.3
      }
    },
    {
      "type": "Feature",
      "geometry": {
        "type": "Polygon",
        "coordinates": [
          [
            [
              -78.27495,
              35.69783
            ],
            [
              -78.28765,
              35.69123
            ],
            [
              -78.2862,
              35.67979
            ],
            [
              -78.27206,
              35.67496
            ],
            [
              -78.25936,
              35.68156
            ],
            [
              -78.2608,
              35.693
            ],
            [
              -78.27495,
              35.69783
            ]
          ]
        ]
      },
      "properties": {
        "hex_id": "872ad6964ffffff",
        "value": 91.3
      }
    },
    {
      "type": "Feature",
      "geometry": {
        "type": "Polygon",
        "coordinates": [
          [
            [
              -78.29055,
              35.71411
            ],
            [
              -78.30325,
              35.70751
            ],
            [
              -78.3018,
              35.69607
            ],
            [
              -78.28765,
              35.69123
            ],
            [
              -78.27495,
              35.69783
            ],
            [
              -78.27639,
              35.70927
            ],
            [
              -78.29055,
              35.71411
            ]
          ]
        ]
      },
      "properties": {
        "hex_id": "872a892d9ffffff",
        "value": 84.7
      }
    },
    {
      "type": "Feature",
      "geometry": {
        "type": "Polygon",
        "coordinates": [
          [
            [
              -78.30616,
              35.73039
            ],
            [
              -78.31887,
              35.72378
            ],
            [
              -78.31741,
              35.71234
            ],
            [
              -78.30325,
              35.70751
            ],
            [
              -78.29055,
              35.71411
            ],
            [
              -78.292,
              35.72555
            ],
            [
              -78.30616,
              35.73039
            ]
          ]
        ]
      },
      "properties": {
        "hex_id": "872a892d8ffffff",
        "value": 60.2
      }
    },
    {
      "type": "Feature",
      "geometry": {
        "type": "Polygon",
        "coordinates": [
          [
            [
              -78.32178,
              35.74667
            ],
            [
              -78.33449,
              35.74006
            ],
            [
              -78.33303,
              35.72862
            ],
            [
              -78.31887,
              35.72378
            ],
            [
              -78.30616,
              35.73039
            ],
            [
              -78.30762,
              35.74184
            ],
            [
              -78.32178,
              35.74667
            ]
          ]
        ]
      },
      "properties": {
        "hex_id": "872a892deffffff",
        "value": 49.9
      }
    },
    {
      "type": "Feature",
      "geometry": {
        "type": "Polygon",
        "coordinates": [
          [
            [
              -78.33742,
              35.76296
            ],
            [
              -78.35012,
              35.75634
            ],
            [
              -78.34866,
              35.74489
            ],
            [
              -78.33449,
              35.74006
            ],
            [
              -78.32178,
              35.74667
            ],
            [
              -78.32324,
              35.75812
            ],
            [
              -78.33742,
              35.76296
            ]
          ]
        ]
      },
      "properties": {
        "hex_id": "872a892d3ffffff",
        "value": 67.6
      }
    },
    {
      "type": "Feature",
      "geometry": {
        "type": "Polygon",
        "coordinates": [
          [
            [
              -78.35306,
              35.77924
            ],
            [
              -78.36577,
              35.77262
            ],
            [
              -78.3643,
              35.76117
            ],
            [
              -78.35012,
              35.75634
            ],
            [
              -78.33742,
              35.76296
            ],
            [
              -78.33888,
              35.77441
            ],
            [
              -78.35306,
              35.77924
            ]
          ]
        ]
      },
      "properties": {
        "hex_id": "872a892d2ffffff",
        "value": 91.2
      }
    },
    {
      "type": "Feature",
      "geometry": {
        "type": "Polygon",
        "coordinates": [
          [
            [
              -78.36871,
              35.79553
            ],
            [
              -78.38142,
              35.78891
            ],
            [
              -78.37995,
              35.77746
            ],
            [
              -78.36577,
              35.77262
            ],
            [
              -78.35306,
              35.77924
            ],
            [
              -78.35453,
              35.7907
            ],
            [
              -78.36871,
              35.79553
            ]
          ]
        ]
      },
      "properties": {
        "hex_id": "872ad6925ffffff",
        "value": 90.8
      }
    },
    {
      "type": "Feature",
      "geometry": {
        "type": "Polygon",
        "coordinates": [
          [
            [
              -78.38438,
              35.81182
            ],
            [
              -78.39709,
              35.8052
            ],
            [
              -78.39561,
              35.79374
            ],
            [
              -78.38142,
              35.78891
            ],
            [
              -78.36871,
              35.79553
            ],
            [
              -78.37018,
              35.80699
            ],
            [
              -78.38438,
              35.81182
            ]
          ]
        ]
      },
      "properties": {
        "hex_id": "872ad6924ffffff",
        "value": 66.6
      }
    }
  ]
}