{"type":"FeatureCollection","features":[{"type":"Feature","geometry":{"type":"Polygon","coordinates":[[[-78.2567,36.3075],[-78.2696,36.3009],[-78.2681,36.2893],[-78.2538,36.2844],[-78.2409,36.2911],[-78.2424,36.3026],[-78.2567,36.3075]]]},"properties":{"hex_id":"872a89024ffffff","value":0.4}},{"type":"Feature","geometry":{"type":"Polygon","coordinates":[[[-78.2409,36.2911],[-78.2538,36.2844],[-78.2523,36.2729],[-78.238,36.268],[-78.2252,36.2747],[-78.2266,36.2862],[-78.2409,36.2911]]]},"properties":{"hex_id":"872a89025ffffff","value":-2.49}},{"type":"Feature","geometry":{"type":"Polygon","coordinates":[[[-78.2322,36.2218],[-78.245,36.2152],[-78.2436,36.2037],[-78.2293,36.1988],[-78.2165,36.2054],[-78.2179,36.217],[-78.2322,36.2218]]]},"properties":{"hex_id":"872a89029ffffff","value":-5.32}},{"type":"Feature","geometry":{"type":"Polygon","coordinates":[[[-78.2366,36.2565],[-78.2494,36.2498],[-78.248,36.2383],[-78.2337,36.2334],[-78.2208,36.24],[-78.2223,36.2516],[-78.2366,36.2565]]]},"properties":{"hex_id":"872a8902cffffff","value":1.34}},{"type":"Feature","geometry":{"type":"Polygon","coordinates":[[[-78.2208,36.24],[-78.2337,36.2334],[-78.2322,36.2218],[-78.2179,36.217],[-78.2051,36.2236],[-78.2065,36.2351],[-78.2208,36.24]]]},"properties":{"hex_id":"872a8902dffffff","value":3.43}},{"type":"Feature","geometry":{"type":"Polygon","coordinates":[[[-78.2078,36.1363],[-78.2206,36.1296],[-78.2192,36.1181],[-78.2049,36.1132],[-78.1921,36.1199],[-78.1935,36.1314],[-78.2078,36.1363]]]},"properties":{"hex_id":"872a89040ffffff","value":-2.29}},{"type":"Feature","geometry":{"type":"Polygon","coordinates":[[[-78.1964,36.1544],[-78.2092,36.1478],[-78.2078,36.1363],[-78.1935,36.1314],[-78.1807,36.138],[-78.1821,36.1495],[-78.1964,36.1544]]]},"properties":{"hex_id":"872a89044ffffff","value":2.08}},{"type":"Feature","geometry":{"type":"Polygon","coordinates":[[[-78.1807,36.138],[-78.1935,36.1314],[-78.1921,36.1199],[-78.1778,36.115],[-78.165,36.1216],[-78.1664,36.1331],[-78.1807,36.138]]]},"properties":{"hex_id":"872a89045ffffff","value":3.88}},{"type":"Feature","geometry":{"type":"Polygon","coordinates":[[[-78.1579,36.1744],[-78.1707,36.1677],[-78.1693,36.1562],[-78.155,36.1513],[-78.1422,36.1579],[-78.1436,36.1695],[-78.1579,36.1744]]]},"properties":{"hex_id":"872a89060ffffff","value":3.28}},{"type":"Feature","geometry":{"type":"Polygon","coordinates":[[[-78.1422,36.1579],[-78.155,36.1513],[-78.1536,36.1398],[-78.1393,36.1349],[-78.1265,36.1415],[-78.1279,36.1531],[-78.1422,36.1579]]]},"properties":{"hex_id":"872a89061ffffff","value":11.26}},{"type":"Feature","geometry":{"type":"Polygon","coordinates":[[[-78.185,36.1726],[-78.1978,36.166],[-78.1964,36.1544],[-78.1821,36.1495],[-78.1693,36.1562],[-78.1707,36.1677],[-78.185,36.1726]]]},"properties":{"hex_id":"872a89062ffffff","value":2.3}},{"type":"Feature","geometry":{"type":"Polygon","coordinates":[[[-78.1693,36.1562],[-78.1821,36.1495],[-78.1807,36.138],[-78.1664,36.1331],[-78.1536,36.1398],[-78.155,36.1513],[-78.1693,36.1562]]]},"properties":{"hex_id":"872a89063ffffff","value":2.8}},{"type":"Feature","geometry":{"type":"Polygon","coordinates":[[[-78.1465,36.1925],[-78.1593,36.1859],[-78.1579,36.1744],[-78.1436,36.1695],[-78.1308,36.1761],[-78.1322,36.1876],[-78.1465,36.1925]]]},"properties":{"hex_id":"872a89064ffffff","value":1.16}},{"type":"Feature","geometry":{"type":"Polygon","coordinates":[[[-78.1308,36.1761],[-78.1436,36.1695],[-78.1422,36.1579],[-78.1279,36.1531],[-78.1151,36.1597],[-78.1165,36.1712],[-78.1308,36.1761]]]},"properties":{"hex_id":"872a89065ffffff","value":3.83}},{"type":"Feature","geometry":{"type":"Polygon","coordinates":[[[-78.1736,36.1908],[-78.1864,36.1841],[-78.185,36.1726],[-78.1707,36.1677],[-78.1579,36.1744],[-78.1593,36.1859],[-78.1736,36.1908]]]},"properties":{"hex_id":"872a89066ffffff","value":1.16}},{"type":"Feature","geometry":{"type":"Polygon","coordinates":[[[-78.1265,36.1415],[-78.1393,36.1349],[-78.1379,36.1234],[-78.1236,36.1185],[-78.1108,36.1251],[-78.1122,36.1366],[-78.1265,36.1415]]]},"properties":{"hex_id":"872a8906cffffff","value":6.04}},{"type":"Feature","geometry":{"type":"Polygon","coordinates":[[[-78.1536,36.1398],[-78.1664,36.1331],[-78.165,36.1216],[-78.1507,36.1167],[-78.1379,36.1234],[-78.1393,36.1349],[-78.1536,36.1398]]]},"properties":{"hex_id":"872a8906effffff","value":12.6}},{"type":"Feature","geometry":{"type":"Polygon","coordinates":[[[-78.2278,36.1872],[-78.2407,36.1806],[-78.2392,36.1691],[-78.2249,36.1642],[-78.2121,36.1708],[-78.2136,36.1824],[-78.2278,36.1872]]]},"properties":{"hex_id":"872a89070ffffff","value":-8.52}},{"type":"Feature","geometry":{"type":"Polygon","coordinates":[[[-78.2121,36.1708],[-78.2249,36.1642],[-78.2235,36.1527],[-78.2092,36.1478],[-78.1964,36.1544],[-78.1978,36.166],[-78.2121,36.1708]]]},"properties":{"hex_id":"872a89071ffffff","value":-3.99}},{"type":"Feature","geometry":{"type":"Polygon","coordinates":[[[-78.2165,36.2054],[-78.2293,36.1988],[-78.2278,36.1872],[-78.2136,36.1824],[-78.2007,36.189],[-78.2022,36.2005],[-78.2165,36.2054]]]},"properties":{"hex_id":"872a89074ffffff","value":-1.89}},{"type":"Feature","geometry":{"type":"Polygon","coordinates":[[[-78.2007,36.189],[-78.2136,36.1824],[-78.2121,36.1708],[-78.1978,36.166],[-78.185,36.1726],[-78.1864,36.1841],[-78.2007,36.189]]]},"properties":{"hex_id":"872a89075ffffff","value":-4.34}},{"type":"Feature","geometry":{"type":"Polygon","coordinates":[[[-78.2383,36.3786],[-78.2511,36.372],[-78.2497,36.3604],[-78.2353,36.3555],[-78.2225,36.3622],[-78.2239,36.3738],[-78.2383,36.3786]]]},"properties":{"hex_id":"872a89100ffffff","value":3.67}},{"type":"Feature","geometry":{"type":"Polygon","coordinates":[[[-78.2225,36.3622],[-78.2353,36.3555],[-78.2339,36.344],[-78.2195,36.3391],[-78.2067,36.3457],[-78.2081,36.3573],[-78.2225,36.3622]]]},"properties":{"hex_id":"872a89101ffffff","value":4.92}},{"type":"Feature","geometry":{"type":"Polygon","coordinates":[[[-78.2655,36.3769],[-78.2784,36.3702],[-78.2769,36.3586],[-78.2626,36.3537],[-78.2497,36.3604],[-78.2511,36.372],[-78.2655,36.3769]]]},"properties":{"hex_id":"872a89102ffffff","value":-0.54}},{"type":"Feature","geometry":{"type":"Polygon","coordinates":[[[-78.2497,36.3604],[-78.2626,36.3537],[-78.2611,36.3422],[-78.2468,36.3373],[-78.2339,36.344],[-78.2353,36.3555],[-78.2497,36.3604]]]},"properties":{"hex_id":"872a89103ffffff","value":-0.99}},{"type":"Feature","geometry":{"type":"Polygon","coordinates":[[[-78.2268,36.3969],[-78.2397,36.3902],[-78.2383,36.3786],[-78.2239,36.3738],[-78.211,36.3804],[-78.2125,36.392],[-78.2268,36.3969]]]},"properties":{"hex_id":"872a89104ffffff","value":5.04}},{"type":"Feature","geometry":{"type":"Polygon","coordinates":[[[-78.211,36.3804],[-78.2239,36.3738],[-78.2225,36.3622],[-78.2081,36.3573],[-78.1952,36.364],[-78.1967,36.3755],[-78.211,36.3804]]]},"properties":{"hex_id":"872a89105ffffff","value":4.9}},{"type":"Feature","geometry":{"type":"Polygon","coordinates":[[[-78.2541,36.3951],[-78.267,36.3884],[-78.2655,36.3769],[-78.2511,36.372],[-78.2383,36.3786],[-78.2397,36.3902],[-78.2541,36.3951]]]},"properties":{"hex_id":"872a89106ffffff","value":3.74}},{"type":"Feature","geometry":{"type":"Polygon","coordinates":[[[-78.2181,36.3275],[-78.231,36.3209],[-78.2295,36.3093],[-78.2152,36.3044],[-78.2023,36.3111],[-78.2038,36.3226],[-78.2181,36.3275]]]},"properties":{"hex_id":"872a89108ffffff","value":-0.41}},{"type":"Feature","geometry":{"type":"Polygon","coordinates":[[[-78.2023,36.3111],[-78.2152,36.3044],[-78.2137,36.2929],[-78.1994,36.288],[-78.1866,36.2946],[-78.188,36.3062],[-78.2023,36.3111]]]},"properties":{"hex_id":"872a89109ffffff","value":-3.6}},{"type":"Feature","geometry":{"type":"Polygon","coordinates":[[[-78.2453,36.3257],[-78.2582,36.3191],[-78.2567,36.3075],[-78.2424,36.3026],[-78.2295,36.3093],[-78.231,36.3209],[-78.2453,36.3257]]]},"properties":{"hex_id":"872a8910affffff","value":2.25}},{"type":"Feature","geometry":{"type":"Polygon","coordinates":[[[-78.2295,36.3093],[-78.2424,36.3026],[-78.2409,36.2911],[-78.2266,36.2862],[-78.2137,36.2929],[-78.2152,36.3044],[-78.2295,36.3093]]]},"properties":{"hex_id":"872a8910bffffff","value":-0.68}},{"type":"Feature","geometry":{"type":"Polygon","coordinates":[[[-78.2067,36.3457],[-78.2195,36.3391],[-78.2181,36.3275],[-78.2038,36.3226],[-78.1909,36.3293],[-78.1923,36.3408],[-78.2067,36.3457]]]},"properties":{"hex_id":"872a8910cffffff","value":2.73}},{"type":"Feature","geometry":{"type":"Polygon","coordinates":[[[-78.1909,36.3293],[-78.2038,36.3226],[-78.2023,36.3111],[-78.188,36.3062],[-78.1751,36.3128],[-78.1766,36.3244],[-78.1909,36.3293]]]},"properties":{"hex_id":"872a8910dffffff","value":-5.54}},{"type":"Feature","geometry":{"type":"Polygon","coordinates":[[[-78.2339,36.344],[-78.2468,36.3373],[-78.2453,36.3257],[-78.231,36.3209],[-78.2181,36.3275],[-78.2195,36.3391],[-78.2339,36.344]]]},"properties":{"hex_id":"872a8910effffff","value":3.7}},{"type":"Feature","geometry":{"type":"Polygon","coordinates":[[[-78.2611,36.3422],[-78.274,36.3355],[-78.2725,36.324],[-78.2582,36.3191],[-78.2453,36.3257],[-78.2468,36.3373],[-78.2611,36.3422]]]},"properties":{"hex_id":"872a8911dffffff","value":3.68}},{"type":"Feature","geometry":{"type":"Polygon","coordinates":[[[-78.1881,36.4169],[-78.201,36.4102],[-78.1996,36.3987],[-78.1852,36.3938],[-78.1723,36.4004],[-78.1738,36.412],[-78.1881,36.4169]]]},"properties":{"hex_id":"872a89120ffffff","value":3.54}},{"type":"Feature","geometry":{"type":"Polygon","coordinates":[[[-78.1723,36.4004],[-78.1852,36.3938],[-78.1838,36.3822],[-78.1694,36.3773],[-78.1565,36.384],[-78.158,36.3955],[-78.1723,36.4004]]]},"properties":{"hex_id":"872a89121ffffff","value":0.1}},{"type":"Feature","geometry":{"type":"Polygon","coordinates":[[[-78.2154,36.4151],[-78.2283,36.4084],[-78.2268,36.3969],[-78.2125,36.392],[-78.1996,36.3987],[-78.201,36.4102],[-78.2154,36.4151]]]},"properties":{"hex_id":"872a89122ffffff","value":5.97}},{"type":"Feature","geometry":{"type":"Polygon","coordinates":[[[-78.1996,36.3987],[-78.2125,36.392],[-78.211,36.3804],[-78.1967,36.3755],[-78.1838,36.3822],[-78.1852,36.3938],[-78.1996,36.3987]]]},"properties":{"hex_id":"872a89123ffffff","value":2.64}},{"type":"Feature","geometry":{"type":"Polygon","coordinates":[[[-78.1767,36.4351],[-78.1896,36.4285],[-78.1881,36.4169],[-78.1738,36.412],[-78.1609,36.4187],[-78.1623,36.4302],[-78.1767,36.4351]]]},"properties":{"hex_id":"872a89124ffffff","value":3.77}},{"type":"Feature","geometry":{"type":"Polygon","coordinates":[[[-78.1609,36.4187],[-78.1738,36.412],[-78.1723,36.4004],[-78.158,36.3955],[-78.1451,36.4022],[-78.1465,36.4138],[-78.1609,36.4187]]]},"properties":{"hex_id":"872a89125ffffff","value":2.64}},{"type":"Feature","geometry":{"type":"Polygon","coordinates":[[[-78.2039,36.4334],[-78.2168,36.4267],[-78.2154,36.4151],[-78.201,36.4102],[-78.1881,36.4169],[-78.1896,36.4285],[-78.2039,36.4334]]]},"properties":{"hex_id":"872a89126ffffff","value":2.87}},{"type":"Feature","geometry":{"type":"Polygon","coordinates":[[[-78.168,36.3657],[-78.1809,36.3591],[-78.1795,36.3475],[-78.1651,36.3426],[-78.1522,36.3493],[-78.1537,36.3608],[-78.168,36.3657]]]},"properties":{"hex_id":"872a89128ffffff","value":-4.97}},{"type":"Feature","geometry":{"type":"Polygon","coordinates":[[[-78.1522,36.3493],[-78.1651,36.3426],[-78.1637,36.331],[-78.1494,36.3261],[-78.1365,36.3328],[-78.1379,36.3444],[-78.1522,36.3493]]]},"properties":{"hex_id":"872a89129ffffff","value":0.31}},{"type":"Feature","geometry":{"type":"Polygon","coordinates":[[[-78.1952,36.364],[-78.2081,36.3573],[-78.2067,36.3457],[-78.1923,36.3408],[-78.1795,36.3475],[-78.1809,36.3591],[-78.1952,36.364]]]},"properties":{"hex_id":"872a8912affffff","value":-0.81}},{"type":"Feature","geometry":{"type":"Polygon","coordinates":[[[-78.1795,36.3475],[-78.1923,36.3408],[-78.1909,36.3293],[-78.1766,36.3244],[-78.1637,36.331],[-78.1651,36.3426],[-78.1795,36.3475]]]},"properties":{"hex_id":"872a8912bffffff","value":-2.9}},{"type":"Feature","geometry":{"type":"Polygon","coordinates":[[[-78.1565,36.384],[-78.1694,36.3773],[-78.168,36.3657],[-78.1537,36.3608],[-78.1408,36.3675],[-78.1422,36.379],[-78.1565,36.384]]]},"properties":{"hex_id":"872a8912cffffff","value":-4.68}},{"type":"Feature","geometry":{"type":"Polygon","coordinates":[[[-78.1408,36.3675],[-78.1537,36.3608],[-78.1522,36.3493],[-78.1379,36.3444],[-78.125,36.351],[-78.1264,36.3626],[-78.1408,36.3675]]]},"properties":{"hex_id":"872a8912dffffff","value":-4.55}},{"type":"Feature","geometry":{"type":"Polygon","coordinates":[[[-78.1838,36.3822],[-78.1967,36.3755],[-78.1952,36.364],[-78.1809,36.3591],[-78.168,36.3657],[-78.1694,36.3773],[-78.1838,36.3822]]]},"properties":{"hex_id":"872a8912effffff","value":-1.39}},{"type":"Feature","geometry":{"type":"Polygon","coordinates":[[[-78.2585,36.4298],[-78.2714,36.4231],[-78.2699,36.4116],[-78.2555,36.4067],[-78.2426,36.4133],[-78.2441,36.4249],[-78.2585,36.4298]]]},"properties":{"hex_id":"872a89130ffffff","value":2.17}},{"type":"Feature","geometry":{"type":"Polygon","coordinates":[[[-78.2426,36.4133],[-78.2555,36.4067],[-78.2541,36.3951],[-78.2397,36.3902],[-78.2268,36.3969],[-78.2283,36.4084],[-78.2426,36.4133]]]},"properties":{"hex_id":"872a89131ffffff","value":6.12}},{"type":"Feature","geometry":{"type":"Polygon","coordinates":[[[-78.2857,36.428],[-78.2986,36.4213],[-78.2971,36.4098],[-78.2828,36.4049],[-78.2699,36.4116],[-78.2714,36.4231],[-78.2857,36.428]]]},"properties":{"hex_id":"872a89132ffffff","value":7.95}},{"type":"Feature","geometry":{"type":"Polygon","coordinates":[[[-78.2699,36.4116],[-78.2828,36.4049],[-78.2813,36.3933],[-78.267,36.3884],[-78.2541,36.3951],[-78.2555,36.4067],[-78.2699,36.4116]]]},"properties":{"hex_id":"872a89133ffffff","value":-0.42}},{"type":"Feature","geometry":{"type":"Polygon","coordinates":[[[-78.247,36.4481],[-78.2599,36.4414],[-78.2585,36.4298],[-78.2441,36.4249],[-78.2312,36.4316],[-78.2327,36.4432],[-78.247,36.4481]]]},"properties":{"hex_id":"872a89134ffffff","value":0.25}},{"type":"Feature","geometry":{"type":"Polygon","coordinates":[[[-78.2312,36.4316],[-78.2441,36.4249],[-78.2426,36.4133],[-78.2283,36.4084],[-78.2154,36.4151],[-78.2168,36.4267],[-78.2312,36.4316]]]},"properties":{"hex_id":"872a89135ffffff","value":2.0}},{"type":"Feature","geometry":{"type":"Polygon","coordinates":[[[-78.2743,36.4463],[-78.2872,36.4396],[-78.2857,36.428],[-78.2714,36.4231],[-78.2585,36.4298],[-78.2599,36.4414],[-78.2743,36.4463]]]},"properties":{"hex_id":"872a89136ffffff","value":-3.73}},{"type":"Feature","geometry":{"type":"Polygon","coordinates":[[[-78.1279,36.2635],[-78.1408,36.2569],[-78.1393,36.2453],[-78.125,36.2404],[-78.1122,36.2471],[-78.1136,36.2586],[-78.1279,36.2635]]]},"properties":{"hex_id":"872a89140ffffff","value":-3.74}},{"type":"Feature","geometry":{"type":"Polygon","coordinates":[[[-78.1122,36.2471],[-78.125,36.2404],[-78.1236,36.2289],[-78.1093,36.224],[-78.0964,36.2306],[-78.0979,36.2422],[-78.1122,36.2471]]]},"properties":{"hex_id":"872a89141ffffff","value":-2.85}},{"type":"Feature","geometry":{"type":"Polygon","coordinates":[[[-78.1551,36.2617],[-78.1679,36.2551],[-78.1665,36.2436],[-78.1522,36.2387],[-78.1393,36.2453],[-78.1408,36.2569],[-78.1551,36.2617]]]},"properties":{"hex_id":"872a89142ffffff","value":-3.96}},{"type":"Feature","geometry":{"type":"Polygon","coordinates":[[[-78.1393,36.2453],[-78.1522,36.2387],[-78.1508,36.2271],[-78.1365,36.2222],[-78.1236,36.2289],[-78.125,36.2404],[-78.1393,36.2453]]]},"properties":{"hex_id":"872a89143ffffff","value":-3.42}},{"type":"Feature","geometry":{"type":"Polygon","coordinates":[[[-78.1164,36.2817],[-78.1293,36.275],[-78.1279,36.2635],[-78.1136,36.2586],[-78.1007,36.2652],[-78.1021,36.2768],[-78.1164,36.2817]]]},"properties":{"hex_id":"872a89144ffffff","value":1.19}},{"type":"Feature","geometry":{"type":"Polygon","coordinates":[[[-78.1007,36.2652],[-78.1136,36.2586],[-78.1122,36.2471],[-78.0979,36.2422],[-78.085,36.2488],[-78.0864,36.2603],[-78.1007,36.2652]]]},"properties":{"hex_id":"872a89145ffffff","value":1.73}},{"type":"Feature","geometry":{"type":"Polygon","coordinates":[[[-78.1436,36.2799],[-78.1565,36.2733],[-78.1551,36.2617],[-78.1408,36.2569],[-78.1279,36.2635],[-78.1293,36.275],[-78.1436,36.2799]]]},"properties":{"hex_id":"872a89146ffffff","value":3.83}},{"type":"Feature","geometry":{"type":"Polygon","coordinates":[[[-78.1079,36.2124],[-78.1208,36.2058],[-78.1193,36.1943],[-78.105,36.1894],[-78.0922,36.196],[-78.0936,36.2075],[-78.1079,36.2124]]]},"properties":{"hex_id":"872a89148ffffff","value":-2.16}},{"type":"Feature","geometry":{"type":"Polygon","coordinates":[[[-78.0922,36.196],[-78.105,36.1894],[-78.1036,36.1778],[-78.0894,36.173],[-78.0765,36.1796],[-78.0779,36.1911],[-78.0922,36.196]]]},"properties":{"hex_id":"872a89149ffffff","value":1.41}},{"type":"Feature","geometry":{"type":"Polygon","coordinates":[[[-78.135,36.2107],[-78.1479,36.2041],[-78.1465,36.1925],[-78.1322,36.1876],[-78.1193,36.1943],[-78.1208,36.2058],[-78.135,36.2107]]]},"properties":{"hex_id":"872a8914affffff","value":0.88}},{"type":"Feature","geometry":{"type":"Polygon","coordinates":[[[-78.1193,36.1943],[-78.1322,36.1876],[-78.1308,36.1761],[-78.1165,36.1712],[-78.1036,36.1778],[-78.105,36.1894],[-78.1193,36.1943]]]},"properties":{"hex_id":"872a8914bffffff","value":3.87}},{"type":"Feature","geometry":{"type":"Polygon","coordinates":[[[-78.0964,36.2306],[-78.1093,36.224],[-78.1079,36.2124],[-78.0936,36.2075],[-78.0807,36.2142],[-78.0822,36.2257],[-78.0964,36.2306]]]},"properties":{"hex_id":"872a8914cffffff","value":2.58}},{"type":"Feature","geometry":{"type":"Polygon","coordinates":[[[-78.0807,36.2142],[-78.0936,36.2075],[-78.0922,36.196],[-78.0779,36.1911],[-78.0651,36.1978],[-78.0665,36.2093],[-78.0807,36.2142]]]},"properties":{"hex_id":"872a8914dffffff","value":-1.19}},{"type":"Feature","geometry":{"type":"Polygon","coordinates":[[[-78.1236,36.2289],[-78.1365,36.2222],[-78.135,36.2107],[-78.1208,36.2058],[-78.1079,36.2124],[-78.1093,36.224],[-78.1236,36.2289]]]},"properties":{"hex_id":"872a8914effffff","value":-2.16}},{"type":"Feature","geometry":{"type":"Polygon","coordinates":[[[-78.198,36.2764],[-78.2108,36.2698],[-78.2094,36.2582],[-78.1951,36.2533],[-78.1822,36.26],[-78.1837,36.2715],[-78.198,36.2764]]]},"properties":{"hex_id":"872a89150ffffff","value":1.98}},{"type":"Feature","geometry":{"type":"Polygon","coordinates":[[[-78.1822,36.26],[-78.1951,36.2533],[-78.1936,36.2418],[-78.1793,36.2369],[-78.1665,36.2436],[-78.1679,36.2551],[-78.1822,36.26]]]},"properties":{"hex_id":"872a89151ffffff","value":-0.87}},{"type":"Feature","geometry":{"type":"Polygon","coordinates":[[[-78.2252,36.2747],[-78.238,36.268],[-78.2366,36.2565],[-78.2223,36.2516],[-78.2094,36.2582],[-78.2108,36.2698],[-78.2252,36.2747]]]},"properties":{"hex_id":"872a89152ffffff","value":-0.65}},{"type":"Feature","geometry":{"type":"Polygon","coordinates":[[[-78.2094,36.2582],[-78.2223,36.2516],[-78.2208,36.24],[-78.2065,36.2351],[-78.1936,36.2418],[-78.1951,36.2533],[-78.2094,36.2582]]]},"properties":{"hex_id":"872a89153ffffff","value":0.17}},{"type":"Feature","geometry":{"type":"Polygon","coordinates":[[[-78.1866,36.2946],[-78.1994,36.288],[-78.198,36.2764],[-78.1837,36.2715],[-78.1708,36.2782],[-78.1722,36.2897],[-78.1866,36.2946]]]},"properties":{"hex_id":"872a89154ffffff","value":-6.79}},{"type":"Feature","geometry":{"type":"Polygon","coordinates":[[[-78.1708,36.2782],[-78.1837,36.2715],[-78.1822,36.26],[-78.1679,36.2551],[-78.1551,36.2617],[-78.1565,36.2733],[-78.1708,36.2782]]]},"properties":{"hex_id":"872a89155ffffff","value":-1.62}},{"type":"Feature","geometry":{"type":"Polygon","coordinates":[[[-78.2137,36.2929],[-78.2266,36.2862],[-78.2252,36.2747],[-78.2108,36.2698],[-78.198,36.2764],[-78.1994,36.288],[-78.2137,36.2929]]]},"properties":{"hex_id":"872a89156ffffff","value":-1.87}},{"type":"Feature","geometry":{"type":"Polygon","coordinates":[[[-78.1779,36.2254],[-78.1908,36.2187],[-78.1893,36.2072],[-78.175,36.2023],[-78.1622,36.2089],[-78.1636,36.2205],[-78.1779,36.2254]]]},"properties":{"hex_id":"872a89158ffffff","value":-0.76}},{"type":"Feature","geometry":{"type":"Polygon","coordinates":[[[-78.1622,36.2089],[-78.175,36.2023],[-78.1736,36.1908],[-78.1593,36.1859],[-78.1465,36.1925],[-78.1479,36.2041],[-78.1622,36.2089]]]},"properties":{"hex_id":"872a89159ffffff","value":4.02}},{"type":"Feature","geometry":{"type":"Polygon","coordinates":[[[-78.2051,36.2236],[-78.2179,36.217],[-78.2165,36.2054],[-78.2022,36.2005],[-78.1893,36.2072],[-78.1908,36.2187],[-78.2051,36.2236]]]},"properties":{"hex_id":"872a8915affffff","value":0.88}},{"type":"Feature","geometry":{"type":"Polygon","coordinates":[[[-78.1893,36.2072],[-78.2022,36.2005],[-78.2007,36.189],[-78.1864,36.1841],[-78.1736,36.1908],[-78.175,36.2023],[-78.1893,36.2072]]]},"properties":{"hex_id":"872a8915bffffff","value":0.26}},{"type":"Feature","geometry":{"type":"Polygon","coordinates":[[[-78.1665,36.2436],[-78.1793,36.2369],[-78.1779,36.2254],[-78.1636,36.2205],[-78.1508,36.2271],[-78.1522,36.2387],[-78.1665,36.2436]]]},"properties":{"hex_id":"872a8915cffffff","value":-2.55}},{"type":"Feature","geometry":{"type":"Polygon","coordinates":[[[-78.1508,36.2271],[-78.1636,36.2205],[-78.1622,36.2089],[-78.1479,36.2041],[-78.135,36.2107],[-78.1365,36.2222],[-78.1508,36.2271]]]},"properties":{"hex_id":"872a8915dffffff","value":3.2}},{"type":"Feature","geometry":{"type":"Polygon","coordinates":[[[-78.1936,36.2418],[-78.2065,36.2351],[-78.2051,36.2236],[-78.1908,36.2187],[-78.1779,36.2254],[-78.1793,36.2369],[-78.1936,36.2418]]]},"properties":{"hex_id":"872a8915effffff","value":1.59}},{"type":"Feature","geometry":{"type":"Polygon","coordinates":[[[-78.0778,36.3016],[-78.0907,36.295],[-78.0893,36.2834],[-78.075,36.2785],[-78.0621,36.2852],[-78.0635,36.2967],[-78.0778,36.3016]]]},"properties":{"hex_id":"872a89160ffffff","value":3.68}},{"type":"Feature","geometry":{"type":"Polygon","coordinates":[[[-78.0621,36.2852],[-78.075,36.2785],[-78.0735,36.267],[-78.0592,36.2621],[-78.0464,36.2687],[-78.0478,36.2803],[-78.0621,36.2852]]]},"properties":{"hex_id":"872a89161ffffff","value":7.5}},{"type":"Feature","geometry":{"type":"Polygon","coordinates":[[[-78.105,36.2999],[-78.1179,36.2932],[-78.1164,36.2817],[-78.1021,36.2768],[-78.0893,36.2834],[-78.0907,36.295],[-78.105,36.2999]]]},"properties":{"hex_id":"872a89162ffffff","value":4.42}},{"type":"Feature","geometry":{"type":"Polygon","coordinates":[[[-78.0893,36.2834],[-78.1021,36.2768],[-78.1007,36.2652],[-78.0864,36.2603],[-78.0735,36.267],[-78.075,36.2785],[-78.0893,36.2834]]]},"properties":{"hex_id":"872a89163ffffff","value":6.67}},{"type":"Feature","geometry":{"type":"Polygon","coordinates":[[[-78.0663,36.3198],[-78.0792,36.3132],[-78.0778,36.3016],[-78.0635,36.2967],[-78.0506,36.3034],[-78.052,36.3149],[-78.0663,36.3198]]]},"properties":{"hex_id":"872a89164ffffff","value":3.24}},{"type":"Feature","geometry":{"type":"Polygon","coordinates":[[[-78.0506,36.3034],[-78.0635,36.2967],[-78.0621,36.2852],[-78.0478,36.2803],[-78.0349,36.2869],[-78.0363,36.2985],[-78.0506,36.3034]]]},"properties":{"hex_id":"872a89165ffffff","value":5.53}},{"type":"Feature","geometry":{"type":"Polygon","coordinates":[[[-78.0935,36.3181],[-78.1064,36.3114],[-78.105,36.2999],[-78.0907,36.295],[-78.0778,36.3016],[-78.0792,36.3132],[-78.0935,36.3181]]]},"properties":{"hex_id":"872a89166ffffff","value":5.5}},{"type":"Feature","geometry":{"type":"Polygon","coordinates":[[[-78.0578,36.2505],[-78.0707,36.2439],[-78.0693,36.2324],[-78.055,36.2275],[-78.0421,36.2341],[-78.0435,36.2456],[-78.0578,36.2505]]]},"properties":{"hex_id":"872a89168ffffff","value":3.98}},{"type":"Feature","geometry":{"type":"Polygon","coordinates":[[[-78.0421,36.2341],[-78.055,36.2275],[-78.0536,36.2159],[-78.0393,36.211],[-78.0264,36.2176],[-78.0279,36.2292],[-78.0421,36.2341]]]},"properties":{"hex_id":"872a89169ffffff","value":-1.67}},{"type":"Feature","geometry":{"type":"Polygon","coordinates":[[[-78.085,36.2488],[-78.0979,36.2422],[-78.0964,36.2306],[-78.0822,36.2257],[-78.0693,36.2324],[-78.0707,36.2439],[-78.085,36.2488]]]},"properties":{"hex_id":"872a8916affffff","value":-0.25}},{"type":"Feature","geometry":{"type":"Polygon","coordinates":[[[-78.0693,36.2324],[-78.0822,36.2257],[-78.0807,36.2142],[-78.0665,36.2093],[-78.0536,36.2159],[-78.055,36.2275],[-78.0693,36.2324]]]},"properties":{"hex_id":"872a8916bffffff","value":0.73}},{"type":"Feature","geometry":{"type":"Polygon","coordinates":[[[-78.0464,36.2687],[-78.0592,36.2621],[-78.0578,36.2505],[-78.0435,36.2456],[-78.0307,36.2523],[-78.0321,36.2638],[-78.0464,36.2687]]]},"properties":{"hex_id":"872a8916cffffff","value":6.38}},{"type":"Feature","geometry":{"type":"Polygon","coordinates":[[[-78.0307,36.2523],[-78.0435,36.2456],[-78.0421,36.2341],[-78.0279,36.2292],[-78.015,36.2358],[-78.0164,36.2474],[-78.0307,36.2523]]]},"properties":{"hex_id":"872a8916dffffff","value":0.36}},{"type":"Feature","geometry":{"type":"Polygon","coordinates":[[[-78.0735,36.267],[-78.0864,36.2603],[-78.085,36.2488],[-78.0707,36.2439],[-78.0578,36.2505],[-78.0592,36.2621],[-78.0735,36.267]]]},"properties":{"hex_id":"872a8916effffff","value":5.24}},{"type":"Feature","geometry":{"type":"Polygon","coordinates":[[[-78.1479,36.3146],[-78.1608,36.3079],[-78.1594,36.2964],[-78.1451,36.2915],[-78.1322,36.2981],[-78.1336,36.3097],[-78.1479,36.3146]]]},"properties":{"hex_id":"872a89170ffffff","value":3.05}},{"type":"Feature","geometry":{"type":"Polygon","coordinates":[[[-78.1322,36.2981],[-78.1451,36.2915],[-78.1436,36.2799],[-78.1293,36.275],[-78.1164,36.2817],[-78.1179,36.2932],[-78.1322,36.2981]]]},"properties":{"hex_id":"872a89171ffffff","value":7.58}},{"type":"Feature","geometry":{"type":"Polygon","coordinates":[[[-78.1751,36.3128],[-78.188,36.3062],[-78.1866,36.2946],[-78.1722,36.2897],[-78.1594,36.2964],[-78.1608,36.3079],[-78.1751,36.3128]]]},"properties":{"hex_id":"872a89172ffffff","value":-3.9}},{"type":"Feature","geometry":{"type":"Polygon","coordinates":[[[-78.1594,36.2964],[-78.1722,36.2897],[-78.1708,36.2782],[-78.1565,36.2733],[-78.1436,36.2799],[-78.1451,36.2915],[-78.1594,36.2964]]]},"properties":{"hex_id":"872a89173ffffff","value":5.8}},{"type":"Feature","geometry":{"type":"Polygon","coordinates":[[[-78.1365,36.3328],[-78.1494,36.3261],[-78.1479,36.3146],[-78.1336,36.3097],[-78.1207,36.3163],[-78.1222,36.3279],[-78.1365,36.3328]]]},"properties":{"hex_id":"872a89174ffffff","value":3.33}},{"type":"Feature","geometry":{"type":"Polygon","coordinates":[[[-78.1207,36.3163],[-78.1336,36.3097],[-78.1322,36.2981],[-78.1179,36.2932],[-78.105,36.2999],[-78.1064,36.3114],[-78.1207,36.3163]]]},"properties":{"hex_id":"872a89175ffffff","value":6.84}},{"type":"Feature","geometry":{"type":"Polygon","coordinates":[[[-78.1637,36.331],[-78.1766,36.3244],[-78.1751,36.3128],[-78.1608,36.3079],[-78.1479,36.3146],[-78.1494,36.3261],[-78.1637,36.331]]]},"properties":{"hex_id":"872a89176ffffff","value":-2.15}},{"type":"Feature","geometry":{"type":"Polygon","coordinates":[[[-77.9668,36.5186],[-77.9798,36.5119],[-77.9784,36.5003],[-77.964,36.4954],[-77.9511,36.5021],[-77.9525,36.5136],[-77.9668,36.5186]]]},"properties":{"hex_id":"872a89800ffffff","value":3.22}},{"type":"Feature","geometry":{"type":"Polygon","coordinates":[[[-77.9511,36.5021],[-77.964,36.4954],[-77.9626,36.4838],[-77.9483,36.4789],[-77.9353,36.4855],[-77.9367,36.4971],[-77.9511,36.5021]]]},"properties":{"hex_id":"872a89801ffffff","value":5.51}},{"type":"Feature","geometry":{"type":"Polygon","coordinates":[[[-77.9942,36.5169],[-78.0071,36.5102],[-78.0057,36.4986],[-77.9914,36.4937],[-77.9784,36.5003],[-77.9798,36.5119],[-77.9942,36.5169]]]},"properties":{"hex_id":"872a89802ffffff","value":2.17}},{"type":"Feature","geometry":{"type":"Polygon","coordinates":[[[-77.9784,36.5003],[-77.9914,36.4937],[-77.99,36.4821],[-77.9756,36.4772],[-77.9626,36.4838],[-77.964,36.4954],[-77.9784,36.5003]]]},"properties":{"hex_id":"872a89803ffffff","value":2.08}},{"type":"Feature","geometry":{"type":"Polygon","coordinates":[[[-77.9553,36.5368],[-77.9682,36.5302],[-77.9668,36.5186],[-77.9525,36.5136],[-77.9395,36.5203],[-77.9409,36.5319],[-77.9553,36.5368]]]},"properties":{"hex_id":"872a89804ffffff","value":3.39}},{"type":"Feature","geometry":{"type":"Polygon","coordinates":[[[-77.9395,36.5203],[-77.9525,36.5136],[-77.9511,36.5021],[-77.9367,36.4971],[-77.9238,36.5038],[-77.9252,36.5154],[-77.9395,36.5203]]]},"properties":{"hex_id":"872a89805ffffff","value":5.37}},{"type":"Feature","geometry":{"type":"Polygon","coordinates":[[[-77.9826,36.5351],[-77.9956,36.5285],[-77.9942,36.5169],[-77.9798,36.5119],[-77.9668,36.5186],[-77.9682,36.5302],[-77.9826,36.5351]]]},"properties":{"hex_id":"872a89806ffffff","value":0.0}},{"type":"Feature","geometry":{"type":"Polygon","coordinates":[[[-77.9469,36.4673],[-77.9599,36.4606],[-77.9585,36.4491],[-77.9441,36.4441],[-77.9312,36.4508],[-77.9326,36.4624],[-77.9469,36.4673]]]},"properties":{"hex_id":"872a89808ffffff","value":-0.16}},{"type":"Feature","geometry":{"type":"Polygon","coordinates":[[[-77.9312,36.4508],[-77.9441,36.4441],[-77.9427,36.4326],[-77.9284,36.4276],[-77.9155,36.4343],[-77.9168,36.4458],[-77.9312,36.4508]]]},"properties":{"hex_id":"872a89809ffffff","value":6.56}},{"type":"Feature","geometry":{"type":"Polygon","coordinates":[[[-77.9742,36.4656],[-77.9871,36.4589],[-77.9857,36.4473],[-77.9714,36.4424],[-77.9585,36.4491],[-77.9599,36.4606],[-77.9742,36.4656]]]},"properties":{"hex_id":"872a8980affffff","value":-0.86}},{"type":"Feature","geometry":{"type":"Polygon","coordinates":[[[-77.9585,36.4491],[-77.9714,36.4424],[-77.97,36.4308],[-77.9557,36.4259],[-77.9427,36.4326],[-77.9441,36.4441],[-77.9585,36.4491]]]},"properties":{"hex_id":"872a8980bffffff","value":1.92}},{"type":"Feature","geometry":{"type":"Polygon","coordinates":[[[-77.9353,36.4855],[-77.9483,36.4789],[-77.9469,36.4673],[-77.9326,36.4624],[-77.9196,36.469],[-77.921,36.4806],[-77.9353,36.4855]]]},"properties":{"hex_id":"872a8980cffffff","value":1.47}},{"type":"Feature","geometry":{"type":"Polygon","coordinates":[[[-77.9196,36.469],[-77.9326,36.4624],[-77.9312,36.4508],[-77.9168,36.4458],[-77.9039,36.4525],[-77.9053,36.4641],[-77.9196,36.469]]]},"properties":{"hex_id":"872a8980dffffff","value":-2.0}},{"type":"Feature","geometry":{"type":"Polygon","coordinates":[[[-77.9626,36.4838],[-77.9756,36.4772],[-77.9742,36.4656],[-77.9599,36.4606],[-77.9469,36.4673],[-77.9483,36.4789],[-77.9626,36.4838]]]},"properties":{"hex_id":"872a8980effffff","value":-0.14}},{"type":"Feature","geometry":{"type":"Polygon","coordinates":[[[-78.0373,36.5316],[-78.0502,36.525],[-78.0488,36.5134],[-78.0344,36.5085],[-78.0215,36.5151],[-78.0229,36.5267],[-78.0373,36.5316]]]},"properties":{"hex_id":"872a89810ffffff","value":2.71}},{"type":"Feature","geometry":{"type":"Polygon","coordinates":[[[-78.0215,36.5151],[-78.0344,36.5085],[-78.033,36.4969],[-78.0187,36.492],[-78.0057,36.4986],[-78.0071,36.5102],[-78.0215,36.5151]]]},"properties":{"hex_id":"872a89811ffffff","value":-3.9}},{"type":"Feature","geometry":{"type":"Polygon","coordinates":[[[-78.0646,36.5299],[-78.0775,36.5232],[-78.0761,36.5117],[-78.0617,36.5067],[-78.0488,36.5134],[-78.0502,36.525],[-78.0646,36.5299]]]},"properties":{"hex_id":"872a89812ffffff","value":0.74}},{"type":"Feature","geometry":{"type":"Polygon","coordinates":[[[-78.0488,36.5134],[-78.0617,36.5067],[-78.0603,36.4951],[-78.046,36.4902],[-78.033,36.4969],[-78.0344,36.5085],[-78.0488,36.5134]]]},"properties":{"hex_id":"872a89813ffffff","value":-1.72}},{"type":"Feature","geometry":{"type":"Polygon","coordinates":[[[-78.0257,36.5499],[-78.0387,36.5432],[-78.0373,36.5316],[-78.0229,36.5267],[-78.0099,36.5334],[-78.0113,36.545],[-78.0257,36.5499]]]},"properties":{"hex_id":"872a89814ffffff","value":0.22}},{"type":"Feature","geometry":{"type":"Polygon","coordinates":[[[-78.0099,36.5334],[-78.0229,36.5267],[-78.0215,36.5151],[-78.0071,36.5102],[-77.9942,36.5169],[-77.9956,36.5285],[-78.0099,36.5334]]]},"properties":{"hex_id":"872a89815ffffff","value":3.49}},{"type":"Feature","geometry":{"type":"Polygon","coordinates":[[[-78.0531,36.5482],[-78.066,36.5415],[-78.0646,36.5299],[-78.0502,36.525],[-78.0373,36.5316],[-78.0387,36.5432],[-78.0531,36.5482]]]},"properties":{"hex_id":"872a89816ffffff","value":3.03}},{"type":"Feature","geometry":{"type":"Polygon","coordinates":[[[-78.0173,36.4804],[-78.0302,36.4737],[-78.0288,36.4621],[-78.0144,36.4572],[-78.0015,36.4639],[-78.0029,36.4754],[-78.0173,36.4804]]]},"properties":{"hex_id":"872a89818ffffff","value":3.73}},{"type":"Feature","geometry":{"type":"Polygon","coordinates":[[[-78.0015,36.4639],[-78.0144,36.4572],[-78.013,36.4456],[-77.9987,36.4407],[-77.9857,36.4473],[-77.9871,36.4589],[-78.0015,36.4639]]]},"properties":{"hex_id":"872a89819ffffff","value":3.36}},{"type":"Feature","geometry":{"type":"Polygon","coordinates":[[[-78.0445,36.4786],[-78.0575,36.472],[-78.0561,36.4604],[-78.0417,36.4555],[-78.0288,36.4621],[-78.0302,36.4737],[-78.0445,36.4786]]]},"properties":{"hex_id":"872a8981affffff","value":0.32}},{"type":"Feature","geometry":{"type":"Polygon","coordinates":[[[-78.0288,36.4621],[-78.0417,36.4555],[-78.0403,36.4439],[-78.026,36.439],[-78.013,36.4456],[-78.0144,36.4572],[-78.0288,36.4621]]]},"properties":{"hex_id":"872a8981bffffff","value":8.69}},{"type":"Feature","geometry":{"type":"Polygon","coordinates":[[[-78.0057,36.4986],[-78.0187,36.492],[-78.0173,36.4804],[-78.0029,36.4754],[-77.99,36.4821],[-77.9914,36.4937],[-78.0057,36.4986]]]},"properties":{"hex_id":"872a8981cffffff","value":1.27}},{"type":"Feature","geometry":{"type":"Polygon","coordinates":[[[-77.99,36.4821],[-78.0029,36.4754],[-78.0015,36.4639],[-77.9871,36.4589],[-77.9742,36.4656],[-77.9756,36.4772],[-77.99,36.4821]]]},"properties":{"hex_id":"872a8981dffffff","value":6.16}},{"type":"Feature","geometry":{"type":"Polygon","coordinates":[[[-78.033,36.4969],[-78.046,36.4902],[-78.0445,36.4786],[-78.0302,36.4737],[-78.0173,36.4804],[-78.0187,36.492],[-78.033,36.4969]]]},"properties":{"hex_id":"872a8981effffff","value":1.65}},{"type":"Feature","geometry":{"type":"Polygon","coordinates":[[[-77.9006,36.5403],[-77.9136,36.5336],[-77.9122,36.522],[-77.8978,36.5171],[-77.8849,36.5237],[-77.8862,36.5353],[-77.9006,36.5403]]]},"properties":{"hex_id":"872a89821ffffff","value":2.03}},{"type":"Feature","geometry":{"type":"Polygon","coordinates":[[[-77.9437,36.5551],[-77.9567,36.5484],[-77.9553,36.5368],[-77.9409,36.5319],[-77.9279,36.5385],[-77.9293,36.5501],[-77.9437,36.5551]]]},"properties":{"hex_id":"872a89822ffffff","value":1.75}},{"type":"Feature","geometry":{"type":"Polygon","coordinates":[[[-77.9279,36.5385],[-77.9409,36.5319],[-77.9395,36.5203],[-77.9252,36.5154],[-77.9122,36.522],[-77.9136,36.5336],[-77.9279,36.5385]]]},"properties":{"hex_id":"872a89823ffffff","value":1.26}},{"type":"Feature","geometry":{"type":"Polygon","coordinates":[[[-77.8965,36.5055],[-77.9094,36.4988],[-77.908,36.4872],[-77.8937,36.4823],[-77.8807,36.4889],[-77.8821,36.5005],[-77.8965,36.5055]]]},"properties":{"hex_id":"872a89828ffffff","value":3.01}},{"type":"Feature","geometry":{"type":"Polygon","coordinates":[[[-77.8807,36.4889],[-77.8937,36.4823],[-77.8923,36.4707],[-77.878,36.4658],[-77.865,36.4724],[-77.8664,36.484],[-77.8807,36.4889]]]},"properties":{"hex_id":"872a89829ffffff","value":-0.05}},{"type":"Feature","geometry":{"type":"Polygon","coordinates":[[[-77.9238,36.5038],[-77.9367,36.4971],[-77.9353,36.4855],[-77.921,36.4806],[-77.908,36.4872],[-77.9094,36.4988],[-77.9238,36.5038]]]},"properties":{"hex_id":"872a8982affffff","value":3.22}},{"type":"Feature","geometry":{"type":"Polygon","coordinates":[[[-77.908,36.4872],[-77.921,36.4806],[-77.9196,36.469],[-77.9053,36.4641],[-77.8923,36.4707],[-77.8937,36.4823],[-77.908,36.4872]]]},"properties":{"hex_id":"872a8982bffffff","value":-5.31}},{"type":"Feature","geometry":{"type":"Polygon","coordinates":[[[-77.8849,36.5237],[-77.8978,36.5171],[-77.8965,36.5055],[-77.8821,36.5005],[-77.8691,36.5072],[-77.8705,36.5188],[-77.8849,36.5237]]]},"properties":{"hex_id":"872a8982cffffff","value":2.39}},{"type":"Feature","geometry":{"type":"Polygon","coordinates":[[[-77.8691,36.5072],[-77.8821,36.5005],[-77.8807,36.4889],[-77.8664,36.484],[-77.8534,36.4906],[-77.8548,36.5022],[-77.8691,36.5072]]]},"properties":{"hex_id":"872a8982dffffff","value":0.56}},{"type":"Feature","geometry":{"type":"Polygon","coordinates":[[[-77.9122,36.522],[-77.9252,36.5154],[-77.9238,36.5038],[-77.9094,36.4988],[-77.8965,36.5055],[-77.8978,36.5171],[-77.9122,36.522]]]},"properties":{"hex_id":"872a8982effffff","value":0.28}},{"type":"Feature","geometry":{"type":"Polygon","coordinates":[[[-77.971,36.5534],[-77.984,36.5467],[-77.9826,36.5351],[-77.9682,36.5302],[-77.9553,36.5368],[-77.9567,36.5484],[-77.971,36.5534]]]},"properties":{"hex_id":"872a89831ffffff","value":0.04}},{"type":"Feature","geometry":{"type":"Polygon","coordinates":[[[-77.9984,36.5516],[-78.0113,36.545],[-78.0099,36.5334],[-77.9956,36.5285],[-77.9826,36.5351],[-77.984,36.5467],[-77.9984,36.5516]]]},"properties":{"hex_id":"872a89833ffffff","value":-1.29}},{"type":"Feature","geometry":{"type":"Polygon","coordinates":[[[-77.8568,36.4029],[-77.8697,36.3963],[-77.8684,36.3847],[-77.8541,36.3798],[-77.8411,36.3864],[-77.8425,36.398],[-77.8568,36.4029]]]},"properties":{"hex_id":"872a89840ffffff","value":-4.41}},{"type":"Feature","geometry":{"type":"Polygon","coordinates":[[[-77.8411,36.3864],[-77.8541,36.3798],[-77.8527,36.3682],[-77.8384,36.3633],[-77.8254,36.3699],[-77.8268,36.3815],[-77.8411,36.3864]]]},"properties":{"hex_id":"872a89841ffffff","value":-6.4}},{"type":"Feature","geometry":{"type":"Polygon","coordinates":[[[-77.8841,36.4012],[-77.897,36.3946],[-77.8956,36.383],[-77.8813,36.3781],[-77.8684,36.3847],[-77.8697,36.3963],[-77.8841,36.4012]]]},"properties":{"hex_id":"872a89842ffffff","value":2.25}},{"type":"Feature","geometry":{"type":"Polygon","coordinates":[[[-77.8684,36.3847],[-77.8813,36.3781],[-77.8799,36.3665],[-77.8656,36.3616],[-77.8527,36.3682],[-77.8541,36.3798],[-77.8684,36.3847]]]},"properties":{"hex_id":"872a89843ffffff","value":-1.95}},{"type":"Feature","geometry":{"type":"Polygon","coordinates":[[[-77.8452,36.4211],[-77.8582,36.4145],[-77.8568,36.4029],[-77.8425,36.398],[-77.8295,36.4046],[-77.8309,36.4162],[-77.8452,36.4211]]]},"properties":{"hex_id":"872a89844ffffff","value":-2.94}},{"type":"Feature","geometry":{"type":"Polygon","coordinates":[[[-77.8295,36.4046],[-77.8425,36.398],[-77.8411,36.3864],[-77.8268,36.3815],[-77.8139,36.3881],[-77.8152,36.3997],[-77.8295,36.4046]]]},"properties":{"hex_id":"872a89845ffffff","value":-4.57}},{"type":"Feature","geometry":{"type":"Polygon","coordinates":[[[-77.8725,36.4195],[-77.8854,36.4128],[-77.8841,36.4012],[-77.8697,36.3963],[-77.8568,36.4029],[-77.8582,36.4145],[-77.8725,36.4195]]]},"properties":{"hex_id":"872a89846ffffff","value":-3.8}},{"type":"Feature","geometry":{"type":"Polygon","coordinates":[[[-77.837,36.3517],[-77.85,36.3451],[-77.8486,36.3335],[-77.8343,36.3286],[-77.8214,36.3352],[-77.8227,36.3468],[-77.837,36.3517]]]},"properties":{"hex_id":"872a89848ffffff","value":4.51}},{"type":"Feature","geometry":{"type":"Polygon","coordinates":[[[-77.8214,36.3352],[-77.8343,36.3286],[-77.8329,36.317],[-77.8187,36.3121],[-77.8057,36.3187],[-77.8071,36.3303],[-77.8214,36.3352]]]},"properties":{"hex_id":"872a89849ffffff","value":0.2}},{"type":"Feature","geometry":{"type":"Polygon","coordinates":[[[-77.8643,36.35],[-77.8772,36.3434],[-77.8758,36.3318],[-77.8615,36.3269],[-77.8486,36.3335],[-77.85,36.3451],[-77.8643,36.35]]]},"properties":{"hex_id":"872a8984affffff","value":1.08}},{"type":"Feature","geometry":{"type":"Polygon","coordinates":[[[-77.8486,36.3335],[-77.8615,36.3269],[-77.8602,36.3154],[-77.8459,36.3104],[-77.8329,36.317],[-77.8343,36.3286],[-77.8486,36.3335]]]},"properties":{"hex_id":"872a8984bffffff","value":-5.25}},{"type":"Feature","geometry":{"type":"Polygon","coordinates":[[[-77.8254,36.3699],[-77.8384,36.3633],[-77.837,36.3517],[-77.8227,36.3468],[-77.8098,36.3534],[-77.8111,36.365],[-77.8254,36.3699]]]},"properties":{"hex_id":"872a8984cffffff","value":4.77}},{"type":"Feature","geometry":{"type":"Polygon","coordinates":[[[-77.8098,36.3534],[-77.8227,36.3468],[-77.8214,36.3352],[-77.8071,36.3303],[-77.7941,36.3369],[-77.7955,36.3485],[-77.8098,36.3534]]]},"properties":{"hex_id":"872a8984dffffff","value":7.47}},{"type":"Feature","geometry":{"type":"Polygon","coordinates":[[[-77.8527,36.3682],[-77.8656,36.3616],[-77.8643,36.35],[-77.85,36.3451],[-77.837,36.3517],[-77.8384,36.3633],[-77.8527,36.3682]]]},"properties":{"hex_id":"872a8984effffff","value":-2.23}},{"type":"Feature","geometry":{"type":"Polygon","coordinates":[[[-77.927,36.416],[-77.94,36.4094],[-77.9386,36.3978],[-77.9242,36.3929],[-77.9113,36.3995],[-77.9127,36.4111],[-77.927,36.416]]]},"properties":{"hex_id":"872a89850ffffff","value":6.37}},{"type":"Feature","geometry":{"type":"Polygon","coordinates":[[[-77.9113,36.3995],[-77.9242,36.3929],[-77.9229,36.3813],[-77.9086,36.3764],[-77.8956,36.383],[-77.897,36.3946],[-77.9113,36.3995]]]},"properties":{"hex_id":"872a89851ffffff","value":-1.07}},{"type":"Feature","geometry":{"type":"Polygon","coordinates":[[[-77.9543,36.4143],[-77.9672,36.4077],[-77.9658,36.3961],[-77.9515,36.3912],[-77.9386,36.3978],[-77.94,36.4094],[-77.9543,36.4143]]]},"properties":{"hex_id":"872a89852ffffff","value":6.57}},{"type":"Feature","geometry":{"type":"Polygon","coordinates":[[[-77.9386,36.3978],[-77.9515,36.3912],[-77.9501,36.3796],[-77.9358,36.3747],[-77.9229,36.3813],[-77.9242,36.3929],[-77.9386,36.3978]]]},"properties":{"hex_id":"872a89853ffffff","value":0.59}},{"type":"Feature","geometry":{"type":"Polygon","coordinates":[[[-77.9155,36.4343],[-77.9284,36.4276],[-77.927,36.416],[-77.9127,36.4111],[-77.8998,36.4178],[-77.9011,36.4293],[-77.9155,36.4343]]]},"properties":{"hex_id":"872a89854ffffff","value":10.94}},{"type":"Feature","geometry":{"type":"Polygon","coordinates":[[[-77.8998,36.4178],[-77.9127,36.4111],[-77.9113,36.3995],[-77.897,36.3946],[-77.8841,36.4012],[-77.8854,36.4128],[-77.8998,36.4178]]]},"properties":{"hex_id":"872a89855ffffff","value":5.67}},{"type":"Feature","geometry":{"type":"Polygon","coordinates":[[[-77.9427,36.4326],[-77.9557,36.4259],[-77.9543,36.4143],[-77.94,36.4094],[-77.927,36.416],[-77.9284,36.4276],[-77.9427,36.4326]]]},"properties":{"hex_id":"872a89856ffffff","value":4.58}},{"type":"Feature","geometry":{"type":"Polygon","coordinates":[[[-77.9072,36.3648],[-77.9201,36.3582],[-77.9187,36.3466],[-77.9044,36.3417],[-77.8915,36.3483],[-77.8929,36.3599],[-77.9072,36.3648]]]},"properties":{"hex_id":"872a89858ffffff","value":-4.89}},{"type":"Feature","geometry":{"type":"Polygon","coordinates":[[[-77.8915,36.3483],[-77.9044,36.3417],[-77.903,36.3301],[-77.8887,36.3252],[-77.8758,36.3318],[-77.8772,36.3434],[-77.8915,36.3483]]]},"properties":{"hex_id":"872a89859ffffff","value":-2.22}},{"type":"Feature","geometry":{"type":"Polygon","coordinates":[[[-77.9344,36.3631],[-77.9473,36.3565],[-77.9459,36.3449],[-77.9316,36.34],[-77.9187,36.3466],[-77.9201,36.3582],[-77.9344,36.3631]]]},"properties":{"hex_id":"872a8985affffff","value":-10.35}},{"type":"Feature","geometry":{"type":"Polygon","coordinates":[[[-77.9187,36.3466],[-77.9316,36.34],[-77.9303,36.3284],[-77.916,36.3235],[-77.903,36.3301],[-77.9044,36.3417],[-77.9187,36.3466]]]},"properties":{"hex_id":"872a8985bffffff","value":-4.82}},{"type":"Feature","geometry":{"type":"Polygon","coordinates":[[[-77.8956,36.383],[-77.9086,36.3764],[-77.9072,36.3648],[-77.8929,36.3599],[-77.8799,36.3665],[-77.8813,36.3781],[-77.8956,36.383]]]},"properties":{"hex_id":"872a8985cffffff","value":-0.84}},{"type":"Feature","geometry":{"type":"Polygon","coordinates":[[[-77.8799,36.3665],[-77.8929,36.3599],[-77.8915,36.3483],[-77.8772,36.3434],[-77.8643,36.35],[-77.8656,36.3616],[-77.8799,36.3665]]]},"properties":{"hex_id":"872a8985dffffff","value":-2.98}},{"type":"Feature","geometry":{"type":"Polygon","coordinates":[[[-77.9229,36.3813],[-77.9358,36.3747],[-77.9344,36.3631],[-77.9201,36.3582],[-77.9072,36.3648],[-77.9086,36.3764],[-77.9229,36.3813]]]},"properties":{"hex_id":"872a8985effffff","value":-4.3}},{"type":"Feature","geometry":{"type":"Polygon","coordinates":[[[-77.8063,36.441],[-77.8193,36.4344],[-77.8179,36.4228],[-77.8036,36.4179],[-77.7907,36.4245],[-77.792,36.4361],[-77.8063,36.441]]]},"properties":{"hex_id":"872a89860ffffff","value":-3.13}},{"type":"Feature","geometry":{"type":"Polygon","coordinates":[[[-77.7907,36.4245],[-77.8036,36.4179],[-77.8023,36.4063],[-77.788,36.4014],[-77.775,36.408],[-77.7763,36.4196],[-77.7907,36.4245]]]},"properties":{"hex_id":"872a89861ffffff","value":-2.16}},{"type":"Feature","geometry":{"type":"Polygon","coordinates":[[[-77.8336,36.4394],[-77.8466,36.4327],[-77.8452,36.4211],[-77.8309,36.4162],[-77.8179,36.4228],[-77.8193,36.4344],[-77.8336,36.4394]]]},"properties":{"hex_id":"872a89862ffffff","value":-5.17}},{"type":"Feature","geometry":{"type":"Polygon","coordinates":[[[-77.8179,36.4228],[-77.8309,36.4162],[-77.8295,36.4046],[-77.8152,36.3997],[-77.8023,36.4063],[-77.8036,36.4179],[-77.8179,36.4228]]]},"properties":{"hex_id":"872a89863ffffff","value":3.23}},{"type":"Feature","geometry":{"type":"Polygon","coordinates":[[[-77.7947,36.4593],[-77.8077,36.4526],[-77.8063,36.441],[-77.792,36.4361],[-77.779,36.4427],[-77.7804,36.4543],[-77.7947,36.4593]]]},"properties":{"hex_id":"872a89864ffffff","value":1.33}},{"type":"Feature","geometry":{"type":"Polygon","coordinates":[[[-77.779,36.4427],[-77.792,36.4361],[-77.7907,36.4245],[-77.7763,36.4196],[-77.7634,36.4262],[-77.7647,36.4378],[-77.779,36.4427]]]},"properties":{"hex_id":"872a89865ffffff","value":3.11}},{"type":"Feature","geometry":{"type":"Polygon","coordinates":[[[-77.822,36.4576],[-77.835,36.4509],[-77.8336,36.4394],[-77.8193,36.4344],[-77.8063,36.441],[-77.8077,36.4526],[-77.822,36.4576]]]},"properties":{"hex_id":"872a89866ffffff","value":-0.86}},{"type":"Feature","geometry":{"type":"Polygon","coordinates":[[[-77.7866,36.3898],[-77.7996,36.3832],[-77.7982,36.3716],[-77.7839,36.3667],[-77.771,36.3733],[-77.7723,36.3848],[-77.7866,36.3898]]]},"properties":{"hex_id":"872a89868ffffff","value":3.26}},{"type":"Feature","geometry":{"type":"Polygon","coordinates":[[[-77.771,36.3733],[-77.7839,36.3667],[-77.7826,36.3551],[-77.7683,36.3501],[-77.7553,36.3568],[-77.7567,36.3683],[-77.771,36.3733]]]},"properties":{"hex_id":"872a89869ffffff","value":11.44}},{"type":"Feature","geometry":{"type":"Polygon","coordinates":[[[-77.8139,36.3881],[-77.8268,36.3815],[-77.8254,36.3699],[-77.8111,36.365],[-77.7982,36.3716],[-77.7996,36.3832],[-77.8139,36.3881]]]},"properties":{"hex_id":"872a8986affffff","value":0.86}},{"type":"Feature","geometry":{"type":"Polygon","coordinates":[[[-77.7982,36.3716],[-77.8111,36.365],[-77.8098,36.3534],[-77.7955,36.3485],[-77.7826,36.3551],[-77.7839,36.3667],[-77.7982,36.3716]]]},"properties":{"hex_id":"872a8986bffffff","value":4.31}},{"type":"Feature","geometry":{"type":"Polygon","coordinates":[[[-77.775,36.408],[-77.788,36.4014],[-77.7866,36.3898],[-77.7723,36.3848],[-77.7593,36.3915],[-77.7607,36.403],[-77.775,36.408]]]},"properties":{"hex_id":"872a8986cffffff","value":0.99}},{"type":"Feature","geometry":{"type":"Polygon","coordinates":[[[-77.7593,36.3915],[-77.7723,36.3848],[-77.771,36.3733],[-77.7567,36.3683],[-77.7437,36.3749],[-77.745,36.3865],[-77.7593,36.3915]]]},"properties":{"hex_id":"872a8986dffffff","value":1.88}},{"type":"Feature","geometry":{"type":"Polygon","coordinates":[[[-77.8023,36.4063],[-77.8152,36.3997],[-77.8139,36.3881],[-77.7996,36.3832],[-77.7866,36.3898],[-77.788,36.4014],[-77.8023,36.4063]]]},"properties":{"hex_id":"872a8986effffff","value":1.76}},{"type":"Feature","geometry":{"type":"Polygon","coordinates":[[[-77.8766,36.4542],[-77.8896,36.4475],[-77.8882,36.436],[-77.8739,36.431],[-77.8609,36.4377],[-77.8623,36.4492],[-77.8766,36.4542]]]},"properties":{"hex_id":"872a89870ffffff","value":-0.13}},{"type":"Feature","geometry":{"type":"Polygon","coordinates":[[[-77.8609,36.4377],[-77.8739,36.431],[-77.8725,36.4195],[-77.8582,36.4145],[-77.8452,36.4211],[-77.8466,36.4327],[-77.8609,36.4377]]]},"properties":{"hex_id":"872a89871ffffff","value":-2.43}},{"type":"Feature","geometry":{"type":"Polygon","coordinates":[[[-77.9039,36.4525],[-77.9168,36.4458],[-77.9155,36.4343],[-77.9011,36.4293],[-77.8882,36.436],[-77.8896,36.4475],[-77.9039,36.4525]]]},"properties":{"hex_id":"872a89872ffffff","value":10.72}},{"type":"Feature","geometry":{"type":"Polygon","coordinates":[[[-77.8882,36.436],[-77.9011,36.4293],[-77.8998,36.4178],[-77.8854,36.4128],[-77.8725,36.4195],[-77.8739,36.431],[-77.8882,36.436]]]},"properties":{"hex_id":"872a89873ffffff","value":4.66}},{"type":"Feature","geometry":{"type":"Polygon","coordinates":[[[-77.865,36.4724],[-77.878,36.4658],[-77.8766,36.4542],[-77.8623,36.4492],[-77.8493,36.4559],[-77.8507,36.4675],[-77.865,36.4724]]]},"properties":{"hex_id":"872a89874ffffff","value":0.19}},{"type":"Feature","geometry":{"type":"Polygon","coordinates":[[[-77.8493,36.4559],[-77.8623,36.4492],[-77.8609,36.4377],[-77.8466,36.4327],[-77.8336,36.4394],[-77.835,36.4509],[-77.8493,36.4559]]]},"properties":{"hex_id":"872a89875ffffff","value":-2.98}},{"type":"Feature","geometry":{"type":"Polygon","coordinates":[[[-77.8923,36.4707],[-77.9053,36.4641],[-77.9039,36.4525],[-77.8896,36.4475],[-77.8766,36.4542],[-77.878,36.4658],[-77.8923,36.4707]]]},"properties":{"hex_id":"872a89876ffffff","value":3.1}},{"type":"Feature","geometry":{"type":"Polygon","coordinates":[[[-78.158,36.5064],[-78.171,36.4997],[-78.1695,36.4881],[-78.1552,36.4832],[-78.1422,36.4899],[-78.1437,36.5015],[-78.158,36.5064]]]},"properties":{"hex_id":"872a89880ffffff","value":3.41}},{"type":"Feature","geometry":{"type":"Polygon","coordinates":[[[-78.1422,36.4899],[-78.1552,36.4832],[-78.1537,36.4716],[-78.1394,36.4667],[-78.1264,36.4734],[-78.1279,36.485],[-78.1422,36.4899]]]},"properties":{"hex_id":"872a89881ffffff","value":4.88}},{"type":"Feature","geometry":{"type":"Polygon","coordinates":[[[-78.1854,36.5046],[-78.1983,36.4979],[-78.1968,36.4864],[-78.1825,36.4814],[-78.1695,36.4881],[-78.171,36.4997],[-78.1854,36.5046]]]},"properties":{"hex_id":"872a89882ffffff","value":3.88}},{"type":"Feature","geometry":{"type":"Polygon","coordinates":[[[-78.1695,36.4881],[-78.1825,36.4814],[-78.181,36.4699],[-78.1666,36.465],[-78.1537,36.4716],[-78.1552,36.4832],[-78.1695,36.4881]]]},"properties":{"hex_id":"872a89883ffffff","value":6.3}},{"type":"Feature","geometry":{"type":"Polygon","coordinates":[[[-78.1466,36.5247],[-78.1595,36.518],[-78.158,36.5064],[-78.1437,36.5015],[-78.1307,36.5081],[-78.1322,36.5197],[-78.1466,36.5247]]]},"properties":{"hex_id":"872a89884ffffff","value":-4.49}},{"type":"Feature","geometry":{"type":"Polygon","coordinates":[[[-78.1307,36.5081],[-78.1437,36.5015],[-78.1422,36.4899],[-78.1279,36.485],[-78.1149,36.4916],[-78.1164,36.5032],[-78.1307,36.5081]]]},"properties":{"hex_id":"872a89885ffffff","value":4.47}},{"type":"Feature","geometry":{"type":"Polygon","coordinates":[[[-78.1739,36.5229],[-78.1868,36.5162],[-78.1854,36.5046],[-78.171,36.4997],[-78.158,36.5064],[-78.1595,36.518],[-78.1739,36.5229]]]},"properties":{"hex_id":"872a89886ffffff","value":-3.66}},{"type":"Feature","geometry":{"type":"Polygon","coordinates":[[[-78.1379,36.4551],[-78.1508,36.4485],[-78.1494,36.4369],[-78.135,36.432],[-78.1221,36.4387],[-78.1236,36.4502],[-78.1379,36.4551]]]},"properties":{"hex_id":"872a89888ffffff","value":3.99}},{"type":"Feature","geometry":{"type":"Polygon","coordinates":[[[-78.1221,36.4387],[-78.135,36.432],[-78.1336,36.4204],[-78.1193,36.4155],[-78.1063,36.4222],[-78.1078,36.4337],[-78.1221,36.4387]]]},"properties":{"hex_id":"872a89889ffffff","value":0.37}},{"type":"Feature","geometry":{"type":"Polygon","coordinates":[[[-78.1652,36.4534],[-78.1781,36.4467],[-78.1767,36.4351],[-78.1623,36.4302],[-78.1494,36.4369],[-78.1508,36.4485],[-78.1652,36.4534]]]},"properties":{"hex_id":"872a8988affffff","value":5.66}},{"type":"Feature","geometry":{"type":"Polygon","coordinates":[[[-78.1494,36.4369],[-78.1623,36.4302],[-78.1609,36.4187],[-78.1465,36.4138],[-78.1336,36.4204],[-78.135,36.432],[-78.1494,36.4369]]]},"properties":{"hex_id":"872a8988bffffff","value":5.07}},{"type":"Feature","geometry":{"type":"Polygon","coordinates":[[[-78.1264,36.4734],[-78.1394,36.4667],[-78.1379,36.4551],[-78.1236,36.4502],[-78.1106,36.4569],[-78.1121,36.4685],[-78.1264,36.4734]]]},"properties":{"hex_id":"872a8988cffffff","value":0.79}},{"type":"Feature","geometry":{"type":"Polygon","coordinates":[[[-78.1106,36.4569],[-78.1236,36.4502],[-78.1221,36.4387],[-78.1078,36.4337],[-78.0949,36.4404],[-78.0963,36.452],[-78.1106,36.4569]]]},"properties":{"hex_id":"872a8988dffffff","value":-3.54}},{"type":"Feature","geometry":{"type":"Polygon","coordinates":[[[-78.1537,36.4716],[-78.1666,36.465],[-78.1652,36.4534],[-78.1508,36.4485],[-78.1379,36.4551],[-78.1394,36.4667],[-78.1537,36.4716]]]},"properties":{"hex_id":"872a8988effffff","value":7.87}},{"type":"Feature","geometry":{"type":"Polygon","coordinates":[[[-78.2285,36.5193],[-78.2414,36.5127],[-78.24,36.5011],[-78.2256,36.4962],[-78.2127,36.5028],[-78.2141,36.5144],[-78.2285,36.5193]]]},"properties":{"hex_id":"872a89890ffffff","value":-1.33}},{"type":"Feature","geometry":{"type":"Polygon","coordinates":[[[-78.2127,36.5028],[-78.2256,36.4962],[-78.2241,36.4846],[-78.2097,36.4797],[-78.1968,36.4864],[-78.1983,36.4979],[-78.2127,36.5028]]]},"properties":{"hex_id":"872a89891ffffff","value":-0.4}},{"type":"Feature","geometry":{"type":"Polygon","coordinates":[[[-78.2558,36.5176],[-78.2687,36.5109],[-78.2673,36.4993],[-78.2529,36.4944],[-78.24,36.5011],[-78.2414,36.5127],[-78.2558,36.5176]]]},"properties":{"hex_id":"872a89892ffffff","value":-4.13}},{"type":"Feature","geometry":{"type":"Polygon","coordinates":[[[-78.24,36.5011],[-78.2529,36.4944],[-78.2514,36.4828],[-78.237,36.4779],[-78.2241,36.4846],[-78.2256,36.4962],[-78.24,36.5011]]]},"properties":{"hex_id":"872a89893ffffff","value":-2.44}},{"type":"Feature","geometry":{"type":"Polygon","coordinates":[[[-78.217,36.5376],[-78.23,36.5309],[-78.2285,36.5193],[-78.2141,36.5144],[-78.2012,36.5211],[-78.2026,36.5327],[-78.217,36.5376]]]},"properties":{"hex_id":"872a89894ffffff","value":-3.98}},{"type":"Feature","geometry":{"type":"Polygon","coordinates":[[[-78.2012,36.5211],[-78.2141,36.5144],[-78.2127,36.5028],[-78.1983,36.4979],[-78.1854,36.5046],[-78.1868,36.5162],[-78.2012,36.5211]]]},"properties":{"hex_id":"872a89895ffffff","value":-2.21}},{"type":"Feature","geometry":{"type":"Polygon","coordinates":[[[-78.2444,36.5358],[-78.2573,36.5291],[-78.2558,36.5176],[-78.2414,36.5127],[-78.2285,36.5193],[-78.23,36.5309],[-78.2444,36.5358]]]},"properties":{"hex_id":"872a89896ffffff","value":-4.22}},{"type":"Feature","geometry":{"type":"Polygon","coordinates":[[[-78.2083,36.4681],[-78.2212,36.4614],[-78.2197,36.4498],[-78.2054,36.4449],[-78.1925,36.4516],[-78.1939,36.4632],[-78.2083,36.4681]]]},"properties":{"hex_id":"872a89898ffffff","value":-1.06}},{"type":"Feature","geometry":{"type":"Polygon","coordinates":[[[-78.1925,36.4516],[-78.2054,36.4449],[-78.2039,36.4334],[-78.1896,36.4285],[-78.1767,36.4351],[-78.1781,36.4467],[-78.1925,36.4516]]]},"properties":{"hex_id":"872a89899ffffff","value":5.37}},{"type":"Feature","geometry":{"type":"Polygon","coordinates":[[[-78.2356,36.4663],[-78.2485,36.4596],[-78.247,36.4481],[-78.2327,36.4432],[-78.2197,36.4498],[-78.2212,36.4614],[-78.2356,36.4663]]]},"properties":{"hex_id":"872a8989affffff","value":-5.64}},{"type":"Feature","geometry":{"type":"Polygon","coordinates":[[[-78.2197,36.4498],[-78.2327,36.4432],[-78.2312,36.4316],[-78.2168,36.4267],[-78.2039,36.4334],[-78.2054,36.4449],[-78.2197,36.4498]]]},"properties":{"hex_id":"872a8989bffffff","value":-1.79}},{"type":"Feature","geometry":{"type":"Polygon","coordinates":[[[-78.1968,36.4864],[-78.2097,36.4797],[-78.2083,36.4681],[-78.1939,36.4632],[-78.181,36.4699],[-78.1825,36.4814],[-78.1968,36.4864]]]},"properties":{"hex_id":"872a8989cffffff","value":-2.01}},{"type":"Feature","geometry":{"type":"Polygon","coordinates":[[[-78.181,36.4699],[-78.1939,36.4632],[-78.1925,36.4516],[-78.1781,36.4467],[-78.1652,36.4534],[-78.1666,36.465],[-78.181,36.4699]]]},"properties":{"hex_id":"872a8989dffffff","value":9.66}},{"type":"Feature","geometry":{"type":"Polygon","coordinates":[[[-78.2241,36.4846],[-78.237,36.4779],[-78.2356,36.4663],[-78.2212,36.4614],[-78.2083,36.4681],[-78.2097,36.4797],[-78.2241,36.4846]]]},"properties":{"hex_id":"872a8989effffff","value":-2.87}},{"type":"Feature","geometry":{"type":"Polygon","coordinates":[[[-78.1077,36.5447],[-78.1207,36.538],[-78.1192,36.5264],[-78.1049,36.5215],[-78.0919,36.5282],[-78.0933,36.5398],[-78.1077,36.5447]]]},"properties":{"hex_id":"872a898a0ffffff","value":-1.95}},{"type":"Feature","geometry":{"type":"Polygon","coordinates":[[[-78.0919,36.5282],[-78.1049,36.5215],[-78.1034,36.5099],[-78.0891,36.505],[-78.0761,36.5117],[-78.0775,36.5232],[-78.0919,36.5282]]]},"properties":{"hex_id":"872a898a1ffffff","value":-0.59}},{"type":"Feature","geometry":{"type":"Polygon","coordinates":[[[-78.1351,36.5429],[-78.148,36.5362],[-78.1466,36.5247],[-78.1322,36.5197],[-78.1192,36.5264],[-78.1207,36.538],[-78.1351,36.5429]]]},"properties":{"hex_id":"872a898a2ffffff","value":-5.92}},{"type":"Feature","geometry":{"type":"Polygon","coordinates":[[[-78.1192,36.5264],[-78.1322,36.5197],[-78.1307,36.5081],[-78.1164,36.5032],[-78.1034,36.5099],[-78.1049,36.5215],[-78.1192,36.5264]]]},"properties":{"hex_id":"872a898a3ffffff","value":1.52}},{"type":"Feature","geometry":{"type":"Polygon","coordinates":[[[-78.0804,36.5464],[-78.0933,36.5398],[-78.0919,36.5282],[-78.0775,36.5232],[-78.0646,36.5299],[-78.066,36.5415],[-78.0804,36.5464]]]},"properties":{"hex_id":"872a898a5ffffff","value":1.72}},{"type":"Feature","geometry":{"type":"Polygon","coordinates":[[[-78.0876,36.4934],[-78.1006,36.4867],[-78.0991,36.4751],[-78.0848,36.4702],[-78.0718,36.4769],[-78.0733,36.4885],[-78.0876,36.4934]]]},"properties":{"hex_id":"872a898a8ffffff","value":1.46}},{"type":"Feature","geometry":{"type":"Polygon","coordinates":[[[-78.0718,36.4769],[-78.0848,36.4702],[-78.0834,36.4586],[-78.069,36.4537],[-78.0561,36.4604],[-78.0575,36.472],[-78.0718,36.4769]]]},"properties":{"hex_id":"872a898a9ffffff","value":3.0}},{"type":"Feature","geometry":{"type":"Polygon","coordinates":[[[-78.1149,36.4916],[-78.1279,36.485],[-78.1264,36.4734],[-78.1121,36.4685],[-78.0991,36.4751],[-78.1006,36.4867],[-78.1149,36.4916]]]},"properties":{"hex_id":"872a898aaffffff","value":1.93}},{"type":"Feature","geometry":{"type":"Polygon","coordinates":[[[-78.0991,36.4751],[-78.1121,36.4685],[-78.1106,36.4569],[-78.0963,36.452],[-78.0834,36.4586],[-78.0848,36.4702],[-78.0991,36.4751]]]},"properties":{"hex_id":"872a898abffffff","value":-0.6}},{"type":"Feature","geometry":{"type":"Polygon","coordinates":[[[-78.0761,36.5117],[-78.0891,36.505],[-78.0876,36.4934],[-78.0733,36.4885],[-78.0603,36.4951],[-78.0617,36.5067],[-78.0761,36.5117]]]},"properties":{"hex_id":"872a898acffffff","value":5.0}},{"type":"Feature","geometry":{"type":"Polygon","coordinates":[[[-78.0603,36.4951],[-78.0733,36.4885],[-78.0718,36.4769],[-78.0575,36.472],[-78.0445,36.4786],[-78.046,36.4902],[-78.0603,36.4951]]]},"properties":{"hex_id":"872a898adffffff","value":2.9}},{"type":"Feature","geometry":{"type":"Polygon","coordinates":[[[-78.1034,36.5099],[-78.1164,36.5032],[-78.1149,36.4916],[-78.1006,36.4867],[-78.0876,36.4934],[-78.0891,36.505],[-78.1034,36.5099]]]},"properties":{"hex_id":"872a898aeffffff","value":4.14}},{"type":"Feature","geometry":{"type":"Polygon","coordinates":[[[-78.1624,36.5412],[-78.1753,36.5345],[-78.1739,36.5229],[-78.1595,36.518],[-78.1466,36.5247],[-78.148,36.5362],[-78.1624,36.5412]]]},"properties":{"hex_id":"872a898b1ffffff","value":-9.47}},{"type":"Feature","geometry":{"type":"Polygon","coordinates":[[[-78.1897,36.5394],[-78.2026,36.5327],[-78.2012,36.5211],[-78.1868,36.5162],[-78.1739,36.5229],[-78.1753,36.5345],[-78.1897,36.5394]]]},"properties":{"hex_id":"872a898b3ffffff","value":-0.28}},{"type":"Feature","geometry":{"type":"Polygon","coordinates":[[[-78.0476,36.3909],[-78.0605,36.3843],[-78.0591,36.3727],[-78.0447,36.3678],[-78.0318,36.3745],[-78.0332,36.386],[-78.0476,36.3909]]]},"properties":{"hex_id":"872a898c0ffffff","value":4.6}},{"type":"Feature","geometry":{"type":"Polygon","coordinates":[[[-78.0318,36.3745],[-78.0447,36.3678],[-78.0433,36.3562],[-78.029,36.3513],[-78.0161,36.358],[-78.0175,36.3695],[-78.0318,36.3745]]]},"properties":{"hex_id":"872a898c1ffffff","value":-1.89}},{"type":"Feature","geometry":{"type":"Polygon","coordinates":[[[-78.0748,36.3892],[-78.0877,36.3825],[-78.0863,36.371],[-78.072,36.3661],[-78.0591,36.3727],[-78.0605,36.3843],[-78.0748,36.3892]]]},"properties":{"hex_id":"872a898c2ffffff","value":-0.95}},{"type":"Feature","geometry":{"type":"Polygon","coordinates":[[[-78.0591,36.3727],[-78.072,36.3661],[-78.0706,36.3545],[-78.0562,36.3496],[-78.0433,36.3562],[-78.0447,36.3678],[-78.0591,36.3727]]]},"properties":{"hex_id":"872a898c3ffffff","value":1.28}},{"type":"Feature","geometry":{"type":"Polygon","coordinates":[[[-78.0361,36.4092],[-78.049,36.4025],[-78.0476,36.3909],[-78.0332,36.386],[-78.0203,36.3927],[-78.0217,36.4042],[-78.0361,36.4092]]]},"properties":{"hex_id":"872a898c4ffffff","value":4.56}},{"type":"Feature","geometry":{"type":"Polygon","coordinates":[[[-78.0203,36.3927],[-78.0332,36.386],[-78.0318,36.3745],[-78.0175,36.3695],[-78.0046,36.3762],[-78.006,36.3878],[-78.0203,36.3927]]]},"properties":{"hex_id":"872a898c5ffffff","value":10.13}},{"type":"Feature","geometry":{"type":"Polygon","coordinates":[[[-78.0633,36.4074],[-78.0762,36.4008],[-78.0748,36.3892],[-78.0605,36.3843],[-78.0476,36.3909],[-78.049,36.4025],[-78.0633,36.4074]]]},"properties":{"hex_id":"872a898c6ffffff","value":-2.47}},{"type":"Feature","geometry":{"type":"Polygon","coordinates":[[[-78.0276,36.3398],[-78.0405,36.3331],[-78.0391,36.3216],[-78.0248,36.3167],[-78.0119,36.3233],[-78.0133,36.3349],[-78.0276,36.3398]]]},"properties":{"hex_id":"872a898c8ffffff","value":5.6}},{"type":"Feature","geometry":{"type":"Polygon","coordinates":[[[-78.0119,36.3233],[-78.0248,36.3167],[-78.0234,36.3051],[-78.0091,36.3002],[-77.9962,36.3068],[-77.9976,36.3184],[-78.0119,36.3233]]]},"properties":{"hex_id":"872a898c9ffffff","value":7.6}},{"type":"Feature","geometry":{"type":"Polygon","coordinates":[[[-78.0548,36.338],[-78.0677,36.3314],[-78.0663,36.3198],[-78.052,36.3149],[-78.0391,36.3216],[-78.0405,36.3331],[-78.0548,36.338]]]},"properties":{"hex_id":"872a898caffffff","value":-0.97}},{"type":"Feature","geometry":{"type":"Polygon","coordinates":[[[-78.0391,36.3216],[-78.052,36.3149],[-78.0506,36.3034],[-78.0363,36.2985],[-78.0234,36.3051],[-78.0248,36.3167],[-78.0391,36.3216]]]},"properties":{"hex_id":"872a898cbffffff","value":4.06}},{"type":"Feature","geometry":{"type":"Polygon","coordinates":[[[-78.0161,36.358],[-78.029,36.3513],[-78.0276,36.3398],[-78.0133,36.3349],[-78.0004,36.3415],[-78.0018,36.3531],[-78.0161,36.358]]]},"properties":{"hex_id":"872a898ccffffff","value":-0.27}},{"type":"Feature","geometry":{"type":"Polygon","coordinates":[[[-78.0004,36.3415],[-78.0133,36.3349],[-78.0119,36.3233],[-77.9976,36.3184],[-77.9847,36.325],[-77.9861,36.3366],[-78.0004,36.3415]]]},"properties":{"hex_id":"872a898cdffffff","value":4.91}},{"type":"Feature","geometry":{"type":"Polygon","coordinates":[[[-78.0433,36.3562],[-78.0562,36.3496],[-78.0548,36.338],[-78.0405,36.3331],[-78.0276,36.3398],[-78.029,36.3513],[-78.0433,36.3562]]]},"properties":{"hex_id":"872a898ceffffff","value":-3.27}},{"type":"Feature","geometry":{"type":"Polygon","coordinates":[[[-78.1178,36.4039],[-78.1307,36.3973],[-78.1293,36.3857],[-78.115,36.3808],[-78.1021,36.3875],[-78.1035,36.399],[-78.1178,36.4039]]]},"properties":{"hex_id":"872a898d0ffffff","value":-7.24}},{"type":"Feature","geometry":{"type":"Polygon","coordinates":[[[-78.1021,36.3875],[-78.115,36.3808],[-78.1135,36.3692],[-78.0992,36.3643],[-78.0863,36.371],[-78.0877,36.3825],[-78.1021,36.3875]]]},"properties":{"hex_id":"872a898d1ffffff","value":-7.4}},{"type":"Feature","geometry":{"type":"Polygon","coordinates":[[[-78.1451,36.4022],[-78.158,36.3955],[-78.1565,36.384],[-78.1422,36.379],[-78.1293,36.3857],[-78.1307,36.3973],[-78.1451,36.4022]]]},"properties":{"hex_id":"872a898d2ffffff","value":-3.62}},{"type":"Feature","geometry":{"type":"Polygon","coordinates":[[[-78.1293,36.3857],[-78.1422,36.379],[-78.1408,36.3675],[-78.1264,36.3626],[-78.1135,36.3692],[-78.115,36.3808],[-78.1293,36.3857]]]},"properties":{"hex_id":"872a898d3ffffff","value":-5.6}},{"type":"Feature","geometry":{"type":"Polygon","coordinates":[[[-78.1063,36.4222],[-78.1193,36.4155],[-78.1178,36.4039],[-78.1035,36.399],[-78.0906,36.4057],[-78.092,36.4173],[-78.1063,36.4222]]]},"properties":{"hex_id":"872a898d4ffffff","value":-4.79}},{"type":"Feature","geometry":{"type":"Polygon","coordinates":[[[-78.0906,36.4057],[-78.1035,36.399],[-78.1021,36.3875],[-78.0877,36.3825],[-78.0748,36.3892],[-78.0762,36.4008],[-78.0906,36.4057]]]},"properties":{"hex_id":"872a898d5ffffff","value":-4.63}},{"type":"Feature","geometry":{"type":"Polygon","coordinates":[[[-78.1336,36.4204],[-78.1465,36.4138],[-78.1451,36.4022],[-78.1307,36.3973],[-78.1178,36.4039],[-78.1193,36.4155],[-78.1336,36.4204]]]},"properties":{"hex_id":"872a898d6ffffff","value":-2.63}},{"type":"Feature","geometry":{"type":"Polygon","coordinates":[[[-78.0978,36.3528],[-78.1107,36.3461],[-78.1093,36.3346],[-78.0949,36.3296],[-78.082,36.3363],[-78.0835,36.3479],[-78.0978,36.3528]]]},"properties":{"hex_id":"872a898d8ffffff","value":0.01}},{"type":"Feature","geometry":{"type":"Polygon","coordinates":[[[-78.082,36.3363],[-78.0949,36.3296],[-78.0935,36.3181],[-78.0792,36.3132],[-78.0663,36.3198],[-78.0677,36.3314],[-78.082,36.3363]]]},"properties":{"hex_id":"872a898d9ffffff","value":-1.4}},{"type":"Feature","geometry":{"type":"Polygon","coordinates":[[[-78.125,36.351],[-78.1379,36.3444],[-78.1365,36.3328],[-78.1222,36.3279],[-78.1093,36.3346],[-78.1107,36.3461],[-78.125,36.351]]]},"properties":{"hex_id":"872a898daffffff","value":0.63}},{"type":"Feature","geometry":{"type":"Polygon","coordinates":[[[-78.1093,36.3346],[-78.1222,36.3279],[-78.1207,36.3163],[-78.1064,36.3114],[-78.0935,36.3181],[-78.0949,36.3296],[-78.1093,36.3346]]]},"properties":{"hex_id":"872a898dbffffff","value":3.18}},{"type":"Feature","geometry":{"type":"Polygon","coordinates":[[[-78.0863,36.371],[-78.0992,36.3643],[-78.0978,36.3528],[-78.0835,36.3479],[-78.0706,36.3545],[-78.072,36.3661],[-78.0863,36.371]]]},"properties":{"hex_id":"872a898dcffffff","value":-1.49}},{"type":"Feature","geometry":{"type":"Polygon","coordinates":[[[-78.0706,36.3545],[-78.0835,36.3479],[-78.082,36.3363],[-78.0677,36.3314],[-78.0548,36.338],[-78.0562,36.3496],[-78.0706,36.3545]]]},"properties":{"hex_id":"872a898ddffffff","value":-0.86}},{"type":"Feature","geometry":{"type":"Polygon","coordinates":[[[-78.1135,36.3692],[-78.1264,36.3626],[-78.125,36.351],[-78.1107,36.3461],[-78.0978,36.3528],[-78.0992,36.3643],[-78.1135,36.3692]]]},"properties":{"hex_id":"872a898deffffff","value":-3.25}},{"type":"Feature","geometry":{"type":"Polygon","coordinates":[[[-77.9973,36.4291],[-78.0102,36.4225],[-78.0088,36.4109],[-77.9945,36.406],[-77.9815,36.4126],[-77.9829,36.4242],[-77.9973,36.4291]]]},"properties":{"hex_id":"872a898e0ffffff","value":8.15}},{"type":"Feature","geometry":{"type":"Polygon","coordinates":[[[-77.9815,36.4126],[-77.9945,36.406],[-77.9931,36.3944],[-77.9788,36.3895],[-77.9658,36.3961],[-77.9672,36.4077],[-77.9815,36.4126]]]},"properties":{"hex_id":"872a898e1ffffff","value":5.15}},{"type":"Feature","geometry":{"type":"Polygon","coordinates":[[[-78.0246,36.4274],[-78.0375,36.4207],[-78.0361,36.4092],[-78.0217,36.4042],[-78.0088,36.4109],[-78.0102,36.4225],[-78.0246,36.4274]]]},"properties":{"hex_id":"872a898e2ffffff","value":2.02}},{"type":"Feature","geometry":{"type":"Polygon","coordinates":[[[-78.0088,36.4109],[-78.0217,36.4042],[-78.0203,36.3927],[-78.006,36.3878],[-77.9931,36.3944],[-77.9945,36.406],[-78.0088,36.4109]]]},"properties":{"hex_id":"872a898e3ffffff","value":4.35}},{"type":"Feature","geometry":{"type":"Polygon","coordinates":[[[-77.9857,36.4473],[-77.9987,36.4407],[-77.9973,36.4291],[-77.9829,36.4242],[-77.97,36.4308],[-77.9714,36.4424],[-77.9857,36.4473]]]},"properties":{"hex_id":"872a898e4ffffff","value":3.57}},{"type":"Feature","geometry":{"type":"Polygon","coordinates":[[[-77.97,36.4308],[-77.9829,36.4242],[-77.9815,36.4126],[-77.9672,36.4077],[-77.9543,36.4143],[-77.9557,36.4259],[-77.97,36.4308]]]},"properties":{"hex_id":"872a898e5ffffff","value":4.39}},{"type":"Feature","geometry":{"type":"Polygon","coordinates":[[[-78.013,36.4456],[-78.026,36.439],[-78.0246,36.4274],[-78.0102,36.4225],[-77.9973,36.4291],[-77.9987,36.4407],[-78.013,36.4456]]]},"properties":{"hex_id":"872a898e6ffffff","value":7.08}},{"type":"Feature","geometry":{"type":"Polygon","coordinates":[[[-77.9774,36.3779],[-77.9903,36.3713],[-77.9889,36.3597],[-77.9746,36.3548],[-77.9616,36.3614],[-77.963,36.373],[-77.9774,36.3779]]]},"properties":{"hex_id":"872a898e8ffffff","value":1.69}},{"type":"Feature","geometry":{"type":"Polygon","coordinates":[[[-77.9616,36.3614],[-77.9746,36.3548],[-77.9732,36.3432],[-77.9589,36.3383],[-77.9459,36.3449],[-77.9473,36.3565],[-77.9616,36.3614]]]},"properties":{"hex_id":"872a898e9ffffff","value":5.37}},{"type":"Feature","geometry":{"type":"Polygon","coordinates":[[[-78.0046,36.3762],[-78.0175,36.3695],[-78.0161,36.358],[-78.0018,36.3531],[-77.9889,36.3597],[-77.9903,36.3713],[-78.0046,36.3762]]]},"properties":{"hex_id":"872a898eaffffff","value":1.0}},{"type":"Feature","geometry":{"type":"Polygon","coordinates":[[[-77.9889,36.3597],[-78.0018,36.3531],[-78.0004,36.3415],[-77.9861,36.3366],[-77.9732,36.3432],[-77.9746,36.3548],[-77.9889,36.3597]]]},"properties":{"hex_id":"872a898ebffffff","value":-2.36}},{"type":"Feature","geometry":{"type":"Polygon","coordinates":[[[-77.9658,36.3961],[-77.9788,36.3895],[-77.9774,36.3779],[-77.963,36.373],[-77.9501,36.3796],[-77.9515,36.3912],[-77.9658,36.3961]]]},"properties":{"hex_id":"872a898ecffffff","value":6.45}},{"type":"Feature","geometry":{"type":"Polygon","coordinates":[[[-77.9501,36.3796],[-77.963,36.373],[-77.9616,36.3614],[-77.9473,36.3565],[-77.9344,36.3631],[-77.9358,36.3747],[-77.9501,36.3796]]]},"properties":{"hex_id":"872a898edffffff","value":-3.68}},{"type":"Feature","geometry":{"type":"Polygon","coordinates":[[[-77.9931,36.3944],[-78.006,36.3878],[-78.0046,36.3762],[-77.9903,36.3713],[-77.9774,36.3779],[-77.9788,36.3895],[-77.9931,36.3944]]]},"properties":{"hex_id":"872a898eeffffff","value":-0.4}},{"type":"Feature","geometry":{"type":"Polygon","coordinates":[[[-78.0676,36.4421],[-78.0805,36.4355],[-78.0791,36.4239],[-78.0647,36.419],[-78.0518,36.4257],[-78.0532,36.4372],[-78.0676,36.4421]]]},"properties":{"hex_id":"872a898f0ffffff","value":-1.61}},{"type":"Feature","geometry":{"type":"Polygon","coordinates":[[[-78.0518,36.4257],[-78.0647,36.419],[-78.0633,36.4074],[-78.049,36.4025],[-78.0361,36.4092],[-78.0375,36.4207],[-78.0518,36.4257]]]},"properties":{"hex_id":"872a898f1ffffff","value":-0.86}},{"type":"Feature","geometry":{"type":"Polygon","coordinates":[[[-78.0949,36.4404],[-78.1078,36.4337],[-78.1063,36.4222],[-78.092,36.4173],[-78.0791,36.4239],[-78.0805,36.4355],[-78.0949,36.4404]]]},"properties":{"hex_id":"872a898f2ffffff","value":-2.69}},{"type":"Feature","geometry":{"type":"Polygon","coordinates":[[[-78.0791,36.4239],[-78.092,36.4173],[-78.0906,36.4057],[-78.0762,36.4008],[-78.0633,36.4074],[-78.0647,36.419],[-78.0791,36.4239]]]},"properties":{"hex_id":"872a898f3ffffff","value":-7.53}},{"type":"Feature","geometry":{"type":"Polygon","coordinates":[[[-78.0561,36.4604],[-78.069,36.4537],[-78.0676,36.4421],[-78.0532,36.4372],[-78.0403,36.4439],[-78.0417,36.4555],[-78.0561,36.4604]]]},"properties":{"hex_id":"872a898f4ffffff","value":2.56}},{"type":"Feature","geometry":{"type":"Polygon","coordinates":[[[-78.0403,36.4439],[-78.0532,36.4372],[-78.0518,36.4257],[-78.0375,36.4207],[-78.0246,36.4274],[-78.026,36.439],[-78.0403,36.4439]]]},"properties":{"hex_id":"872a898f5ffffff","value":2.39}},{"type":"Feature","geometry":{"type":"Polygon","coordinates":[[[-78.0834,36.4586],[-78.0963,36.452],[-78.0949,36.4404],[-78.0805,36.4355],[-78.0676,36.4421],[-78.069,36.4537],[-78.0834,36.4586]]]},"properties":{"hex_id":"872a898f6ffffff","value":2.34}},{"type":"Feature","geometry":{"type":"Polygon","coordinates":[[[-77.7755,36.5305],[-77.7885,36.5238],[-77.7872,36.5122],[-77.7728,36.5073],[-77.7598,36.5139],[-77.7612,36.5255],[-77.7755,36.5305]]]},"properties":{"hex_id":"872a89940ffffff","value":-3.85}},{"type":"Feature","geometry":{"type":"Polygon","coordinates":[[[-77.7598,36.5139],[-77.7728,36.5073],[-77.7715,36.4957],[-77.7571,36.4907],[-77.7442,36.4974],[-77.7455,36.509],[-77.7598,36.5139]]]},"properties":{"hex_id":"872a89941ffffff","value":-3.73}},{"type":"Feature","geometry":{"type":"Polygon","coordinates":[[[-77.8029,36.5288],[-77.8159,36.5222],[-77.8145,36.5106],[-77.8001,36.5056],[-77.7872,36.5122],[-77.7885,36.5238],[-77.8029,36.5288]]]},"properties":{"hex_id":"872a89942ffffff","value":-3.6}},{"type":"Feature","geometry":{"type":"Polygon","coordinates":[[[-77.7872,36.5122],[-77.8001,36.5056],[-77.7988,36.494],[-77.7845,36.4891],[-77.7715,36.4957],[-77.7728,36.5073],[-77.7872,36.5122]]]},"properties":{"hex_id":"872a89943ffffff","value":-6.69}},{"type":"Feature","geometry":{"type":"Polygon","coordinates":[[[-77.7639,36.5487],[-77.7769,36.5421],[-77.7755,36.5305],[-77.7612,36.5255],[-77.7482,36.5322],[-77.7495,36.5437],[-77.7639,36.5487]]]},"properties":{"hex_id":"872a89944ffffff","value":-6.28}},{"type":"Feature","geometry":{"type":"Polygon","coordinates":[[[-77.7482,36.5322],[-77.7612,36.5255],[-77.7598,36.5139],[-77.7455,36.509],[-77.7325,36.5156],[-77.7339,36.5272],[-77.7482,36.5322]]]},"properties":{"hex_id":"872a89945ffffff","value":-3.21}},{"type":"Feature","geometry":{"type":"Polygon","coordinates":[[[-77.7912,36.547],[-77.8042,36.5404],[-77.8029,36.5288],[-77.7885,36.5238],[-77.7755,36.5305],[-77.7769,36.5421],[-77.7912,36.547]]]},"properties":{"hex_id":"872a89946ffffff","value":-2.28}},{"type":"Feature","geometry":{"type":"Polygon","coordinates":[[[-77.7558,36.4791],[-77.7688,36.4725],[-77.7674,36.4609],[-77.7531,36.456],[-77.7401,36.4626],[-77.7415,36.4742],[-77.7558,36.4791]]]},"properties":{"hex_id":"872a89948ffffff","value":2.13}},{"type":"Feature","geometry":{"type":"Polygon","coordinates":[[[-77.7401,36.4626],[-77.7531,36.456],[-77.7518,36.4444],[-77.7374,36.4394],[-77.7245,36.4461],[-77.7258,36.4576],[-77.7401,36.4626]]]},"properties":{"hex_id":"872a89949ffffff","value":9.16}},{"type":"Feature","geometry":{"type":"Polygon","coordinates":[[[-77.7831,36.4775],[-77.7961,36.4708],[-77.7947,36.4593],[-77.7804,36.4543],[-77.7674,36.4609],[-77.7688,36.4725],[-77.7831,36.4775]]]},"properties":{"hex_id":"872a8994affffff","value":4.01}},{"type":"Feature","geometry":{"type":"Polygon","coordinates":[[[-77.7674,36.4609],[-77.7804,36.4543],[-77.779,36.4427],[-77.7647,36.4378],[-77.7518,36.4444],[-77.7531,36.456],[-77.7674,36.4609]]]},"properties":{"hex_id":"872a8994bffffff","value":4.43}},{"type":"Feature","geometry":{"type":"Polygon","coordinates":[[[-77.7442,36.4974],[-77.7571,36.4907],[-77.7558,36.4791],[-77.7415,36.4742],[-77.7285,36.4808],[-77.7298,36.4924],[-77.7442,36.4974]]]},"properties":{"hex_id":"872a8994cffffff","value":1.14}},{"type":"Feature","geometry":{"type":"Polygon","coordinates":[[[-77.7285,36.4808],[-77.7415,36.4742],[-77.7401,36.4626],[-77.7258,36.4576],[-77.7128,36.4643],[-77.7142,36.4759],[-77.7285,36.4808]]]},"properties":{"hex_id":"872a8994dffffff","value":1.1}},{"type":"Feature","geometry":{"type":"Polygon","coordinates":[[[-77.7715,36.4957],[-77.7845,36.4891],[-77.7831,36.4775],[-77.7688,36.4725],[-77.7558,36.4791],[-77.7571,36.4907],[-77.7715,36.4957]]]},"properties":{"hex_id":"872a8994effffff","value":3.58}},{"type":"Feature","geometry":{"type":"Polygon","coordinates":[[[-77.8459,36.5437],[-77.8589,36.537],[-77.8575,36.5254],[-77.8432,36.5205],[-77.8302,36.5271],[-77.8316,36.5387],[-77.8459,36.5437]]]},"properties":{"hex_id":"872a89950ffffff","value":-2.77}},{"type":"Feature","geometry":{"type":"Polygon","coordinates":[[[-77.8302,36.5271],[-77.8432,36.5205],[-77.8418,36.5089],[-77.8275,36.5039],[-77.8145,36.5106],[-77.8159,36.5222],[-77.8302,36.5271]]]},"properties":{"hex_id":"872a89951ffffff","value":-0.52}},{"type":"Feature","geometry":{"type":"Polygon","coordinates":[[[-77.8733,36.542],[-77.8862,36.5353],[-77.8849,36.5237],[-77.8705,36.5188],[-77.8575,36.5254],[-77.8589,36.537],[-77.8733,36.542]]]},"properties":{"hex_id":"872a89952ffffff","value":0.9}},{"type":"Feature","geometry":{"type":"Polygon","coordinates":[[[-77.8575,36.5254],[-77.8705,36.5188],[-77.8691,36.5072],[-77.8548,36.5022],[-77.8418,36.5089],[-77.8432,36.5205],[-77.8575,36.5254]]]},"properties":{"hex_id":"872a89953ffffff","value":2.39}},{"type":"Feature","geometry":{"type":"Polygon","coordinates":[[[-77.8186,36.5453],[-77.8316,36.5387],[-77.8302,36.5271],[-77.8159,36.5222],[-77.8029,36.5288],[-77.8042,36.5404],[-77.8186,36.5453]]]},"properties":{"hex_id":"872a89955ffffff","value":-7.37}},{"type":"Feature","geometry":{"type":"Polygon","coordinates":[[[-77.8261,36.4923],[-77.8391,36.4857],[-77.8377,36.4741],[-77.8234,36.4692],[-77.8104,36.4758],[-77.8118,36.4874],[-77.8261,36.4923]]]},"properties":{"hex_id":"872a89958ffffff","value":0.63}},{"type":"Feature","geometry":{"type":"Polygon","coordinates":[[[-77.8104,36.4758],[-77.8234,36.4692],[-77.822,36.4576],[-77.8077,36.4526],[-77.7947,36.4593],[-77.7961,36.4708],[-77.8104,36.4758]]]},"properties":{"hex_id":"872a89959ffffff","value":4.65}},{"type":"Feature","geometry":{"type":"Polygon","coordinates":[[[-77.8534,36.4906],[-77.8664,36.484],[-77.865,36.4724],[-77.8507,36.4675],[-77.8377,36.4741],[-77.8391,36.4857],[-77.8534,36.4906]]]},"properties":{"hex_id":"872a8995affffff","value":-1.13}},{"type":"Feature","geometry":{"type":"Polygon","coordinates":[[[-77.8377,36.4741],[-77.8507,36.4675],[-77.8493,36.4559],[-77.835,36.4509],[-77.822,36.4576],[-77.8234,36.4692],[-77.8377,36.4741]]]},"properties":{"hex_id":"872a8995bffffff","value":1.62}},{"type":"Feature","geometry":{"type":"Polygon","coordinates":[[[-77.8145,36.5106],[-77.8275,36.5039],[-77.8261,36.4923],[-77.8118,36.4874],[-77.7988,36.494],[-77.8001,36.5056],[-77.8145,36.5106]]]},"properties":{"hex_id":"872a8995cffffff","value":3.07}},{"type":"Feature","geometry":{"type":"Polygon","coordinates":[[[-77.7988,36.494],[-77.8118,36.4874],[-77.8104,36.4758],[-77.7961,36.4708],[-77.7831,36.4775],[-77.7845,36.4891],[-77.7988,36.494]]]},"properties":{"hex_id":"872a8995dffffff","value":1.32}},{"type":"Feature","geometry":{"type":"Polygon","coordinates":[[[-77.8418,36.5089],[-77.8548,36.5022],[-77.8534,36.4906],[-77.8391,36.4857],[-77.8261,36.4923],[-77.8275,36.5039],[-77.8418,36.5089]]]},"properties":{"hex_id":"872a8995effffff","value":-0.78}},{"type":"Feature","geometry":{"type":"Polygon","coordinates":[[[-77.7092,36.5521],[-77.7222,36.5454],[-77.7209,36.5338],[-77.7065,36.5289],[-77.6935,36.5355],[-77.6948,36.5471],[-77.7092,36.5521]]]},"properties":{"hex_id":"872a89961ffffff","value":-1.84}},{"type":"Feature","geometry":{"type":"Polygon","coordinates":[[[-77.7365,36.5504],[-77.7495,36.5437],[-77.7482,36.5322],[-77.7339,36.5272],[-77.7209,36.5338],[-77.7222,36.5454],[-77.7365,36.5504]]]},"properties":{"hex_id":"872a89963ffffff","value":-2.19}},{"type":"Feature","geometry":{"type":"Polygon","coordinates":[[[-77.7052,36.5173],[-77.7182,36.5106],[-77.7168,36.499],[-77.7025,36.4941],[-77.6895,36.5007],[-77.6908,36.5123],[-77.7052,36.5173]]]},"properties":{"hex_id":"872a89968ffffff","value":0.17}},{"type":"Feature","geometry":{"type":"Polygon","coordinates":[[[-77.6895,36.5007],[-77.7025,36.4941],[-77.7012,36.4825],[-77.6869,36.4775],[-77.6739,36.4841],[-77.6752,36.4957],[-77.6895,36.5007]]]},"properties":{"hex_id":"872a89969ffffff","value":-1.02}},{"type":"Feature","geometry":{"type":"Polygon","coordinates":[[[-77.7325,36.5156],[-77.7455,36.509],[-77.7442,36.4974],[-77.7298,36.4924],[-77.7168,36.499],[-77.7182,36.5106],[-77.7325,36.5156]]]},"properties":{"hex_id":"872a8996affffff","value":-3.57}},{"type":"Feature","geometry":{"type":"Polygon","coordinates":[[[-77.7168,36.499],[-77.7298,36.4924],[-77.7285,36.4808],[-77.7142,36.4759],[-77.7012,36.4825],[-77.7025,36.4941],[-77.7168,36.499]]]},"properties":{"hex_id":"872a8996bffffff","value":-1.29}},{"type":"Feature","geometry":{"type":"Polygon","coordinates":[[[-77.6935,36.5355],[-77.7065,36.5289],[-77.7052,36.5173],[-77.6908,36.5123],[-77.6778,36.5189],[-77.6792,36.5305],[-77.6935,36.5355]]]},"properties":{"hex_id":"872a8996cffffff","value":0.79}},{"type":"Feature","geometry":{"type":"Polygon","coordinates":[[[-77.6778,36.5189],[-77.6908,36.5123],[-77.6895,36.5007],[-77.6752,36.4957],[-77.6622,36.5023],[-77.6635,36.5139],[-77.6778,36.5189]]]},"properties":{"hex_id":"872a8996dffffff","value":1.05}},{"type":"Feature","geometry":{"type":"Polygon","coordinates":[[[-77.7209,36.5338],[-77.7339,36.5272],[-77.7325,36.5156],[-77.7182,36.5106],[-77.7052,36.5173],[-77.7065,36.5289],[-77.7209,36.5338]]]},"properties":{"hex_id":"872a8996effffff","value":0.09}},{"type":"Feature","geometry":{"type":"Polygon","coordinates":[[[-77.8438,36.1768],[-77.8567,36.1702],[-77.8553,36.1587],[-77.8411,36.1538],[-77.8282,36.1604],[-77.8296,36.1719],[-77.8438,36.1768]]]},"properties":{"hex_id":"872a89a06ffffff","value":2.64}},{"type":"Feature","geometry":{"type":"Polygon","coordinates":[[[-77.8981,36.1734],[-77.9109,36.1668],[-77.9096,36.1553],[-77.8953,36.1504],[-77.8824,36.157],[-77.8838,36.1685],[-77.8981,36.1734]]]},"properties":{"hex_id":"872a89a10ffffff","value":4.65}},{"type":"Feature","geometry":{"type":"Polygon","coordinates":[[[-77.9252,36.1717],[-77.9381,36.1651],[-77.9367,36.1536],[-77.9224,36.1487],[-77.9096,36.1553],[-77.9109,36.1668],[-77.9252,36.1717]]]},"properties":{"hex_id":"872a89a12ffffff","value":6.45}},{"type":"Feature","geometry":{"type":"Polygon","coordinates":[[[-77.8866,36.1916],[-77.8994,36.185],[-77.8981,36.1734],[-77.8838,36.1685],[-77.8709,36.1751],[-77.8723,36.1867],[-77.8866,36.1916]]]},"properties":{"hex_id":"872a89a14ffffff","value":2.55}},{"type":"Feature","geometry":{"type":"Polygon","coordinates":[[[-77.8709,36.1751],[-77.8838,36.1685],[-77.8824,36.157],[-77.8682,36.1521],[-77.8553,36.1587],[-77.8567,36.1702],[-77.8709,36.1751]]]},"properties":{"hex_id":"872a89a15ffffff","value":2.87}},{"type":"Feature","geometry":{"type":"Polygon","coordinates":[[[-77.9137,36.1899],[-77.9266,36.1833],[-77.9252,36.1717],[-77.9109,36.1668],[-77.8981,36.1734],[-77.8994,36.185],[-77.9137,36.1899]]]},"properties":{"hex_id":"872a89a16ffffff","value":0.04}},{"type":"Feature","geometry":{"type":"Polygon","coordinates":[[[-77.778,36.1983],[-77.7909,36.1917],[-77.7895,36.1802],[-77.7753,36.1752],[-77.7624,36.1818],[-77.7637,36.1934],[-77.778,36.1983]]]},"properties":{"hex_id":"872a89a20ffffff","value":0.56}},{"type":"Feature","geometry":{"type":"Polygon","coordinates":[[[-77.8051,36.1966],[-77.818,36.19],[-77.8167,36.1785],[-77.8024,36.1736],[-77.7895,36.1802],[-77.7909,36.1917],[-77.8051,36.1966]]]},"properties":{"hex_id":"872a89a22ffffff","value":2.76}},{"type":"Feature","geometry":{"type":"Polygon","coordinates":[[[-77.7664,36.2165],[-77.7793,36.2098],[-77.778,36.1983],[-77.7637,36.1934],[-77.7508,36.2],[-77.7522,36.2115],[-77.7664,36.2165]]]},"properties":{"hex_id":"872a89a24ffffff","value":-1.35}},{"type":"Feature","geometry":{"type":"Polygon","coordinates":[[[-77.7508,36.2],[-77.7637,36.1934],[-77.7624,36.1818],[-77.7481,36.1769],[-77.7352,36.1835],[-77.7366,36.195],[-77.7508,36.2]]]},"properties":{"hex_id":"872a89a25ffffff","value":0.31}},{"type":"Feature","geometry":{"type":"Polygon","coordinates":[[[-77.7936,36.2148],[-77.8065,36.2082],[-77.8051,36.1966],[-77.7909,36.1917],[-77.778,36.1983],[-77.7793,36.2098],[-77.7936,36.2148]]]},"properties":{"hex_id":"872a89a26ffffff","value":-1.27}},{"type":"Feature","geometry":{"type":"Polygon","coordinates":[[[-77.8479,36.2114],[-77.8608,36.2048],[-77.8594,36.1933],[-77.8452,36.1884],[-77.8323,36.195],[-77.8336,36.2065],[-77.8479,36.2114]]]},"properties":{"hex_id":"872a89a30ffffff","value":9.51}},{"type":"Feature","geometry":{"type":"Polygon","coordinates":[[[-77.8323,36.195],[-77.8452,36.1884],[-77.8438,36.1768],[-77.8296,36.1719],[-77.8167,36.1785],[-77.818,36.19],[-77.8323,36.195]]]},"properties":{"hex_id":"872a89a31ffffff","value":9.94}},{"type":"Feature","geometry":{"type":"Polygon","coordinates":[[[-77.875,36.2097],[-77.8879,36.2031],[-77.8866,36.1916],[-77.8723,36.1867],[-77.8594,36.1933],[-77.8608,36.2048],[-77.875,36.2097]]]},"properties":{"hex_id":"872a89a32ffffff","value":-0.53}},{"type":"Feature","geometry":{"type":"Polygon","coordinates":[[[-77.8594,36.1933],[-77.8723,36.1867],[-77.8709,36.1751],[-77.8567,36.1702],[-77.8438,36.1768],[-77.8452,36.1884],[-77.8594,36.1933]]]},"properties":{"hex_id":"872a89a33ffffff","value":12.46}},{"type":"Feature","geometry":{"type":"Polygon","coordinates":[[[-77.8363,36.2296],[-77.8492,36.223],[-77.8479,36.2114],[-77.8336,36.2065],[-77.8207,36.2131],[-77.8221,36.2246],[-77.8363,36.2296]]]},"properties":{"hex_id":"872a89a34ffffff","value":8.91}},{"type":"Feature","geometry":{"type":"Polygon","coordinates":[[[-77.8207,36.2131],[-77.8336,36.2065],[-77.8323,36.195],[-77.818,36.19],[-77.8051,36.1966],[-77.8065,36.2082],[-77.8207,36.2131]]]},"properties":{"hex_id":"872a89a35ffffff","value":4.84}},{"type":"Feature","geometry":{"type":"Polygon","coordinates":[[[-77.8635,36.2279],[-77.8764,36.2213],[-77.875,36.2097],[-77.8608,36.2048],[-77.8479,36.2114],[-77.8492,36.223],[-77.8635,36.2279]]]},"properties":{"hex_id":"872a89a36ffffff","value":1.1}},{"type":"Feature","geometry":{"type":"Polygon","coordinates":[[[-78.0451,36.1467],[-78.058,36.1401],[-78.0566,36.1286],[-78.0423,36.1237],[-78.0295,36.1303],[-78.0309,36.1418],[-78.0451,36.1467]]]},"properties":{"hex_id":"872a89a82ffffff","value":-1.0}},{"type":"Feature","geometry":{"type":"Polygon","coordinates":[[[-78.0066,36.1666],[-78.0194,36.16],[-78.018,36.1485],[-78.0038,36.1436],[-77.9909,36.1502],[-77.9923,36.1617],[-78.0066,36.1666]]]},"properties":{"hex_id":"872a89a84ffffff","value":-5.3}},{"type":"Feature","geometry":{"type":"Polygon","coordinates":[[[-78.0337,36.1649],[-78.0466,36.1583],[-78.0451,36.1467],[-78.0309,36.1418],[-78.018,36.1485],[-78.0194,36.16],[-78.0337,36.1649]]]},"properties":{"hex_id":"872a89a86ffffff","value":-1.22}},{"type":"Feature","geometry":{"type":"Polygon","coordinates":[[[-78.0879,36.1614],[-78.1008,36.1548],[-78.0994,36.1433],[-78.0851,36.1384],[-78.0723,36.145],[-78.0737,36.1565],[-78.0879,36.1614]]]},"properties":{"hex_id":"872a89a90ffffff","value":0.96}},{"type":"Feature","geometry":{"type":"Polygon","coordinates":[[[-78.0723,36.145],[-78.0851,36.1384],[-78.0837,36.1269],[-78.0694,36.122],[-78.0566,36.1286],[-78.058,36.1401],[-78.0723,36.145]]]},"properties":{"hex_id":"872a89a91ffffff","value":-2.22}},{"type":"Feature","geometry":{"type":"Polygon","coordinates":[[[-78.1151,36.1597],[-78.1279,36.1531],[-78.1265,36.1415],[-78.1122,36.1366],[-78.0994,36.1433],[-78.1008,36.1548],[-78.1151,36.1597]]]},"properties":{"hex_id":"872a89a92ffffff","value":-1.22}},{"type":"Feature","geometry":{"type":"Polygon","coordinates":[[[-78.0994,36.1433],[-78.1122,36.1366],[-78.1108,36.1251],[-78.0965,36.1202],[-78.0837,36.1269],[-78.0851,36.1384],[-78.0994,36.1433]]]},"properties":{"hex_id":"872a89a93ffffff","value":2.94}},{"type":"Feature","geometry":{"type":"Polygon","coordinates":[[[-78.0765,36.1796],[-78.0894,36.173],[-78.0879,36.1614],[-78.0737,36.1565],[-78.0608,36.1632],[-78.0622,36.1747],[-78.0765,36.1796]]]},"properties":{"hex_id":"872a89a94ffffff","value":-2.23}},{"type":"Feature","geometry":{"type":"Polygon","coordinates":[[[-78.0608,36.1632],[-78.0737,36.1565],[-78.0723,36.145],[-78.058,36.1401],[-78.0451,36.1467],[-78.0466,36.1583],[-78.0608,36.1632]]]},"properties":{"hex_id":"872a89a95ffffff","value":-3.59}},{"type":"Feature","geometry":{"type":"Polygon","coordinates":[[[-78.1036,36.1778],[-78.1165,36.1712],[-78.1151,36.1597],[-78.1008,36.1548],[-78.0879,36.1614],[-78.0894,36.173],[-78.1036,36.1778]]]},"properties":{"hex_id":"872a89a96ffffff","value":-0.0}},{"type":"Feature","geometry":{"type":"Polygon","coordinates":[[[-77.968,36.1865],[-77.9808,36.1799],[-77.9795,36.1683],[-77.9652,36.1634],[-77.9523,36.17],[-77.9537,36.1816],[-77.968,36.1865]]]},"properties":{"hex_id":"872a89aa0ffffff","value":-4.65}},{"type":"Feature","geometry":{"type":"Polygon","coordinates":[[[-77.9523,36.17],[-77.9652,36.1634],[-77.9638,36.1519],[-77.9496,36.147],[-77.9367,36.1536],[-77.9381,36.1651],[-77.9523,36.17]]]},"properties":{"hex_id":"872a89aa1ffffff","value":11.05}},{"type":"Feature","geometry":{"type":"Polygon","coordinates":[[[-77.9951,36.1848],[-78.008,36.1781],[-78.0066,36.1666],[-77.9923,36.1617],[-77.9795,36.1683],[-77.9808,36.1799],[-77.9951,36.1848]]]},"properties":{"hex_id":"872a89aa2ffffff","value":-5.13}},{"type":"Feature","geometry":{"type":"Polygon","coordinates":[[[-77.9795,36.1683],[-77.9923,36.1617],[-77.9909,36.1502],[-77.9767,36.1453],[-77.9638,36.1519],[-77.9652,36.1634],[-77.9795,36.1683]]]},"properties":{"hex_id":"872a89aa3ffffff","value":1.53}},{"type":"Feature","geometry":{"type":"Polygon","coordinates":[[[-77.9565,36.2046],[-77.9694,36.198],[-77.968,36.1865],[-77.9537,36.1816],[-77.9408,36.1882],[-77.9422,36.1997],[-77.9565,36.2046]]]},"properties":{"hex_id":"872a89aa4ffffff","value":-4.15}},{"type":"Feature","geometry":{"type":"Polygon","coordinates":[[[-77.9408,36.1882],[-77.9537,36.1816],[-77.9523,36.17],[-77.9381,36.1651],[-77.9252,36.1717],[-77.9266,36.1833],[-77.9408,36.1882]]]},"properties":{"hex_id":"872a89aa5ffffff","value":-3.05}},{"type":"Feature","geometry":{"type":"Polygon","coordinates":[[[-77.9836,36.2029],[-77.9965,36.1963],[-77.9951,36.1848],[-77.9808,36.1799],[-77.968,36.1865],[-77.9694,36.198],[-77.9836,36.2029]]]},"properties":{"hex_id":"872a89aa6ffffff","value":-6.89}},{"type":"Feature","geometry":{"type":"Polygon","coordinates":[[[-78.0379,36.1995],[-78.0508,36.1929],[-78.0494,36.1813],[-78.0351,36.1764],[-78.0222,36.183],[-78.0236,36.1946],[-78.0379,36.1995]]]},"properties":{"hex_id":"872a89ab0ffffff","value":-1.77}},{"type":"Feature","geometry":{"type":"Polygon","coordinates":[[[-78.0222,36.183],[-78.0351,36.1764],[-78.0337,36.1649],[-78.0194,36.16],[-78.0066,36.1666],[-78.008,36.1781],[-78.0222,36.183]]]},"properties":{"hex_id":"872a89ab1ffffff","value":-0.06}},{"type":"Feature","geometry":{"type":"Polygon","coordinates":[[[-78.0651,36.1978],[-78.0779,36.1911],[-78.0765,36.1796],[-78.0622,36.1747],[-78.0494,36.1813],[-78.0508,36.1929],[-78.0651,36.1978]]]},"properties":{"hex_id":"872a89ab2ffffff","value":-0.65}},{"type":"Feature","geometry":{"type":"Polygon","coordinates":[[[-78.0494,36.1813],[-78.0622,36.1747],[-78.0608,36.1632],[-78.0466,36.1583],[-78.0337,36.1649],[-78.0351,36.1764],[-78.0494,36.1813]]]},"properties":{"hex_id":"872a89ab3ffffff","value":-3.07}},{"type":"Feature","geometry":{"type":"Polygon","coordinates":[[[-78.0264,36.2176],[-78.0393,36.211],[-78.0379,36.1995],[-78.0236,36.1946],[-78.0108,36.2012],[-78.0122,36.2127],[-78.0264,36.2176]]]},"properties":{"hex_id":"872a89ab4ffffff","value":-3.94}},{"type":"Feature","geometry":{"type":"Polygon","coordinates":[[[-78.0108,36.2012],[-78.0236,36.1946],[-78.0222,36.183],[-78.008,36.1781],[-77.9951,36.1848],[-77.9965,36.1963],[-78.0108,36.2012]]]},"properties":{"hex_id":"872a89ab5ffffff","value":-2.75}},{"type":"Feature","geometry":{"type":"Polygon","coordinates":[[[-78.0536,36.2159],[-78.0665,36.2093],[-78.0651,36.1978],[-78.0508,36.1929],[-78.0379,36.1995],[-78.0393,36.211],[-78.0536,36.2159]]]},"properties":{"hex_id":"872a89ab6ffffff","value":-2.83}},{"type":"Feature","geometry":{"type":"Polygon","coordinates":[[[-77.7473,36.2874],[-77.7602,36.2808],[-77.7589,36.2692],[-77.7446,36.2643],[-77.7317,36.2709],[-77.733,36.2825],[-77.7473,36.2874]]]},"properties":{"hex_id":"872a89b00ffffff","value":7.92}},{"type":"Feature","geometry":{"type":"Polygon","coordinates":[[[-77.7317,36.2709],[-77.7446,36.2643],[-77.7433,36.2527],[-77.729,36.2478],[-77.7161,36.2544],[-77.7174,36.266],[-77.7317,36.2709]]]},"properties":{"hex_id":"872a89b01ffffff","value":6.34}},{"type":"Feature","geometry":{"type":"Polygon","coordinates":[[[-77.7745,36.2857],[-77.7874,36.2791],[-77.786,36.2676],[-77.7718,36.2626],[-77.7589,36.2692],[-77.7602,36.2808],[-77.7745,36.2857]]]},"properties":{"hex_id":"872a89b02ffffff","value":5.47}},{"type":"Feature","geometry":{"type":"Polygon","coordinates":[[[-77.7589,36.2692],[-77.7718,36.2626],[-77.7704,36.2511],[-77.7562,36.2461],[-77.7433,36.2527],[-77.7446,36.2643],[-77.7589,36.2692]]]},"properties":{"hex_id":"872a89b03ffffff","value":5.21}},{"type":"Feature","geometry":{"type":"Polygon","coordinates":[[[-77.7357,36.3056],[-77.7486,36.299],[-77.7473,36.2874],[-77.733,36.2825],[-77.7201,36.2891],[-77.7214,36.3006],[-77.7357,36.3056]]]},"properties":{"hex_id":"872a89b04ffffff","value":10.53}},{"type":"Feature","geometry":{"type":"Polygon","coordinates":[[[-77.7201,36.2891],[-77.733,36.2825],[-77.7317,36.2709],[-77.7174,36.266],[-77.7045,36.2726],[-77.7058,36.2841],[-77.7201,36.2891]]]},"properties":{"hex_id":"872a89b05ffffff","value":7.96}},{"type":"Feature","geometry":{"type":"Polygon","coordinates":[[[-77.7629,36.3039],[-77.7758,36.2973],[-77.7745,36.2857],[-77.7602,36.2808],[-77.7473,36.2874],[-77.7486,36.299],[-77.7629,36.3039]]]},"properties":{"hex_id":"872a89b06ffffff","value":3.56}},{"type":"Feature","geometry":{"type":"Polygon","coordinates":[[[-77.7277,36.2363],[-77.7406,36.2297],[-77.7392,36.2181],[-77.725,36.2132],[-77.7121,36.2198],[-77.7134,36.2313],[-77.7277,36.2363]]]},"properties":{"hex_id":"872a89b08ffffff","value":3.61}},{"type":"Feature","geometry":{"type":"Polygon","coordinates":[[[-77.7121,36.2198],[-77.725,36.2132],[-77.7237,36.2016],[-77.7094,36.1967],[-77.6965,36.2033],[-77.6978,36.2148],[-77.7121,36.2198]]]},"properties":{"hex_id":"872a89b09ffffff","value":4.2}},{"type":"Feature","geometry":{"type":"Polygon","coordinates":[[[-77.7548,36.2346],[-77.7677,36.228],[-77.7664,36.2165],[-77.7522,36.2115],[-77.7392,36.2181],[-77.7406,36.2297],[-77.7548,36.2346]]]},"properties":{"hex_id":"872a89b0affffff","value":-0.27}},{"type":"Feature","geometry":{"type":"Polygon","coordinates":[[[-77.7392,36.2181],[-77.7522,36.2115],[-77.7508,36.2],[-77.7366,36.195],[-77.7237,36.2016],[-77.725,36.2132],[-77.7392,36.2181]]]},"properties":{"hex_id":"872a89b0bffffff","value":2.99}},{"type":"Feature","geometry":{"type":"Polygon","coordinates":[[[-77.7161,36.2544],[-77.729,36.2478],[-77.7277,36.2363],[-77.7134,36.2313],[-77.7005,36.2379],[-77.7018,36.2495],[-77.7161,36.2544]]]},"properties":{"hex_id":"872a89b0cffffff","value":1.0}},{"type":"Feature","geometry":{"type":"Polygon","coordinates":[[[-77.7005,36.2379],[-77.7134,36.2313],[-77.7121,36.2198],[-77.6978,36.2148],[-77.6849,36.2214],[-77.6862,36.233],[-77.7005,36.2379]]]},"properties":{"hex_id":"872a89b0dffffff","value":3.19}},{"type":"Feature","geometry":{"type":"Polygon","coordinates":[[[-77.7433,36.2527],[-77.7562,36.2461],[-77.7548,36.2346],[-77.7406,36.2297],[-77.7277,36.2363],[-77.729,36.2478],[-77.7433,36.2527]]]},"properties":{"hex_id":"872a89b0effffff","value":5.93}},{"type":"Feature","geometry":{"type":"Polygon","coordinates":[[[-77.8173,36.3005],[-77.8302,36.2939],[-77.8289,36.2824],[-77.8146,36.2774],[-77.8017,36.2841],[-77.803,36.2956],[-77.8173,36.3005]]]},"properties":{"hex_id":"872a89b10ffffff","value":-4.67}},{"type":"Feature","geometry":{"type":"Polygon","coordinates":[[[-77.8017,36.2841],[-77.8146,36.2774],[-77.8132,36.2659],[-77.799,36.261],[-77.786,36.2676],[-77.7874,36.2791],[-77.8017,36.2841]]]},"properties":{"hex_id":"872a89b11ffffff","value":-4.34}},{"type":"Feature","geometry":{"type":"Polygon","coordinates":[[[-77.8445,36.2989],[-77.8574,36.2922],[-77.8561,36.2807],[-77.8418,36.2758],[-77.8289,36.2824],[-77.8302,36.2939],[-77.8445,36.2989]]]},"properties":{"hex_id":"872a89b12ffffff","value":-8.4}},{"type":"Feature","geometry":{"type":"Polygon","coordinates":[[[-77.8289,36.2824],[-77.8418,36.2758],[-77.8404,36.2642],[-77.8261,36.2593],[-77.8132,36.2659],[-77.8146,36.2774],[-77.8289,36.2824]]]},"properties":{"hex_id":"872a89b13ffffff","value":-7.4}},{"type":"Feature","geometry":{"type":"Polygon","coordinates":[[[-77.8057,36.3187],[-77.8187,36.3121],[-77.8173,36.3005],[-77.803,36.2956],[-77.7901,36.3022],[-77.7914,36.3138],[-77.8057,36.3187]]]},"properties":{"hex_id":"872a89b14ffffff","value":-2.87}},{"type":"Feature","geometry":{"type":"Polygon","coordinates":[[[-77.7901,36.3022],[-77.803,36.2956],[-77.8017,36.2841],[-77.7874,36.2791],[-77.7745,36.2857],[-77.7758,36.2973],[-77.7901,36.3022]]]},"properties":{"hex_id":"872a89b15ffffff","value":-6.19}},{"type":"Feature","geometry":{"type":"Polygon","coordinates":[[[-77.8329,36.317],[-77.8459,36.3104],[-77.8445,36.2989],[-77.8302,36.2939],[-77.8173,36.3005],[-77.8187,36.3121],[-77.8329,36.317]]]},"properties":{"hex_id":"872a89b16ffffff","value":-5.83}},{"type":"Feature","geometry":{"type":"Polygon","coordinates":[[[-77.7976,36.2494],[-77.8105,36.2428],[-77.8092,36.2313],[-77.7949,36.2263],[-77.782,36.2329],[-77.7834,36.2445],[-77.7976,36.2494]]]},"properties":{"hex_id":"872a89b18ffffff","value":4.29}},{"type":"Feature","geometry":{"type":"Polygon","coordinates":[[[-77.782,36.2329],[-77.7949,36.2263],[-77.7936,36.2148],[-77.7793,36.2098],[-77.7664,36.2165],[-77.7677,36.228],[-77.782,36.2329]]]},"properties":{"hex_id":"872a89b19ffffff","value":-2.33}},{"type":"Feature","geometry":{"type":"Polygon","coordinates":[[[-77.8248,36.2477],[-77.8377,36.2411],[-77.8363,36.2296],[-77.8221,36.2246],[-77.8092,36.2313],[-77.8105,36.2428],[-77.8248,36.2477]]]},"properties":{"hex_id":"872a89b1affffff","value":2.17}},{"type":"Feature","geometry":{"type":"Polygon","coordinates":[[[-77.8092,36.2313],[-77.8221,36.2246],[-77.8207,36.2131],[-77.8065,36.2082],[-77.7936,36.2148],[-77.7949,36.2263],[-77.8092,36.2313]]]},"properties":{"hex_id":"872a89b1bffffff","value":2.36}},{"type":"Feature","geometry":{"type":"Polygon","coordinates":[[[-77.786,36.2676],[-77.799,36.261],[-77.7976,36.2494],[-77.7834,36.2445],[-77.7704,36.2511],[-77.7718,36.2626],[-77.786,36.2676]]]},"properties":{"hex_id":"872a89b1cffffff","value":2.26}},{"type":"Feature","geometry":{"type":"Polygon","coordinates":[[[-77.7704,36.2511],[-77.7834,36.2445],[-77.782,36.2329],[-77.7677,36.228],[-77.7548,36.2346],[-77.7562,36.2461],[-77.7704,36.2511]]]},"properties":{"hex_id":"872a89b1dffffff","value":3.81}},{"type":"Feature","geometry":{"type":"Polygon","coordinates":[[[-77.8132,36.2659],[-77.8261,36.2593],[-77.8248,36.2477],[-77.8105,36.2428],[-77.7976,36.2494],[-77.799,36.261],[-77.8132,36.2659]]]},"properties":{"hex_id":"872a89b1effffff","value":-5.33}},{"type":"Feature","geometry":{"type":"Polygon","coordinates":[[[-77.6968,36.3254],[-77.7098,36.3188],[-77.7085,36.3072],[-77.6942,36.3023],[-77.6812,36.3089],[-77.6826,36.3204],[-77.6968,36.3254]]]},"properties":{"hex_id":"872a89b20ffffff","value":1.58}},{"type":"Feature","geometry":{"type":"Polygon","coordinates":[[[-77.6812,36.3089],[-77.6942,36.3023],[-77.6929,36.2907],[-77.6786,36.2858],[-77.6657,36.2924],[-77.667,36.3039],[-77.6812,36.3089]]]},"properties":{"hex_id":"872a89b21ffffff","value":1.34}},{"type":"Feature","geometry":{"type":"Polygon","coordinates":[[[-77.7241,36.3237],[-77.737,36.3171],[-77.7357,36.3056],[-77.7214,36.3006],[-77.7085,36.3072],[-77.7098,36.3188],[-77.7241,36.3237]]]},"properties":{"hex_id":"872a89b22ffffff","value":8.69}},{"type":"Feature","geometry":{"type":"Polygon","coordinates":[[[-77.7085,36.3072],[-77.7214,36.3006],[-77.7201,36.2891],[-77.7058,36.2841],[-77.6929,36.2907],[-77.6942,36.3023],[-77.7085,36.3072]]]},"properties":{"hex_id":"872a89b23ffffff","value":4.96}},{"type":"Feature","geometry":{"type":"Polygon","coordinates":[[[-77.6852,36.3436],[-77.6982,36.3369],[-77.6968,36.3254],[-77.6826,36.3204],[-77.6696,36.327],[-77.6709,36.3386],[-77.6852,36.3436]]]},"properties":{"hex_id":"872a89b24ffffff","value":2.38}},{"type":"Feature","geometry":{"type":"Polygon","coordinates":[[[-77.6696,36.327],[-77.6826,36.3204],[-77.6812,36.3089],[-77.667,36.3039],[-77.654,36.3105],[-77.6553,36.3221],[-77.6696,36.327]]]},"properties":{"hex_id":"872a89b25ffffff","value":0.98}},{"type":"Feature","geometry":{"type":"Polygon","coordinates":[[[-77.7125,36.3419],[-77.7254,36.3353],[-77.7241,36.3237],[-77.7098,36.3188],[-77.6968,36.3254],[-77.6982,36.3369],[-77.7125,36.3419]]]},"properties":{"hex_id":"872a89b26ffffff","value":10.53}},{"type":"Feature","geometry":{"type":"Polygon","coordinates":[[[-77.6773,36.2742],[-77.6902,36.2676],[-77.6889,36.2561],[-77.6746,36.2511],[-77.6617,36.2577],[-77.663,36.2693],[-77.6773,36.2742]]]},"properties":{"hex_id":"872a89b28ffffff","value":-1.67}},{"type":"Feature","geometry":{"type":"Polygon","coordinates":[[[-77.6617,36.2577],[-77.6746,36.2511],[-77.6733,36.2396],[-77.6591,36.2346],[-77.6461,36.2412],[-77.6474,36.2528],[-77.6617,36.2577]]]},"properties":{"hex_id":"872a89b29ffffff","value":0.04}},{"type":"Feature","geometry":{"type":"Polygon","coordinates":[[[-77.7045,36.2726],[-77.7174,36.266],[-77.7161,36.2544],[-77.7018,36.2495],[-77.6889,36.2561],[-77.6902,36.2676],[-77.7045,36.2726]]]},"properties":{"hex_id":"872a89b2affffff","value":3.53}},{"type":"Feature","geometry":{"type":"Polygon","coordinates":[[[-77.6889,36.2561],[-77.7018,36.2495],[-77.7005,36.2379],[-77.6862,36.233],[-77.6733,36.2396],[-77.6746,36.2511],[-77.6889,36.2561]]]},"properties":{"hex_id":"872a89b2bffffff","value":4.38}},{"type":"Feature","geometry":{"type":"Polygon","coordinates":[[[-77.6657,36.2924],[-77.6786,36.2858],[-77.6773,36.2742],[-77.663,36.2693],[-77.6501,36.2759],[-77.6514,36.2874],[-77.6657,36.2924]]]},"properties":{"hex_id":"872a89b2cffffff","value":-3.08}},{"type":"Feature","geometry":{"type":"Polygon","coordinates":[[[-77.6501,36.2759],[-77.663,36.2693],[-77.6617,36.2577],[-77.6474,36.2528],[-77.6345,36.2593],[-77.6358,36.2709],[-77.6501,36.2759]]]},"properties":{"hex_id":"872a89b2dffffff","value":-3.76}},{"type":"Feature","geometry":{"type":"Polygon","coordinates":[[[-77.6929,36.2907],[-77.7058,36.2841],[-77.7045,36.2726],[-77.6902,36.2676],[-77.6773,36.2742],[-77.6786,36.2858],[-77.6929,36.2907]]]},"properties":{"hex_id":"872a89b2effffff","value":2.58}},{"type":"Feature","geometry":{"type":"Polygon","coordinates":[[[-77.7669,36.3386],[-77.7799,36.332],[-77.7785,36.3204],[-77.7642,36.3155],[-77.7513,36.3221],[-77.7526,36.3336],[-77.7669,36.3386]]]},"properties":{"hex_id":"872a89b30ffffff","value":-0.17}},{"type":"Feature","geometry":{"type":"Polygon","coordinates":[[[-77.7513,36.3221],[-77.7642,36.3155],[-77.7629,36.3039],[-77.7486,36.299],[-77.7357,36.3056],[-77.737,36.3171],[-77.7513,36.3221]]]},"properties":{"hex_id":"872a89b31ffffff","value":8.64}},{"type":"Feature","geometry":{"type":"Polygon","coordinates":[[[-77.7941,36.3369],[-77.8071,36.3303],[-77.8057,36.3187],[-77.7914,36.3138],[-77.7785,36.3204],[-77.7799,36.332],[-77.7941,36.3369]]]},"properties":{"hex_id":"872a89b32ffffff","value":-4.72}},{"type":"Feature","geometry":{"type":"Polygon","coordinates":[[[-77.7785,36.3204],[-77.7914,36.3138],[-77.7901,36.3022],[-77.7758,36.2973],[-77.7629,36.3039],[-77.7642,36.3155],[-77.7785,36.3204]]]},"properties":{"hex_id":"872a89b33ffffff","value":-4.03}},{"type":"Feature","geometry":{"type":"Polygon","coordinates":[[[-77.7553,36.3568],[-77.7683,36.3501],[-77.7669,36.3386],[-77.7526,36.3336],[-77.7397,36.3402],[-77.741,36.3518],[-77.7553,36.3568]]]},"properties":{"hex_id":"872a89b34ffffff","value":4.02}},{"type":"Feature","geometry":{"type":"Polygon","coordinates":[[[-77.7397,36.3402],[-77.7526,36.3336],[-77.7513,36.3221],[-77.737,36.3171],[-77.7241,36.3237],[-77.7254,36.3353],[-77.7397,36.3402]]]},"properties":{"hex_id":"872a89b35ffffff","value":9.86}},{"type":"Feature","geometry":{"type":"Polygon","coordinates":[[[-77.7826,36.3551],[-77.7955,36.3485],[-77.7941,36.3369],[-77.7799,36.332],[-77.7669,36.3386],[-77.7683,36.3501],[-77.7826,36.3551]]]},"properties":{"hex_id":"872a89b36ffffff","value":-0.95}},{"type":"Feature","geometry":{"type":"Polygon","coordinates":[[[-77.6965,36.2033],[-77.7094,36.1967],[-77.7081,36.1852],[-77.6939,36.1802],[-77.681,36.1868],[-77.6823,36.1983],[-77.6965,36.2033]]]},"properties":{"hex_id":"872a89b54ffffff","value":2.88}},{"type":"Feature","geometry":{"type":"Polygon","coordinates":[[[-77.7237,36.2016],[-77.7366,36.195],[-77.7352,36.1835],[-77.721,36.1786],[-77.7081,36.1852],[-77.7094,36.1967],[-77.7237,36.2016]]]},"properties":{"hex_id":"872a89b56ffffff","value":-0.87}},{"type":"Feature","geometry":{"type":"Polygon","coordinates":[[[-77.5762,36.228],[-77.5892,36.2214],[-77.5879,36.2098],[-77.5736,36.2049],[-77.5607,36.2115],[-77.562,36.223],[-77.5762,36.228]]]},"properties":{"hex_id":"872a89b64ffffff","value":-3.56}},{"type":"Feature","geometry":{"type":"Polygon","coordinates":[[[-77.6034,36.2263],[-77.6163,36.2198],[-77.615,36.2082],[-77.6008,36.2033],[-77.5879,36.2098],[-77.5892,36.2214],[-77.6034,36.2263]]]},"properties":{"hex_id":"872a89b66ffffff","value":-2.57}},{"type":"Feature","geometry":{"type":"Polygon","coordinates":[[[-77.6577,36.2231],[-77.6707,36.2165],[-77.6694,36.2049],[-77.6551,36.2],[-77.6422,36.2066],[-77.6435,36.2181],[-77.6577,36.2231]]]},"properties":{"hex_id":"872a89b70ffffff","value":-2.88}},{"type":"Feature","geometry":{"type":"Polygon","coordinates":[[[-77.6422,36.2066],[-77.6551,36.2],[-77.6538,36.1884],[-77.6396,36.1835],[-77.6267,36.1901],[-77.628,36.2016],[-77.6422,36.2066]]]},"properties":{"hex_id":"872a89b71ffffff","value":0.21}},{"type":"Feature","geometry":{"type":"Polygon","coordinates":[[[-77.6849,36.2214],[-77.6978,36.2148],[-77.6965,36.2033],[-77.6823,36.1983],[-77.6694,36.2049],[-77.6707,36.2165],[-77.6849,36.2214]]]},"properties":{"hex_id":"872a89b72ffffff","value":5.52}},{"type":"Feature","geometry":{"type":"Polygon","coordinates":[[[-77.6694,36.2049],[-77.6823,36.1983],[-77.681,36.1868],[-77.6667,36.1819],[-77.6538,36.1884],[-77.6551,36.2],[-77.6694,36.2049]]]},"properties":{"hex_id":"872a89b73ffffff","value":1.37}},{"type":"Feature","geometry":{"type":"Polygon","coordinates":[[[-77.6461,36.2412],[-77.6591,36.2346],[-77.6577,36.2231],[-77.6435,36.2181],[-77.6306,36.2247],[-77.6319,36.2363],[-77.6461,36.2412]]]},"properties":{"hex_id":"872a89b74ffffff","value":-5.2}},{"type":"Feature","geometry":{"type":"Polygon","coordinates":[[[-77.6306,36.2247],[-77.6435,36.2181],[-77.6422,36.2066],[-77.628,36.2016],[-77.615,36.2082],[-77.6163,36.2198],[-77.6306,36.2247]]]},"properties":{"hex_id":"872a89b75ffffff","value":-5.6}},{"type":"Feature","geometry":{"type":"Polygon","coordinates":[[[-77.6733,36.2396],[-77.6862,36.233],[-77.6849,36.2214],[-77.6707,36.2165],[-77.6577,36.2231],[-77.6591,36.2346],[-77.6733,36.2396]]]},"properties":{"hex_id":"872a89b76ffffff","value":-0.93}},{"type":"Feature","geometry":{"type":"Polygon","coordinates":[[[-77.9376,36.2756],[-77.9505,36.269],[-77.9491,36.2574],[-77.9349,36.2525],[-77.922,36.2591],[-77.9233,36.2707],[-77.9376,36.2756]]]},"properties":{"hex_id":"872a89b80ffffff","value":-2.43}},{"type":"Feature","geometry":{"type":"Polygon","coordinates":[[[-77.922,36.2591],[-77.9349,36.2525],[-77.9335,36.241],[-77.9192,36.236],[-77.9063,36.2427],[-77.9077,36.2542],[-77.922,36.2591]]]},"properties":{"hex_id":"872a89b81ffffff","value":-5.1}},{"type":"Feature","geometry":{"type":"Polygon","coordinates":[[[-77.9648,36.2739],[-77.9777,36.2673],[-77.9763,36.2557],[-77.962,36.2508],[-77.9491,36.2574],[-77.9505,36.269],[-77.9648,36.2739]]]},"properties":{"hex_id":"872a89b82ffffff","value":5.8}},{"type":"Feature","geometry":{"type":"Polygon","coordinates":[[[-77.9491,36.2574],[-77.962,36.2508],[-77.9606,36.2393],[-77.9464,36.2343],[-77.9335,36.241],[-77.9349,36.2525],[-77.9491,36.2574]]]},"properties":{"hex_id":"872a89b83ffffff","value":-3.73}},{"type":"Feature","geometry":{"type":"Polygon","coordinates":[[[-77.9261,36.2938],[-77.939,36.2871],[-77.9376,36.2756],[-77.9233,36.2707],[-77.9104,36.2773],[-77.9118,36.2889],[-77.9261,36.2938]]]},"properties":{"hex_id":"872a89b84ffffff","value":-0.98}},{"type":"Feature","geometry":{"type":"Polygon","coordinates":[[[-77.9104,36.2773],[-77.9233,36.2707],[-77.922,36.2591],[-77.9077,36.2542],[-77.8948,36.2608],[-77.8962,36.2724],[-77.9104,36.2773]]]},"properties":{"hex_id":"872a89b85ffffff","value":-5.73}},{"type":"Feature","geometry":{"type":"Polygon","coordinates":[[[-77.9533,36.2921],[-77.9662,36.2854],[-77.9648,36.2739],[-77.9505,36.269],[-77.9376,36.2756],[-77.939,36.2871],[-77.9533,36.2921]]]},"properties":{"hex_id":"872a89b86ffffff","value":5.71}},{"type":"Feature","geometry":{"type":"Polygon","coordinates":[[[-77.9178,36.2245],[-77.9307,36.2179],[-77.9293,36.2063],[-77.9151,36.2014],[-77.9022,36.208],[-77.9036,36.2196],[-77.9178,36.2245]]]},"properties":{"hex_id":"872a89b88ffffff","value":1.15}},{"type":"Feature","geometry":{"type":"Polygon","coordinates":[[[-77.9022,36.208],[-77.9151,36.2014],[-77.9137,36.1899],[-77.8994,36.185],[-77.8866,36.1916],[-77.8879,36.2031],[-77.9022,36.208]]]},"properties":{"hex_id":"872a89b89ffffff","value":-0.76}},{"type":"Feature","geometry":{"type":"Polygon","coordinates":[[[-77.945,36.2228],[-77.9579,36.2162],[-77.9565,36.2046],[-77.9422,36.1997],[-77.9293,36.2063],[-77.9307,36.2179],[-77.945,36.2228]]]},"properties":{"hex_id":"872a89b8affffff","value":3.01}},{"type":"Feature","geometry":{"type":"Polygon","coordinates":[[[-77.9293,36.2063],[-77.9422,36.1997],[-77.9408,36.1882],[-77.9266,36.1833],[-77.9137,36.1899],[-77.9151,36.2014],[-77.9293,36.2063]]]},"properties":{"hex_id":"872a89b8bffffff","value":-3.06}},{"type":"Feature","geometry":{"type":"Polygon","coordinates":[[[-77.9063,36.2427],[-77.9192,36.236],[-77.9178,36.2245],[-77.9036,36.2196],[-77.8907,36.2262],[-77.892,36.2377],[-77.9063,36.2427]]]},"properties":{"hex_id":"872a89b8cffffff","value":-1.72}},{"type":"Feature","geometry":{"type":"Polygon","coordinates":[[[-77.8907,36.2262],[-77.9036,36.2196],[-77.9022,36.208],[-77.8879,36.2031],[-77.875,36.2097],[-77.8764,36.2213],[-77.8907,36.2262]]]},"properties":{"hex_id":"872a89b8dffffff","value":-0.5}},{"type":"Feature","geometry":{"type":"Polygon","coordinates":[[[-77.9335,36.241],[-77.9464,36.2343],[-77.945,36.2228],[-77.9307,36.2179],[-77.9178,36.2245],[-77.9192,36.236],[-77.9335,36.241]]]},"properties":{"hex_id":"872a89b8effffff","value":-2.8}},{"type":"Feature","geometry":{"type":"Polygon","coordinates":[[[-78.0077,36.2886],[-78.0206,36.282],[-78.0192,36.2705],[-78.0049,36.2655],[-77.992,36.2722],[-77.9934,36.2837],[-78.0077,36.2886]]]},"properties":{"hex_id":"872a89b90ffffff","value":1.75}},{"type":"Feature","geometry":{"type":"Polygon","coordinates":[[[-77.992,36.2722],[-78.0049,36.2655],[-78.0035,36.254],[-77.9892,36.2491],[-77.9763,36.2557],[-77.9777,36.2673],[-77.992,36.2722]]]},"properties":{"hex_id":"872a89b91ffffff","value":4.09}},{"type":"Feature","geometry":{"type":"Polygon","coordinates":[[[-78.0349,36.2869],[-78.0478,36.2803],[-78.0464,36.2687],[-78.0321,36.2638],[-78.0192,36.2705],[-78.0206,36.282],[-78.0349,36.2869]]]},"properties":{"hex_id":"872a89b92ffffff","value":9.42}},{"type":"Feature","geometry":{"type":"Polygon","coordinates":[[[-78.0192,36.2705],[-78.0321,36.2638],[-78.0307,36.2523],[-78.0164,36.2474],[-78.0035,36.254],[-78.0049,36.2655],[-78.0192,36.2705]]]},"properties":{"hex_id":"872a89b93ffffff","value":-1.66}},{"type":"Feature","geometry":{"type":"Polygon","coordinates":[[[-77.9962,36.3068],[-78.0091,36.3002],[-78.0077,36.2886],[-77.9934,36.2837],[-77.9805,36.2904],[-77.9819,36.3019],[-77.9962,36.3068]]]},"properties":{"hex_id":"872a89b94ffffff","value":1.99}},{"type":"Feature","geometry":{"type":"Polygon","coordinates":[[[-77.9805,36.2904],[-77.9934,36.2837],[-77.992,36.2722],[-77.9777,36.2673],[-77.9648,36.2739],[-77.9662,36.2854],[-77.9805,36.2904]]]},"properties":{"hex_id":"872a89b95ffffff","value":4.3}},{"type":"Feature","geometry":{"type":"Polygon","coordinates":[[[-78.0234,36.3051],[-78.0363,36.2985],[-78.0349,36.2869],[-78.0206,36.282],[-78.0077,36.2886],[-78.0091,36.3002],[-78.0234,36.3051]]]},"properties":{"hex_id":"872a89b96ffffff","value":9.35}},{"type":"Feature","geometry":{"type":"Polygon","coordinates":[[[-77.9878,36.2375],[-78.0007,36.2309],[-77.9993,36.2194],[-77.985,36.2145],[-77.9721,36.2211],[-77.9735,36.2326],[-77.9878,36.2375]]]},"properties":{"hex_id":"872a89b98ffffff","value":-1.0}},{"type":"Feature","geometry":{"type":"Polygon","coordinates":[[[-77.9721,36.2211],[-77.985,36.2145],[-77.9836,36.2029],[-77.9694,36.198],[-77.9565,36.2046],[-77.9579,36.2162],[-77.9721,36.2211]]]},"properties":{"hex_id":"872a89b99ffffff","value":-2.38}},{"type":"Feature","geometry":{"type":"Polygon","coordinates":[[[-78.015,36.2358],[-78.0279,36.2292],[-78.0264,36.2176],[-78.0122,36.2127],[-77.9993,36.2194],[-78.0007,36.2309],[-78.015,36.2358]]]},"properties":{"hex_id":"872a89b9affffff","value":-0.02}},{"type":"Feature","geometry":{"type":"Polygon","coordinates":[[[-77.9993,36.2194],[-78.0122,36.2127],[-78.0108,36.2012],[-77.9965,36.1963],[-77.9836,36.2029],[-77.985,36.2145],[-77.9993,36.2194]]]},"properties":{"hex_id":"872a89b9bffffff","value":-4.26}},{"type":"Feature","geometry":{"type":"Polygon","coordinates":[[[-77.9763,36.2557],[-77.9892,36.2491],[-77.9878,36.2375],[-77.9735,36.2326],[-77.9606,36.2393],[-77.962,36.2508],[-77.9763,36.2557]]]},"properties":{"hex_id":"872a89b9cffffff","value":-0.33}},{"type":"Feature","geometry":{"type":"Polygon","coordinates":[[[-77.9606,36.2393],[-77.9735,36.2326],[-77.9721,36.2211],[-77.9579,36.2162],[-77.945,36.2228],[-77.9464,36.2343],[-77.9606,36.2393]]]},"properties":{"hex_id":"872a89b9dffffff","value":-3.27}},{"type":"Feature","geometry":{"type":"Polygon","coordinates":[[[-78.0035,36.254],[-78.0164,36.2474],[-78.015,36.2358],[-78.0007,36.2309],[-77.9878,36.2375],[-77.9892,36.2491],[-78.0035,36.254]]]},"properties":{"hex_id":"872a89b9effffff","value":0.83}},{"type":"Feature","geometry":{"type":"Polygon","coordinates":[[[-77.8874,36.3137],[-77.9003,36.307],[-77.8989,36.2955],[-77.8846,36.2906],[-77.8717,36.2972],[-77.8731,36.3087],[-77.8874,36.3137]]]},"properties":{"hex_id":"872a89ba0ffffff","value":-4.62}},{"type":"Feature","geometry":{"type":"Polygon","coordinates":[[[-77.8717,36.2972],[-77.8846,36.2906],[-77.8832,36.279],[-77.869,36.2741],[-77.8561,36.2807],[-77.8574,36.2922],[-77.8717,36.2972]]]},"properties":{"hex_id":"872a89ba1ffffff","value":-6.96}},{"type":"Feature","geometry":{"type":"Polygon","coordinates":[[[-77.9146,36.312],[-77.9275,36.3053],[-77.9261,36.2938],[-77.9118,36.2889],[-77.8989,36.2955],[-77.9003,36.307],[-77.9146,36.312]]]},"properties":{"hex_id":"872a89ba2ffffff","value":-3.29}},{"type":"Feature","geometry":{"type":"Polygon","coordinates":[[[-77.8989,36.2955],[-77.9118,36.2889],[-77.9104,36.2773],[-77.8962,36.2724],[-77.8832,36.279],[-77.8846,36.2906],[-77.8989,36.2955]]]},"properties":{"hex_id":"872a89ba3ffffff","value":-3.4}},{"type":"Feature","geometry":{"type":"Polygon","coordinates":[[[-77.8758,36.3318],[-77.8887,36.3252],[-77.8874,36.3137],[-77.8731,36.3087],[-77.8602,36.3154],[-77.8615,36.3269],[-77.8758,36.3318]]]},"properties":{"hex_id":"872a89ba4ffffff","value":-7.19}},{"type":"Feature","geometry":{"type":"Polygon","coordinates":[[[-77.8602,36.3154],[-77.8731,36.3087],[-77.8717,36.2972],[-77.8574,36.2922],[-77.8445,36.2989],[-77.8459,36.3104],[-77.8602,36.3154]]]},"properties":{"hex_id":"872a89ba5ffffff","value":-6.46}},{"type":"Feature","geometry":{"type":"Polygon","coordinates":[[[-77.903,36.3301],[-77.916,36.3235],[-77.9146,36.312],[-77.9003,36.307],[-77.8874,36.3137],[-77.8887,36.3252],[-77.903,36.3301]]]},"properties":{"hex_id":"872a89ba6ffffff","value":-2.14}},{"type":"Feature","geometry":{"type":"Polygon","coordinates":[[[-77.8676,36.2625],[-77.8805,36.2559],[-77.8791,36.2444],[-77.8649,36.2394],[-77.852,36.246],[-77.8533,36.2576],[-77.8676,36.2625]]]},"properties":{"hex_id":"872a89ba8ffffff","value":3.22}},{"type":"Feature","geometry":{"type":"Polygon","coordinates":[[[-77.852,36.246],[-77.8649,36.2394],[-77.8635,36.2279],[-77.8492,36.223],[-77.8363,36.2296],[-77.8377,36.2411],[-77.852,36.246]]]},"properties":{"hex_id":"872a89ba9ffffff","value":3.16}},{"type":"Feature","geometry":{"type":"Polygon","coordinates":[[[-77.8948,36.2608],[-77.9077,36.2542],[-77.9063,36.2427],[-77.892,36.2377],[-77.8791,36.2444],[-77.8805,36.2559],[-77.8948,36.2608]]]},"properties":{"hex_id":"872a89baaffffff","value":-1.62}},{"type":"Feature","geometry":{"type":"Polygon","coordinates":[[[-77.8791,36.2444],[-77.892,36.2377],[-77.8907,36.2262],[-77.8764,36.2213],[-77.8635,36.2279],[-77.8649,36.2394],[-77.8791,36.2444]]]},"properties":{"hex_id":"872a89babffffff","value":1.67}},{"type":"Feature","geometry":{"type":"Polygon","coordinates":[[[-77.8561,36.2807],[-77.869,36.2741],[-77.8676,36.2625],[-77.8533,36.2576],[-77.8404,36.2642],[-77.8418,36.2758],[-77.8561,36.2807]]]},"properties":{"hex_id":"872a89bacffffff","value":-5.88}},{"type":"Feature","geometry":{"type":"Polygon","coordinates":[[[-77.8404,36.2642],[-77.8533,36.2576],[-77.852,36.246],[-77.8377,36.2411],[-77.8248,36.2477],[-77.8261,36.2593],[-77.8404,36.2642]]]},"properties":{"hex_id":"872a89badffffff","value":-5.0}},{"type":"Feature","geometry":{"type":"Polygon","coordinates":[[[-77.8832,36.279],[-77.8962,36.2724],[-77.8948,36.2608],[-77.8805,36.2559],[-77.8676,36.2625],[-77.869,36.2741],[-77.8832,36.279]]]},"properties":{"hex_id":"872a89baeffffff","value":-3.15}},{"type":"Feature","geometry":{"type":"Polygon","coordinates":[[[-77.9575,36.3267],[-77.9704,36.3201],[-77.969,36.3085],[-77.9547,36.3036],[-77.9418,36.3103],[-77.9432,36.3218],[-77.9575,36.3267]]]},"properties":{"hex_id":"872a89bb0ffffff","value":-1.52}},{"type":"Feature","geometry":{"type":"Polygon","coordinates":[[[-77.9418,36.3103],[-77.9547,36.3036],[-77.9533,36.2921],[-77.939,36.2871],[-77.9261,36.2938],[-77.9275,36.3053],[-77.9418,36.3103]]]},"properties":{"hex_id":"872a89bb1ffffff","value":0.94}},{"type":"Feature","geometry":{"type":"Polygon","coordinates":[[[-77.9847,36.325],[-77.9976,36.3184],[-77.9962,36.3068],[-77.9819,36.3019],[-77.969,36.3085],[-77.9704,36.3201],[-77.9847,36.325]]]},"properties":{"hex_id":"872a89bb2ffffff","value":3.83}},{"type":"Feature","geometry":{"type":"Polygon","coordinates":[[[-77.969,36.3085],[-77.9819,36.3019],[-77.9805,36.2904],[-77.9662,36.2854],[-77.9533,36.2921],[-77.9547,36.3036],[-77.969,36.3085]]]},"properties":{"hex_id":"872a89bb3ffffff","value":3.57}},{"type":"Feature","geometry":{"type":"Polygon","coordinates":[[[-77.9459,36.3449],[-77.9589,36.3383],[-77.9575,36.3267],[-77.9432,36.3218],[-77.9303,36.3284],[-77.9316,36.34],[-77.9459,36.3449]]]},"properties":{"hex_id":"872a89bb4ffffff","value":1.83}},{"type":"Feature","geometry":{"type":"Polygon","coordinates":[[[-77.9303,36.3284],[-77.9432,36.3218],[-77.9418,36.3103],[-77.9275,36.3053],[-77.9146,36.312],[-77.916,36.3235],[-77.9303,36.3284]]]},"properties":{"hex_id":"872a89bb5ffffff","value":-2.55}},{"type":"Feature","geometry":{"type":"Polygon","coordinates":[[[-77.9732,36.3432],[-77.9861,36.3366],[-77.9847,36.325],[-77.9704,36.3201],[-77.9575,36.3267],[-77.9589,36.3383],[-77.9732,36.3432]]]},"properties":{"hex_id":"872a89bb6ffffff","value":2.72}},{"type":"Feature","geometry":{"type":"Polygon","coordinates":[[[-78.299,36.5323],[-78.3119,36.5256],[-78.3104,36.514],[-78.296,36.5091],[-78.2831,36.5158],[-78.2846,36.5274],[-78.299,36.5323]]]},"properties":{"hex_id":"872a89c60ffffff","value":-1.94}},{"type":"Feature","geometry":{"type":"Polygon","coordinates":[[[-78.2831,36.5158],[-78.296,36.5091],[-78.2946,36.4975],[-78.2802,36.4926],[-78.2673,36.4993],[-78.2687,36.5109],[-78.2831,36.5158]]]},"properties":{"hex_id":"872a89c61ffffff","value":-5.36}},{"type":"Feature","geometry":{"type":"Polygon","coordinates":[[[-78.2875,36.5505],[-78.3005,36.5438],[-78.299,36.5323],[-78.2846,36.5274],[-78.2717,36.534],[-78.2731,36.5456],[-78.2875,36.5505]]]},"properties":{"hex_id":"872a89c64ffffff","value":-1.22}},{"type":"Feature","geometry":{"type":"Polygon","coordinates":[[[-78.2717,36.534],[-78.2846,36.5274],[-78.2831,36.5158],[-78.2687,36.5109],[-78.2558,36.5176],[-78.2573,36.5291],[-78.2717,36.534]]]},"properties":{"hex_id":"872a89c65ffffff","value":-2.96}},{"type":"Feature","geometry":{"type":"Polygon","coordinates":[[[-78.3149,36.5487],[-78.3278,36.542],[-78.3263,36.5305],[-78.3119,36.5256],[-78.299,36.5323],[-78.3005,36.5438],[-78.3149,36.5487]]]},"properties":{"hex_id":"872a89c66ffffff","value":1.47}},{"type":"Feature","geometry":{"type":"Polygon","coordinates":[[[-78.2787,36.481],[-78.2916,36.4743],[-78.2901,36.4627],[-78.2758,36.4579],[-78.2629,36.4645],[-78.2643,36.4761],[-78.2787,36.481]]]},"properties":{"hex_id":"872a89c68ffffff","value":-4.97}},{"type":"Feature","geometry":{"type":"Polygon","coordinates":[[[-78.2629,36.4645],[-78.2758,36.4579],[-78.2743,36.4463],[-78.2599,36.4414],[-78.247,36.4481],[-78.2485,36.4596],[-78.2629,36.4645]]]},"properties":{"hex_id":"872a89c69ffffff","value":-4.05}},{"type":"Feature","geometry":{"type":"Polygon","coordinates":[[[-78.2901,36.4627],[-78.303,36.4561],[-78.3016,36.4445],[-78.2872,36.4396],[-78.2743,36.4463],[-78.2758,36.4579],[-78.2901,36.4627]]]},"properties":{"hex_id":"872a89c6bffffff","value":-5.35}},{"type":"Feature","geometry":{"type":"Polygon","coordinates":[[[-78.2673,36.4993],[-78.2802,36.4926],[-78.2787,36.481],[-78.2643,36.4761],[-78.2514,36.4828],[-78.2529,36.4944],[-78.2673,36.4993]]]},"properties":{"hex_id":"872a89c6cffffff","value":-6.36}},{"type":"Feature","geometry":{"type":"Polygon","coordinates":[[[-78.2514,36.4828],[-78.2643,36.4761],[-78.2629,36.4645],[-78.2485,36.4596],[-78.2356,36.4663],[-78.237,36.4779],[-78.2514,36.4828]]]},"properties":{"hex_id":"872a89c6dffffff","value":-7.13}},{"type":"Feature","geometry":{"type":"Polygon","coordinates":[[[-78.2946,36.4975],[-78.3075,36.4908],[-78.306,36.4792],[-78.2916,36.4743],[-78.2787,36.481],[-78.2802,36.4926],[-78.2946,36.4975]]]},"properties":{"hex_id":"872a89c6effffff","value":-3.39}},{"type":"Feature","geometry":{"type":"Polygon","coordinates":[[[-78.2329,36.5541],[-78.2458,36.5474],[-78.2444,36.5358],[-78.23,36.5309],[-78.217,36.5376],[-78.2185,36.5492],[-78.2329,36.5541]]]},"properties":{"hex_id":"872a89d49ffffff","value":-1.12}},{"type":"Feature","geometry":{"type":"Polygon","coordinates":[[[-78.2602,36.5523],[-78.2731,36.5456],[-78.2717,36.534],[-78.2573,36.5291],[-78.2444,36.5358],[-78.2458,36.5474],[-78.2602,36.5523]]]},"properties":{"hex_id":"872a89d4bffffff","value":-1.94}},{"type":"Feature","geometry":{"type":"Polygon","coordinates":[[[-76.0716,36.5528],[-76.0848,36.5463],[-76.0839,36.5347],[-76.0697,36.5296],[-76.0565,36.536],[-76.0574,36.5476],[-76.0716,36.5528]]]},"properties":{"hex_id":"872af0424ffffff","value":2.64}},{"type":"Feature","geometry":{"type":"Polygon","coordinates":[[[-76.099,36.5515],[-76.1122,36.545],[-76.1113,36.5334],[-76.0971,36.5283],[-76.0839,36.5347],[-76.0848,36.5463],[-76.099,36.5515]]]},"properties":{"hex_id":"872af0426ffffff","value":9.45}},{"type":"Feature","geometry":{"type":"Polygon","coordinates":[[[-76.1538,36.5489],[-76.167,36.5424],[-76.166,36.5308],[-76.1518,36.5257],[-76.1386,36.5321],[-76.1396,36.5437],[-76.1538,36.5489]]]},"properties":{"hex_id":"872af0430ffffff","value":-3.45}},{"type":"Feature","geometry":{"type":"Polygon","coordinates":[[[-76.1812,36.5476],[-76.1944,36.5411],[-76.1934,36.5295],[-76.1792,36.5244],[-76.166,36.5308],[-76.167,36.5424],[-76.1812,36.5476]]]},"properties":{"hex_id":"872af0432ffffff","value":-1.16}},{"type":"Feature","geometry":{"type":"Polygon","coordinates":[[[-76.1264,36.5502],[-76.1396,36.5437],[-76.1386,36.5321],[-76.1245,36.527],[-76.1113,36.5334],[-76.1122,36.545],[-76.1264,36.5502]]]},"properties":{"hex_id":"872af0435ffffff","value":-1.32}},{"type":"Feature","geometry":{"type":"Polygon","coordinates":[[[-76.3273,36.488],[-76.3405,36.4816],[-76.3395,36.47],[-76.3253,36.4648],[-76.3121,36.4713],[-76.3131,36.4829],[-76.3273,36.488]]]},"properties":{"hex_id":"872af0480ffffff","value":3.65}},{"type":"Feature","geometry":{"type":"Polygon","coordinates":[[[-76.3121,36.4713],[-76.3253,36.4648],[-76.3243,36.4532],[-76.3101,36.4481],[-76.2969,36.4546],[-76.2979,36.4662],[-76.3121,36.4713]]]},"properties":{"hex_id":"872af0481ffffff","value":8.71}},{"type":"Feature","geometry":{"type":"Polygon","coordinates":[[[-76.3546,36.4867],[-76.3678,36.4802],[-76.3668,36.4686],[-76.3526,36.4635],[-76.3395,36.47],[-76.3405,36.4816],[-76.3546,36.4867]]]},"properties":{"hex_id":"872af0482ffffff","value":14.26}},{"type":"Feature","geometry":{"type":"Polygon","coordinates":[[[-76.3395,36.47],[-76.3526,36.4635],[-76.3516,36.4519],[-76.3374,36.4468],[-76.3243,36.4532],[-76.3253,36.4648],[-76.3395,36.47]]]},"properties":{"hex_id":"872af0483ffffff","value":7.32}},{"type":"Feature","geometry":{"type":"Polygon","coordinates":[[[-76.3151,36.5061],[-76.3283,36.4996],[-76.3273,36.488],[-76.3131,36.4829],[-76.2999,36.4894],[-76.3009,36.501],[-76.3151,36.5061]]]},"properties":{"hex_id":"872af0484ffffff","value":7.16}},{"type":"Feature","geometry":{"type":"Polygon","coordinates":[[[-76.3425,36.5048],[-76.3557,36.4983],[-76.3546,36.4867],[-76.3405,36.4816],[-76.3273,36.488],[-76.3283,36.4996],[-76.3425,36.5048]]]},"properties":{"hex_id":"872af0486ffffff","value":13.98}},{"type":"Feature","geometry":{"type":"Polygon","coordinates":[[[-76.382,36.4853],[-76.3952,36.4788],[-76.3941,36.4672],[-76.38,36.4621],[-76.3668,36.4686],[-76.3678,36.4802],[-76.382,36.4853]]]},"properties":{"hex_id":"872af0491ffffff","value":8.05}},{"type":"Feature","geometry":{"type":"Polygon","coordinates":[[[-76.4094,36.484],[-76.4225,36.4775],[-76.4215,36.4659],[-76.4073,36.4608],[-76.3941,36.4672],[-76.3952,36.4788],[-76.4094,36.484]]]},"properties":{"hex_id":"872af0493ffffff","value":3.04}},{"type":"Feature","geometry":{"type":"Polygon","coordinates":[[[-76.4124,36.5188],[-76.4256,36.5123],[-76.4246,36.5007],[-76.4104,36.4956],[-76.3972,36.502],[-76.3982,36.5137],[-76.4124,36.5188]]]},"properties":{"hex_id":"872af0496ffffff","value":4.82}},{"type":"Feature","geometry":{"type":"Polygon","coordinates":[[[-76.4063,36.4492],[-76.4194,36.4427],[-76.4184,36.4311],[-76.4042,36.426],[-76.3911,36.4325],[-76.3921,36.444],[-76.4063,36.4492]]]},"properties":{"hex_id":"872af049affffff","value":17.69}},{"type":"Feature","geometry":{"type":"Polygon","coordinates":[[[-76.3668,36.4686],[-76.38,36.4621],[-76.379,36.4505],[-76.3648,36.4454],[-76.3516,36.4519],[-76.3526,36.4635],[-76.3668,36.4686]]]},"properties":{"hex_id":"872af049cffffff","value":11.64}},{"type":"Feature","geometry":{"type":"Polygon","coordinates":[[[-76.3941,36.4672],[-76.4073,36.4608],[-76.4063,36.4492],[-76.3921,36.444],[-76.379,36.4505],[-76.38,36.4621],[-76.3941,36.4672]]]},"properties":{"hex_id":"872af049effffff","value":2.67}},{"type":"Feature","geometry":{"type":"Polygon","coordinates":[[[-76.2633,36.5436],[-76.2765,36.5371],[-76.2755,36.5255],[-76.2614,36.5204],[-76.2482,36.5269],[-76.2492,36.5385],[-76.2633,36.5436]]]},"properties":{"hex_id":"872af04a4ffffff","value":1.4}},{"type":"Feature","geometry":{"type":"Polygon","coordinates":[[[-76.2482,36.5269],[-76.2614,36.5204],[-76.2604,36.5088],[-76.2462,36.5036],[-76.233,36.5101],[-76.234,36.5217],[-76.2482,36.5269]]]},"properties":{"hex_id":"872af04a5ffffff","value":-1.37}},{"type":"Feature","geometry":{"type":"Polygon","coordinates":[[[-76.3455,36.5396],[-76.3587,36.5331],[-76.3577,36.5215],[-76.3435,36.5164],[-76.3303,36.5228],[-76.3313,36.5345],[-76.3455,36.5396]]]},"properties":{"hex_id":"872af04b0ffffff","value":11.25}},{"type":"Feature","geometry":{"type":"Polygon","coordinates":[[[-76.3303,36.5228],[-76.3435,36.5164],[-76.3425,36.5048],[-76.3283,36.4996],[-76.3151,36.5061],[-76.3161,36.5177],[-76.3303,36.5228]]]},"properties":{"hex_id":"872af04b1ffffff","value":10.22}},{"type":"Feature","geometry":{"type":"Polygon","coordinates":[[[-76.3729,36.5382],[-76.3861,36.5317],[-76.3851,36.5201],[-76.3709,36.515],[-76.3577,36.5215],[-76.3587,36.5331],[-76.3729,36.5382]]]},"properties":{"hex_id":"872af04b2ffffff","value":14.98}},{"type":"Feature","geometry":{"type":"Polygon","coordinates":[[[-76.3577,36.5215],[-76.3709,36.515],[-76.3698,36.5034],[-76.3557,36.4983],[-76.3425,36.5048],[-76.3435,36.5164],[-76.3577,36.5215]]]},"properties":{"hex_id":"872af04b3ffffff","value":7.43}},{"type":"Feature","geometry":{"type":"Polygon","coordinates":[[[-76.3333,36.5577],[-76.3465,36.5512],[-76.3455,36.5396],[-76.3313,36.5345],[-76.3181,36.5409],[-76.3191,36.5526],[-76.3333,36.5577]]]},"properties":{"hex_id":"872af04b4ffffff","value":7.85}},{"type":"Feature","geometry":{"type":"Polygon","coordinates":[[[-76.3181,36.5409],[-76.3313,36.5345],[-76.3303,36.5228],[-76.3161,36.5177],[-76.3029,36.5242],[-76.3039,36.5358],[-76.3181,36.5409]]]},"properties":{"hex_id":"872af04b5ffffff","value":1.75}},{"type":"Feature","geometry":{"type":"Polygon","coordinates":[[[-76.3607,36.5563],[-76.3739,36.5498],[-76.3729,36.5382],[-76.3587,36.5331],[-76.3455,36.5396],[-76.3465,36.5512],[-76.3607,36.5563]]]},"properties":{"hex_id":"872af04b6ffffff","value":4.78}},{"type":"Feature","geometry":{"type":"Polygon","coordinates":[[[-76.2086,36.5463],[-76.2218,36.5398],[-76.2208,36.5282],[-76.2066,36.523],[-76.1934,36.5295],[-76.1944,36.5411],[-76.2086,36.5463]]]},"properties":{"hex_id":"872af0589ffffff","value":-3.91}},{"type":"Feature","geometry":{"type":"Polygon","coordinates":[[[-76.2511,36.5617],[-76.2643,36.5552],[-76.2633,36.5436],[-76.2492,36.5385],[-76.236,36.5449],[-76.2369,36.5566],[-76.2511,36.5617]]]},"properties":{"hex_id":"872af058affffff","value":6.07}},{"type":"Feature","geometry":{"type":"Polygon","coordinates":[[[-76.236,36.5449],[-76.2492,36.5385],[-76.2482,36.5269],[-76.234,36.5217],[-76.2208,36.5282],[-76.2218,36.5398],[-76.236,36.5449]]]},"properties":{"hex_id":"872af058bffffff","value":0.32}},{"type":"Feature","geometry":{"type":"Polygon","coordinates":[[[-76.2785,36.5604],[-76.2917,36.5539],[-76.2907,36.5423],[-76.2765,36.5371],[-76.2633,36.5436],[-76.2643,36.5552],[-76.2785,36.5604]]]},"properties":{"hex_id":"872af0599ffffff","value":6.0}},{"type":"Feature","geometry":{"type":"Polygon","coordinates":[[[-76.3059,36.559],[-76.3191,36.5526],[-76.3181,36.5409],[-76.3039,36.5358],[-76.2907,36.5423],[-76.2917,36.5539],[-76.3059,36.559]]]},"properties":{"hex_id":"872af059bffffff","value":7.06}},{"type":"Feature","geometry":{"type":"Polygon","coordinates":[[[-77.0429,36.3633],[-77.056,36.3568],[-77.0548,36.3452],[-77.0406,36.3402],[-77.0275,36.3467],[-77.0287,36.3583],[-77.0429,36.3633]]]},"properties":{"hex_id":"872af2014ffffff","value":-1.72}},{"type":"Feature","geometry":{"type":"Polygon","coordinates":[[[-77.0702,36.3618],[-77.0832,36.3553],[-77.082,36.3437],[-77.0678,36.3387],[-77.0548,36.3452],[-77.056,36.3568],[-77.0702,36.3618]]]},"properties":{"hex_id":"872af2016ffffff","value":1.12}},{"type":"Feature","geometry":{"type":"Polygon","coordinates":[[[-76.9611,36.3678],[-76.9742,36.3613],[-76.973,36.3497],[-76.9588,36.3447],[-76.9457,36.3512],[-76.9469,36.3628],[-76.9611,36.3678]]]},"properties":{"hex_id":"872af2022ffffff","value":0.13}},{"type":"Feature","geometry":{"type":"Polygon","coordinates":[[[-76.9219,36.3874],[-76.935,36.3809],[-76.9338,36.3693],[-76.9196,36.3642],[-76.9066,36.3708],[-76.9077,36.3823],[-76.9219,36.3874]]]},"properties":{"hex_id":"872af2024ffffff","value":7.12}},{"type":"Feature","geometry":{"type":"Polygon","coordinates":[[[-76.9492,36.3859],[-76.9623,36.3794],[-76.9611,36.3678],[-76.9469,36.3628],[-76.9338,36.3693],[-76.935,36.3809],[-76.9492,36.3859]]]},"properties":{"hex_id":"872af2026ffffff","value":-1.41}},{"type":"Feature","geometry":{"type":"Polygon","coordinates":[[[-77.0038,36.3829],[-77.0168,36.3764],[-77.0156,36.3648],[-77.0014,36.3598],[-76.9884,36.3663],[-76.9895,36.3779],[-77.0038,36.3829]]]},"properties":{"hex_id":"872af2030ffffff","value":5.18}},{"type":"Feature","geometry":{"type":"Polygon","coordinates":[[[-76.9884,36.3663],[-77.0014,36.3598],[-77.0003,36.3482],[-76.9861,36.3432],[-76.973,36.3497],[-76.9742,36.3613],[-76.9884,36.3663]]]},"properties":{"hex_id":"872af2031ffffff","value":-2.58}},{"type":"Feature","geometry":{"type":"Polygon","coordinates":[[[-77.031,36.3814],[-77.0441,36.3749],[-77.0429,36.3633],[-77.0287,36.3583],[-77.0156,36.3648],[-77.0168,36.3764],[-77.031,36.3814]]]},"properties":{"hex_id":"872af2032ffffff","value":3.11}},{"type":"Feature","geometry":{"type":"Polygon","coordinates":[[[-77.0156,36.3648],[-77.0287,36.3583],[-77.0275,36.3467],[-77.0133,36.3417],[-77.0003,36.3482],[-77.0014,36.3598],[-77.0156,36.3648]]]},"properties":{"hex_id":"872af2033ffffff","value":8.04}},{"type":"Feature","geometry":{"type":"Polygon","coordinates":[[[-76.9919,36.401],[-77.0049,36.3945],[-77.0038,36.3829],[-76.9895,36.3779],[-76.9765,36.3844],[-76.9776,36.396],[-76.9919,36.401]]]},"properties":{"hex_id":"872af2034ffffff","value":1.36}},{"type":"Feature","geometry":{"type":"Polygon","coordinates":[[[-76.9765,36.3844],[-76.9895,36.3779],[-76.9884,36.3663],[-76.9742,36.3613],[-76.9611,36.3678],[-76.9623,36.3794],[-76.9765,36.3844]]]},"properties":{"hex_id":"872af2035ffffff","value":-0.06}},{"type":"Feature","geometry":{"type":"Polygon","coordinates":[[[-77.0192,36.3996],[-77.0322,36.393],[-77.031,36.3814],[-77.0168,36.3764],[-77.0038,36.3829],[-77.0049,36.3945],[-77.0192,36.3996]]]},"properties":{"hex_id":"872af2036ffffff","value":2.22}},{"type":"Feature","geometry":{"type":"Polygon","coordinates":[[[-77.1638,36.3391],[-77.1768,36.3326],[-77.1756,36.321],[-77.1614,36.316],[-77.1484,36.3225],[-77.1496,36.3341],[-77.1638,36.3391]]]},"properties":{"hex_id":"872af2084ffffff","value":0.01}},{"type":"Feature","geometry":{"type":"Polygon","coordinates":[[[-77.1911,36.3376],[-77.2041,36.331],[-77.2029,36.3195],[-77.1886,36.3144],[-77.1756,36.321],[-77.1768,36.3326],[-77.1911,36.3376]]]},"properties":{"hex_id":"872af2086ffffff","value":9.05}},{"type":"Feature","geometry":{"type":"Polygon","coordinates":[[[-77.2455,36.3345],[-77.2586,36.3279],[-77.2573,36.3164],[-77.2431,36.3114],[-77.2301,36.3179],[-77.2313,36.3295],[-77.2455,36.3345]]]},"properties":{"hex_id":"872af2090ffffff","value":8.06}},{"type":"Feature","geometry":{"type":"Polygon","coordinates":[[[-77.2728,36.3329],[-77.2858,36.3264],[-77.2846,36.3148],[-77.2703,36.3098],[-77.2573,36.3164],[-77.2586,36.3279],[-77.2728,36.3329]]]},"properties":{"hex_id":"872af2092ffffff","value":-6.45}},{"type":"Feature","geometry":{"type":"Polygon","coordinates":[[[-77.2338,36.3526],[-77.2468,36.3461],[-77.2455,36.3345],[-77.2313,36.3295],[-77.2183,36.336],[-77.2195,36.3476],[-77.2338,36.3526]]]},"properties":{"hex_id":"872af2094ffffff","value":1.11}},{"type":"Feature","geometry":{"type":"Polygon","coordinates":[[[-77.2183,36.336],[-77.2313,36.3295],[-77.2301,36.3179],[-77.2159,36.3129],[-77.2029,36.3195],[-77.2041,36.331],[-77.2183,36.336]]]},"properties":{"hex_id":"872af2095ffffff","value":1.56}},{"type":"Feature","geometry":{"type":"Polygon","coordinates":[[[-77.261,36.3511],[-77.274,36.3445],[-77.2728,36.3329],[-77.2586,36.3279],[-77.2455,36.3345],[-77.2468,36.3461],[-77.261,36.3511]]]},"properties":{"hex_id":"872af2096ffffff","value":0.51}},{"type":"Feature","geometry":{"type":"Polygon","coordinates":[[[-77.1247,36.3588],[-77.1377,36.3522],[-77.1366,36.3406],[-77.1223,36.3356],[-77.1093,36.3422],[-77.1105,36.3537],[-77.1247,36.3588]]]},"properties":{"hex_id":"872af20a0ffffff","value":0.87}},{"type":"Feature","geometry":{"type":"Polygon","coordinates":[[[-77.152,36.3572],[-77.165,36.3507],[-77.1638,36.3391],[-77.1496,36.3341],[-77.1366,36.3406],[-77.1377,36.3522],[-77.152,36.3572]]]},"properties":{"hex_id":"872af20a2ffffff","value":1.88}},{"type":"Feature","geometry":{"type":"Polygon","coordinates":[[[-77.1129,36.3769],[-77.1259,36.3703],[-77.1247,36.3588],[-77.1105,36.3537],[-77.0975,36.3603],[-77.0986,36.3719],[-77.1129,36.3769]]]},"properties":{"hex_id":"872af20a4ffffff","value":11.92}},{"type":"Feature","geometry":{"type":"Polygon","coordinates":[[[-77.0975,36.3603],[-77.1105,36.3537],[-77.1093,36.3422],[-77.0951,36.3371],[-77.082,36.3437],[-77.0832,36.3553],[-77.0975,36.3603]]]},"properties":{"hex_id":"872af20a5ffffff","value":5.66}},{"type":"Feature","geometry":{"type":"Polygon","coordinates":[[[-77.1401,36.3754],[-77.1532,36.3688],[-77.152,36.3572],[-77.1377,36.3522],[-77.1247,36.3588],[-77.1259,36.3703],[-77.1401,36.3754]]]},"properties":{"hex_id":"872af20a6ffffff","value":4.3}},{"type":"Feature","geometry":{"type":"Polygon","coordinates":[[[-77.1947,36.3723],[-77.2077,36.3657],[-77.2065,36.3542],[-77.1923,36.3491],[-77.1792,36.3557],[-77.1804,36.3673],[-77.1947,36.3723]]]},"properties":{"hex_id":"872af20b0ffffff","value":-8.11}},{"type":"Feature","geometry":{"type":"Polygon","coordinates":[[[-77.1792,36.3557],[-77.1923,36.3491],[-77.1911,36.3376],[-77.1768,36.3326],[-77.1638,36.3391],[-77.165,36.3507],[-77.1792,36.3557]]]},"properties":{"hex_id":"872af20b1ffffff","value":-3.01}},{"type":"Feature","geometry":{"type":"Polygon","coordinates":[[[-77.2219,36.3707],[-77.235,36.3642],[-77.2338,36.3526],[-77.2195,36.3476],[-77.2065,36.3542],[-77.2077,36.3657],[-77.2219,36.3707]]]},"properties":{"hex_id":"872af20b2ffffff","value":-3.92}},{"type":"Feature","geometry":{"type":"Polygon","coordinates":[[[-77.2065,36.3542],[-77.2195,36.3476],[-77.2183,36.336],[-77.2041,36.331],[-77.1911,36.3376],[-77.1923,36.3491],[-77.2065,36.3542]]]},"properties":{"hex_id":"872af20b3ffffff","value":-2.26}},{"type":"Feature","geometry":{"type":"Polygon","coordinates":[[[-77.1829,36.3904],[-77.1959,36.3839],[-77.1947,36.3723],[-77.1804,36.3673],[-77.1674,36.3738],[-77.1686,36.3854],[-77.1829,36.3904]]]},"properties":{"hex_id":"872af20b4ffffff","value":-3.26}},{"type":"Feature","geometry":{"type":"Polygon","coordinates":[[[-77.1674,36.3738],[-77.1804,36.3673],[-77.1792,36.3557],[-77.165,36.3507],[-77.152,36.3572],[-77.1532,36.3688],[-77.1674,36.3738]]]},"properties":{"hex_id":"872af20b5ffffff","value":-3.42}},{"type":"Feature","geometry":{"type":"Polygon","coordinates":[[[-77.2101,36.3889],[-77.2232,36.3823],[-77.2219,36.3707],[-77.2077,36.3657],[-77.1947,36.3723],[-77.1959,36.3839],[-77.2101,36.3889]]]},"properties":{"hex_id":"872af20b6ffffff","value":-2.26}},{"type":"Feature","geometry":{"type":"Polygon","coordinates":[[[-76.9015,36.4584],[-76.9146,36.4519],[-76.9134,36.4403],[-76.8992,36.4352],[-76.8861,36.4417],[-76.8872,36.4533],[-76.9015,36.4584]]]},"properties":{"hex_id":"872af2100ffffff","value":3.34}},{"type":"Feature","geometry":{"type":"Polygon","coordinates":[[[-76.8861,36.4417],[-76.8992,36.4352],[-76.898,36.4236],[-76.8838,36.4186],[-76.8707,36.4251],[-76.8719,36.4367],[-76.8861,36.4417]]]},"properties":{"hex_id":"872af2101ffffff","value":-1.72}},{"type":"Feature","geometry":{"type":"Polygon","coordinates":[[[-76.9288,36.4569],[-76.9419,36.4504],[-76.9407,36.4388],[-76.9265,36.4337],[-76.9134,36.4403],[-76.9146,36.4519],[-76.9288,36.4569]]]},"properties":{"hex_id":"872af2102ffffff","value":-1.84}},{"type":"Feature","geometry":{"type":"Polygon","coordinates":[[[-76.9134,36.4403],[-76.9265,36.4337],[-76.9253,36.4221],[-76.9111,36.4171],[-76.898,36.4236],[-76.8992,36.4352],[-76.9134,36.4403]]]},"properties":{"hex_id":"872af2103ffffff","value":-0.97}},{"type":"Feature","geometry":{"type":"Polygon","coordinates":[[[-76.8895,36.4765],[-76.9026,36.47],[-76.9015,36.4584],[-76.8872,36.4533],[-76.8741,36.4599],[-76.8753,36.4715],[-76.8895,36.4765]]]},"properties":{"hex_id":"872af2104ffffff","value":9.19}},{"type":"Feature","geometry":{"type":"Polygon","coordinates":[[[-76.8741,36.4599],[-76.8872,36.4533],[-76.8861,36.4417],[-76.8719,36.4367],[-76.8588,36.4432],[-76.8599,36.4548],[-76.8741,36.4599]]]},"properties":{"hex_id":"872af2105ffffff","value":2.79}},{"type":"Feature","geometry":{"type":"Polygon","coordinates":[[[-76.9168,36.475],[-76.9299,36.4685],[-76.9288,36.4569],[-76.9146,36.4519],[-76.9015,36.4584],[-76.9026,36.47],[-76.9168,36.475]]]},"properties":{"hex_id":"872af2106ffffff","value":0.35}},{"type":"Feature","geometry":{"type":"Polygon","coordinates":[[[-76.8827,36.407],[-76.8958,36.4005],[-76.8946,36.3889],[-76.8804,36.3838],[-76.8673,36.3903],[-76.8685,36.4019],[-76.8827,36.407]]]},"properties":{"hex_id":"872af2108ffffff","value":-18.09}},{"type":"Feature","geometry":{"type":"Polygon","coordinates":[[[-76.91,36.4055],[-76.9231,36.399],[-76.9219,36.3874],[-76.9077,36.3823],[-76.8946,36.3889],[-76.8958,36.4005],[-76.91,36.4055]]]},"properties":{"hex_id":"872af210affffff","value":6.52}},{"type":"Feature","geometry":{"type":"Polygon","coordinates":[[[-76.8707,36.4251],[-76.8838,36.4186],[-76.8827,36.407],[-76.8685,36.4019],[-76.8554,36.4085],[-76.8565,36.42],[-76.8707,36.4251]]]},"properties":{"hex_id":"872af210cffffff","value":1.79}},{"type":"Feature","geometry":{"type":"Polygon","coordinates":[[[-76.8554,36.4085],[-76.8685,36.4019],[-76.8673,36.3903],[-76.8531,36.3853],[-76.84,36.3918],[-76.8412,36.4034],[-76.8554,36.4085]]]},"properties":{"hex_id":"872af210dffffff","value":0.59}},{"type":"Feature","geometry":{"type":"Polygon","coordinates":[[[-76.898,36.4236],[-76.9111,36.4171],[-76.91,36.4055],[-76.8958,36.4005],[-76.8827,36.407],[-76.8838,36.4186],[-76.898,36.4236]]]},"properties":{"hex_id":"872af210effffff","value":3.27}},{"type":"Feature","geometry":{"type":"Polygon","coordinates":[[[-76.9715,36.4721],[-76.9846,36.4655],[-76.9834,36.4539],[-76.9692,36.4489],[-76.9561,36.4554],[-76.9573,36.467],[-76.9715,36.4721]]]},"properties":{"hex_id":"872af2110ffffff","value":-6.14}},{"type":"Feature","geometry":{"type":"Polygon","coordinates":[[[-76.9561,36.4554],[-76.9692,36.4489],[-76.968,36.4373],[-76.9538,36.4322],[-76.9407,36.4388],[-76.9419,36.4504],[-76.9561,36.4554]]]},"properties":{"hex_id":"872af2111ffffff","value":-8.74}},{"type":"Feature","geometry":{"type":"Polygon","coordinates":[[[-76.9988,36.4706],[-77.0119,36.464],[-77.0108,36.4524],[-76.9965,36.4474],[-76.9834,36.4539],[-76.9846,36.4655],[-76.9988,36.4706]]]},"properties":{"hex_id":"872af2112ffffff","value":-3.43}},{"type":"Feature","geometry":{"type":"Polygon","coordinates":[[[-76.9834,36.4539],[-76.9965,36.4474],[-76.9953,36.4358],[-76.9811,36.4308],[-76.968,36.4373],[-76.9692,36.4489],[-76.9834,36.4539]]]},"properties":{"hex_id":"872af2113ffffff","value":-4.72}},{"type":"Feature","geometry":{"type":"Polygon","coordinates":[[[-76.9596,36.4902],[-76.9727,36.4837],[-76.9715,36.4721],[-76.9573,36.467],[-76.9442,36.4736],[-76.9453,36.4852],[-76.9596,36.4902]]]},"properties":{"hex_id":"872af2114ffffff","value":1.45}},{"type":"Feature","geometry":{"type":"Polygon","coordinates":[[[-76.9442,36.4736],[-76.9573,36.467],[-76.9561,36.4554],[-76.9419,36.4504],[-76.9288,36.4569],[-76.9299,36.4685],[-76.9442,36.4736]]]},"properties":{"hex_id":"872af2115ffffff","value":2.08}},{"type":"Feature","geometry":{"type":"Polygon","coordinates":[[[-76.9869,36.4887],[-77.0,36.4822],[-76.9988,36.4706],[-76.9846,36.4655],[-76.9715,36.4721],[-76.9727,36.4837],[-76.9869,36.4887]]]},"properties":{"hex_id":"872af2116ffffff","value":-2.87}},{"type":"Feature","geometry":{"type":"Polygon","coordinates":[[[-76.9527,36.4207],[-76.9657,36.4141],[-76.9646,36.4025],[-76.9503,36.3975],[-76.9373,36.404],[-76.9384,36.4156],[-76.9527,36.4207]]]},"properties":{"hex_id":"872af2118ffffff","value":-1.99}},{"type":"Feature","geometry":{"type":"Polygon","coordinates":[[[-76.9373,36.404],[-76.9503,36.3975],[-76.9492,36.3859],[-76.935,36.3809],[-76.9219,36.3874],[-76.9231,36.399],[-76.9373,36.404]]]},"properties":{"hex_id":"872af2119ffffff","value":1.01}},{"type":"Feature","geometry":{"type":"Polygon","coordinates":[[[-76.98,36.4192],[-76.993,36.4126],[-76.9919,36.401],[-76.9776,36.396],[-76.9646,36.4025],[-76.9657,36.4141],[-76.98,36.4192]]]},"properties":{"hex_id":"872af211affffff","value":3.01}},{"type":"Feature","geometry":{"type":"Polygon","coordinates":[[[-76.9646,36.4025],[-76.9776,36.396],[-76.9765,36.3844],[-76.9623,36.3794],[-76.9492,36.3859],[-76.9503,36.3975],[-76.9646,36.4025]]]},"properties":{"hex_id":"872af211bffffff","value":-1.15}},{"type":"Feature","geometry":{"type":"Polygon","coordinates":[[[-76.9407,36.4388],[-76.9538,36.4322],[-76.9527,36.4207],[-76.9384,36.4156],[-76.9253,36.4221],[-76.9265,36.4337],[-76.9407,36.4388]]]},"properties":{"hex_id":"872af211cffffff","value":-5.56}},{"type":"Feature","geometry":{"type":"Polygon","coordinates":[[[-76.9253,36.4221],[-76.9384,36.4156],[-76.9373,36.404],[-76.9231,36.399],[-76.91,36.4055],[-76.9111,36.4171],[-76.9253,36.4221]]]},"properties":{"hex_id":"872af211dffffff","value":-2.52}},{"type":"Feature","geometry":{"type":"Polygon","coordinates":[[[-76.968,36.4373],[-76.9811,36.4308],[-76.98,36.4192],[-76.9657,36.4141],[-76.9527,36.4207],[-76.9538,36.4322],[-76.968,36.4373]]]},"properties":{"hex_id":"872af211effffff","value":-6.65}},{"type":"Feature","geometry":{"type":"Polygon","coordinates":[[[-76.8502,36.4961],[-76.8633,36.4896],[-76.8622,36.478],[-76.8479,36.4729],[-76.8348,36.4795],[-76.836,36.4911],[-76.8502,36.4961]]]},"properties":{"hex_id":"872af2120ffffff","value":1.83}},{"type":"Feature","geometry":{"type":"Polygon","coordinates":[[[-76.8348,36.4795],[-76.8479,36.4729],[-76.8468,36.4613],[-76.8326,36.4563],[-76.8195,36.4628],[-76.8206,36.4744],[-76.8348,36.4795]]]},"properties":{"hex_id":"872af2121ffffff","value":6.04}},{"type":"Feature","geometry":{"type":"Polygon","coordinates":[[[-76.8775,36.4947],[-76.8906,36.4881],[-76.8895,36.4765],[-76.8753,36.4715],[-76.8622,36.478],[-76.8633,36.4896],[-76.8775,36.4947]]]},"properties":{"hex_id":"872af2122ffffff","value":3.28}},{"type":"Feature","geometry":{"type":"Polygon","coordinates":[[[-76.8622,36.478],[-76.8753,36.4715],[-76.8741,36.4599],[-76.8599,36.4548],[-76.8468,36.4613],[-76.8479,36.4729],[-76.8622,36.478]]]},"properties":{"hex_id":"872af2123ffffff","value":12.74}},{"type":"Feature","geometry":{"type":"Polygon","coordinates":[[[-76.8382,36.5143],[-76.8513,36.5077],[-76.8502,36.4961],[-76.836,36.4911],[-76.8228,36.4976],[-76.824,36.5092],[-76.8382,36.5143]]]},"properties":{"hex_id":"872af2124ffffff","value":1.86}},{"type":"Feature","geometry":{"type":"Polygon","coordinates":[[[-76.8228,36.4976],[-76.836,36.4911],[-76.8348,36.4795],[-76.8206,36.4744],[-76.8075,36.4809],[-76.8086,36.4925],[-76.8228,36.4976]]]},"properties":{"hex_id":"872af2125ffffff","value":5.67}},{"type":"Feature","geometry":{"type":"Polygon","coordinates":[[[-76.8656,36.5128],[-76.8787,36.5063],[-76.8775,36.4947],[-76.8633,36.4896],[-76.8502,36.4961],[-76.8513,36.5077],[-76.8656,36.5128]]]},"properties":{"hex_id":"872af2126ffffff","value":-1.04}},{"type":"Feature","geometry":{"type":"Polygon","coordinates":[[[-76.8315,36.4447],[-76.8446,36.4382],[-76.8434,36.4266],[-76.8292,36.4215],[-76.8161,36.428],[-76.8172,36.4396],[-76.8315,36.4447]]]},"properties":{"hex_id":"872af2128ffffff","value":-2.61}},{"type":"Feature","geometry":{"type":"Polygon","coordinates":[[[-76.8161,36.428],[-76.8292,36.4215],[-76.8281,36.4099],[-76.8139,36.4048],[-76.8008,36.4114],[-76.8019,36.423],[-76.8161,36.428]]]},"properties":{"hex_id":"872af2129ffffff","value":-2.56}},{"type":"Feature","geometry":{"type":"Polygon","coordinates":[[[-76.8588,36.4432],[-76.8719,36.4367],[-76.8707,36.4251],[-76.8565,36.42],[-76.8434,36.4266],[-76.8446,36.4382],[-76.8588,36.4432]]]},"properties":{"hex_id":"872af212affffff","value":3.33}},{"type":"Feature","geometry":{"type":"Polygon","coordinates":[[[-76.8434,36.4266],[-76.8565,36.42],[-76.8554,36.4085],[-76.8412,36.4034],[-76.8281,36.4099],[-76.8292,36.4215],[-76.8434,36.4266]]]},"properties":{"hex_id":"872af212bffffff","value":-2.28}},{"type":"Feature","geometry":{"type":"Polygon","coordinates":[[[-76.8195,36.4628],[-76.8326,36.4563],[-76.8315,36.4447],[-76.8172,36.4396],[-76.8041,36.4461],[-76.8053,36.4577],[-76.8195,36.4628]]]},"properties":{"hex_id":"872af212cffffff","value":3.21}},{"type":"Feature","geometry":{"type":"Polygon","coordinates":[[[-76.8041,36.4461],[-76.8172,36.4396],[-76.8161,36.428],[-76.8019,36.423],[-76.7888,36.4295],[-76.7899,36.4411],[-76.8041,36.4461]]]},"properties":{"hex_id":"872af212dffffff","value":-5.56}},{"type":"Feature","geometry":{"type":"Polygon","coordinates":[[[-76.8468,36.4613],[-76.8599,36.4548],[-76.8588,36.4432],[-76.8446,36.4382],[-76.8315,36.4447],[-76.8326,36.4563],[-76.8468,36.4613]]]},"properties":{"hex_id":"872af212effffff","value":6.74}},{"type":"Feature","geometry":{"type":"Polygon","coordinates":[[[-76.9203,36.5098],[-76.9334,36.5033],[-76.9322,36.4917],[-76.918,36.4866],[-76.9049,36.4932],[-76.906,36.5048],[-76.9203,36.5098]]]},"properties":{"hex_id":"872af2130ffffff","value":-1.02}},{"type":"Feature","geometry":{"type":"Polygon","coordinates":[[[-76.9049,36.4932],[-76.918,36.4866],[-76.9168,36.475],[-76.9026,36.47],[-76.8895,36.4765],[-76.8906,36.4881],[-76.9049,36.4932]]]},"properties":{"hex_id":"872af2131ffffff","value":4.02}},{"type":"Feature","geometry":{"type":"Polygon","coordinates":[[[-76.9476,36.5084],[-76.9607,36.5018],[-76.9596,36.4902],[-76.9453,36.4852],[-76.9322,36.4917],[-76.9334,36.5033],[-76.9476,36.5084]]]},"properties":{"hex_id":"872af2132ffffff","value":0.19}},{"type":"Feature","geometry":{"type":"Polygon","coordinates":[[[-76.9322,36.4917],[-76.9453,36.4852],[-76.9442,36.4736],[-76.9299,36.4685],[-76.9168,36.475],[-76.918,36.4866],[-76.9322,36.4917]]]},"properties":{"hex_id":"872af2133ffffff","value":-0.33}},{"type":"Feature","geometry":{"type":"Polygon","coordinates":[[[-76.9083,36.528],[-76.9214,36.5214],[-76.9203,36.5098],[-76.906,36.5048],[-76.8929,36.5113],[-76.8941,36.5229],[-76.9083,36.528]]]},"properties":{"hex_id":"872af2134ffffff","value":-9.35}},{"type":"Feature","geometry":{"type":"Polygon","coordinates":[[[-76.8929,36.5113],[-76.906,36.5048],[-76.9049,36.4932],[-76.8906,36.4881],[-76.8775,36.4947],[-76.8787,36.5063],[-76.8929,36.5113]]]},"properties":{"hex_id":"872af2135ffffff","value":-1.44}},{"type":"Feature","geometry":{"type":"Polygon","coordinates":[[[-76.9357,36.5265],[-76.9488,36.52],[-76.9476,36.5084],[-76.9334,36.5033],[-76.9203,36.5098],[-76.9214,36.5214],[-76.9357,36.5265]]]},"properties":{"hex_id":"872af2136ffffff","value":-5.91}},{"type":"Feature","geometry":{"type":"Polygon","coordinates":[[[-76.7582,36.3962],[-76.7713,36.3896],[-76.7702,36.3781],[-76.756,36.373],[-76.7429,36.3795],[-76.744,36.3911],[-76.7582,36.3962]]]},"properties":{"hex_id":"872af2166ffffff","value":-30.6}},{"type":"Feature","geometry":{"type":"Polygon","coordinates":[[[-76.8128,36.3933],[-76.8258,36.3867],[-76.8247,36.3752],[-76.8105,36.3701],[-76.7974,36.3766],[-76.7986,36.3882],[-76.8128,36.3933]]]},"properties":{"hex_id":"872af2170ffffff","value":3.7}},{"type":"Feature","geometry":{"type":"Polygon","coordinates":[[[-76.84,36.3918],[-76.8531,36.3853],[-76.852,36.3737],[-76.8378,36.3686],[-76.8247,36.3752],[-76.8258,36.3867],[-76.84,36.3918]]]},"properties":{"hex_id":"872af2172ffffff","value":14.53}},{"type":"Feature","geometry":{"type":"Polygon","coordinates":[[[-76.8008,36.4114],[-76.8139,36.4048],[-76.8128,36.3933],[-76.7986,36.3882],[-76.7855,36.3947],[-76.7866,36.4063],[-76.8008,36.4114]]]},"properties":{"hex_id":"872af2174ffffff","value":-13.94}},{"type":"Feature","geometry":{"type":"Polygon","coordinates":[[[-76.7855,36.3947],[-76.7986,36.3882],[-76.7974,36.3766],[-76.7832,36.3716],[-76.7702,36.3781],[-76.7713,36.3896],[-76.7855,36.3947]]]},"properties":{"hex_id":"872af2175ffffff","value":-9.15}},{"type":"Feature","geometry":{"type":"Polygon","coordinates":[[[-76.8281,36.4099],[-76.8412,36.4034],[-76.84,36.3918],[-76.8258,36.3867],[-76.8128,36.3933],[-76.8139,36.4048],[-76.8281,36.4099]]]},"properties":{"hex_id":"872af2176ffffff","value":0.69}},{"type":"Feature","geometry":{"type":"Polygon","coordinates":[[[-77.0927,36.4479],[-77.1058,36.4414],[-77.1046,36.4298],[-77.0903,36.4247],[-77.0773,36.4313],[-77.0785,36.4429],[-77.0927,36.4479]]]},"properties":{"hex_id":"872af2180ffffff","value":1.19}},{"type":"Feature","geometry":{"type":"Polygon","coordinates":[[[-77.0773,36.4313],[-77.0903,36.4247],[-77.0891,36.4131],[-77.0749,36.4081],[-77.0619,36.4147],[-77.063,36.4262],[-77.0773,36.4313]]]},"properties":{"hex_id":"872af2181ffffff","value":5.43}},{"type":"Feature","geometry":{"type":"Polygon","coordinates":[[[-77.12,36.4464],[-77.1331,36.4398],[-77.1319,36.4282],[-77.1176,36.4232],[-77.1046,36.4298],[-77.1058,36.4414],[-77.12,36.4464]]]},"properties":{"hex_id":"872af2182ffffff","value":9.33}},{"type":"Feature","geometry":{"type":"Polygon","coordinates":[[[-77.1046,36.4298],[-77.1176,36.4232],[-77.1164,36.4116],[-77.1022,36.4066],[-77.0891,36.4131],[-77.0903,36.4247],[-77.1046,36.4298]]]},"properties":{"hex_id":"872af2183ffffff","value":7.5}},{"type":"Feature","geometry":{"type":"Polygon","coordinates":[[[-77.0808,36.4661],[-77.0939,36.4595],[-77.0927,36.4479],[-77.0785,36.4429],[-77.0654,36.4494],[-77.0666,36.461],[-77.0808,36.4661]]]},"properties":{"hex_id":"872af2184ffffff","value":-2.55}},{"type":"Feature","geometry":{"type":"Polygon","coordinates":[[[-77.0654,36.4494],[-77.0785,36.4429],[-77.0773,36.4313],[-77.063,36.4262],[-77.05,36.4328],[-77.0511,36.4444],[-77.0654,36.4494]]]},"properties":{"hex_id":"872af2185ffffff","value":0.35}},{"type":"Feature","geometry":{"type":"Polygon","coordinates":[[[-77.1081,36.4645],[-77.1212,36.458],[-77.12,36.4464],[-77.1058,36.4414],[-77.0927,36.4479],[-77.0939,36.4595],[-77.1081,36.4645]]]},"properties":{"hex_id":"872af2186ffffff","value":5.45}},{"type":"Feature","geometry":{"type":"Polygon","coordinates":[[[-77.0737,36.3965],[-77.0868,36.39],[-77.0856,36.3784],[-77.0714,36.3734],[-77.0583,36.3799],[-77.0595,36.3915],[-77.0737,36.3965]]]},"properties":{"hex_id":"872af2188ffffff","value":5.01}},{"type":"Feature","geometry":{"type":"Polygon","coordinates":[[[-77.0583,36.3799],[-77.0714,36.3734],[-77.0702,36.3618],[-77.056,36.3568],[-77.0429,36.3633],[-77.0441,36.3749],[-77.0583,36.3799]]]},"properties":{"hex_id":"872af2189ffffff","value":8.74}},{"type":"Feature","geometry":{"type":"Polygon","coordinates":[[[-77.101,36.395],[-77.1141,36.3885],[-77.1129,36.3769],[-77.0986,36.3719],[-77.0856,36.3784],[-77.0868,36.39],[-77.101,36.395]]]},"properties":{"hex_id":"872af218affffff","value":2.74}},{"type":"Feature","geometry":{"type":"Polygon","coordinates":[[[-77.0856,36.3784],[-77.0986,36.3719],[-77.0975,36.3603],[-77.0832,36.3553],[-77.0702,36.3618],[-77.0714,36.3734],[-77.0856,36.3784]]]},"properties":{"hex_id":"872af218bffffff","value":3.13}},{"type":"Feature","geometry":{"type":"Polygon","coordinates":[[[-77.0619,36.4147],[-77.0749,36.4081],[-77.0737,36.3965],[-77.0595,36.3915],[-77.0464,36.398],[-77.0476,36.4096],[-77.0619,36.4147]]]},"properties":{"hex_id":"872af218cffffff","value":7.43}},{"type":"Feature","geometry":{"type":"Polygon","coordinates":[[[-77.0464,36.398],[-77.0595,36.3915],[-77.0583,36.3799],[-77.0441,36.3749],[-77.031,36.3814],[-77.0322,36.393],[-77.0464,36.398]]]},"properties":{"hex_id":"872af218dffffff","value":7.89}},{"type":"Feature","geometry":{"type":"Polygon","coordinates":[[[-77.0891,36.4131],[-77.1022,36.4066],[-77.101,36.395],[-77.0868,36.39],[-77.0737,36.3965],[-77.0749,36.4081],[-77.0891,36.4131]]]},"properties":{"hex_id":"872af218effffff","value":6.01}},{"type":"Feature","geometry":{"type":"Polygon","coordinates":[[[-77.1628,36.4615],[-77.1758,36.4549],[-77.1746,36.4433],[-77.1604,36.4383],[-77.1473,36.4449],[-77.1485,36.4564],[-77.1628,36.4615]]]},"properties":{"hex_id":"872af2190ffffff","value":-3.49}},{"type":"Feature","geometry":{"type":"Polygon","coordinates":[[[-77.1473,36.4449],[-77.1604,36.4383],[-77.1592,36.4267],[-77.1449,36.4217],[-77.1319,36.4282],[-77.1331,36.4398],[-77.1473,36.4449]]]},"properties":{"hex_id":"872af2191ffffff","value":-1.36}},{"type":"Feature","geometry":{"type":"Polygon","coordinates":[[[-77.1901,36.4599],[-77.2032,36.4534],[-77.2019,36.4418],[-77.1877,36.4368],[-77.1746,36.4433],[-77.1758,36.4549],[-77.1901,36.4599]]]},"properties":{"hex_id":"872af2192ffffff","value":-1.14}},{"type":"Feature","geometry":{"type":"Polygon","coordinates":[[[-77.1746,36.4433],[-77.1877,36.4368],[-77.1865,36.4252],[-77.1722,36.4202],[-77.1592,36.4267],[-77.1604,36.4383],[-77.1746,36.4433]]]},"properties":{"hex_id":"872af2193ffffff","value":-0.73}},{"type":"Feature","geometry":{"type":"Polygon","coordinates":[[[-77.1509,36.4796],[-77.164,36.4731],[-77.1628,36.4615],[-77.1485,36.4564],[-77.1355,36.463],[-77.1367,36.4746],[-77.1509,36.4796]]]},"properties":{"hex_id":"872af2194ffffff","value":-2.38}},{"type":"Feature","geometry":{"type":"Polygon","coordinates":[[[-77.1355,36.463],[-77.1485,36.4564],[-77.1473,36.4449],[-77.1331,36.4398],[-77.12,36.4464],[-77.1212,36.458],[-77.1355,36.463]]]},"properties":{"hex_id":"872af2195ffffff","value":-0.76}},{"type":"Feature","geometry":{"type":"Polygon","coordinates":[[[-77.1783,36.4781],[-77.1913,36.4715],[-77.1901,36.4599],[-77.1758,36.4549],[-77.1628,36.4615],[-77.164,36.4731],[-77.1783,36.4781]]]},"properties":{"hex_id":"872af2196ffffff","value":-1.9}},{"type":"Feature","geometry":{"type":"Polygon","coordinates":[[[-77.1437,36.4101],[-77.1568,36.4035],[-77.1556,36.392],[-77.1413,36.3869],[-77.1283,36.3935],[-77.1295,36.4051],[-77.1437,36.4101]]]},"properties":{"hex_id":"872af2198ffffff","value":4.89}},{"type":"Feature","geometry":{"type":"Polygon","coordinates":[[[-77.1283,36.3935],[-77.1413,36.3869],[-77.1401,36.3754],[-77.1259,36.3703],[-77.1129,36.3769],[-77.1141,36.3885],[-77.1283,36.3935]]]},"properties":{"hex_id":"872af2199ffffff","value":5.84}},{"type":"Feature","geometry":{"type":"Polygon","coordinates":[[[-77.171,36.4086],[-77.1841,36.402],[-77.1829,36.3904],[-77.1686,36.3854],[-77.1556,36.392],[-77.1568,36.4035],[-77.171,36.4086]]]},"properties":{"hex_id":"872af219affffff","value":-2.25}},{"type":"Feature","geometry":{"type":"Polygon","coordinates":[[[-77.1556,36.392],[-77.1686,36.3854],[-77.1674,36.3738],[-77.1532,36.3688],[-77.1401,36.3754],[-77.1413,36.3869],[-77.1556,36.392]]]},"properties":{"hex_id":"872af219bffffff","value":0.48}},{"type":"Feature","geometry":{"type":"Polygon","coordinates":[[[-77.1319,36.4282],[-77.1449,36.4217],[-77.1437,36.4101],[-77.1295,36.4051],[-77.1164,36.4116],[-77.1176,36.4232],[-77.1319,36.4282]]]},"properties":{"hex_id":"872af219cffffff","value":6.87}},{"type":"Feature","geometry":{"type":"Polygon","coordinates":[[[-77.1164,36.4116],[-77.1295,36.4051],[-77.1283,36.3935],[-77.1141,36.3885],[-77.101,36.395],[-77.1022,36.4066],[-77.1164,36.4116]]]},"properties":{"hex_id":"872af219dffffff","value":8.47}},{"type":"Feature","geometry":{"type":"Polygon","coordinates":[[[-77.1592,36.4267],[-77.1722,36.4202],[-77.171,36.4086],[-77.1568,36.4035],[-77.1437,36.4101],[-77.1449,36.4217],[-77.1592,36.4267]]]},"properties":{"hex_id":"872af219effffff","value":-4.19}},{"type":"Feature","geometry":{"type":"Polygon","coordinates":[[[-77.0416,36.4857],[-77.0547,36.4792],[-77.0535,36.4676],[-77.0392,36.4625],[-77.0262,36.4691],[-77.0273,36.4807],[-77.0416,36.4857]]]},"properties":{"hex_id":"872af21a0ffffff","value":-2.28}},{"type":"Feature","geometry":{"type":"Polygon","coordinates":[[[-77.0262,36.4691],[-77.0392,36.4625],[-77.0381,36.4509],[-77.0238,36.4459],[-77.0108,36.4524],[-77.0119,36.464],[-77.0262,36.4691]]]},"properties":{"hex_id":"872af21a1ffffff","value":-1.89}},{"type":"Feature","geometry":{"type":"Polygon","coordinates":[[[-77.0689,36.4842],[-77.082,36.4776],[-77.0808,36.4661],[-77.0666,36.461],[-77.0535,36.4676],[-77.0547,36.4792],[-77.0689,36.4842]]]},"properties":{"hex_id":"872af21a2ffffff","value":-3.35}},{"type":"Feature","geometry":{"type":"Polygon","coordinates":[[[-77.0535,36.4676],[-77.0666,36.461],[-77.0654,36.4494],[-77.0511,36.4444],[-77.0381,36.4509],[-77.0392,36.4625],[-77.0535,36.4676]]]},"properties":{"hex_id":"872af21a3ffffff","value":-4.14}},{"type":"Feature","geometry":{"type":"Polygon","coordinates":[[[-77.0297,36.5039],[-77.0428,36.4973],[-77.0416,36.4857],[-77.0273,36.4807],[-77.0143,36.4872],[-77.0154,36.4988],[-77.0297,36.5039]]]},"properties":{"hex_id":"872af21a4ffffff","value":-2.38}},{"type":"Feature","geometry":{"type":"Polygon","coordinates":[[[-77.0143,36.4872],[-77.0273,36.4807],[-77.0262,36.4691],[-77.0119,36.464],[-76.9988,36.4706],[-77.0,36.4822],[-77.0143,36.4872]]]},"properties":{"hex_id":"872af21a5ffffff","value":-0.86}},{"type":"Feature","geometry":{"type":"Polygon","coordinates":[[[-77.057,36.5024],[-77.0701,36.4958],[-77.0689,36.4842],[-77.0547,36.4792],[-77.0416,36.4857],[-77.0428,36.4973],[-77.057,36.5024]]]},"properties":{"hex_id":"872af21a6ffffff","value":-3.68}},{"type":"Feature","geometry":{"type":"Polygon","coordinates":[[[-77.0227,36.4343],[-77.0357,36.4278],[-77.0346,36.4162],[-77.0203,36.4111],[-77.0073,36.4177],[-77.0084,36.4293],[-77.0227,36.4343]]]},"properties":{"hex_id":"872af21a8ffffff","value":3.32}},{"type":"Feature","geometry":{"type":"Polygon","coordinates":[[[-77.0073,36.4177],[-77.0203,36.4111],[-77.0192,36.3996],[-77.0049,36.3945],[-76.9919,36.401],[-76.993,36.4126],[-77.0073,36.4177]]]},"properties":{"hex_id":"872af21a9ffffff","value":-0.42}},{"type":"Feature","geometry":{"type":"Polygon","coordinates":[[[-77.05,36.4328],[-77.063,36.4262],[-77.0619,36.4147],[-77.0476,36.4096],[-77.0346,36.4162],[-77.0357,36.4278],[-77.05,36.4328]]]},"properties":{"hex_id":"872af21aaffffff","value":3.28}},{"type":"Feature","geometry":{"type":"Polygon","coordinates":[[[-77.0346,36.4162],[-77.0476,36.4096],[-77.0464,36.398],[-77.0322,36.393],[-77.0192,36.3996],[-77.0203,36.4111],[-77.0346,36.4162]]]},"properties":{"hex_id":"872af21abffffff","value":2.25}},{"type":"Feature","geometry":{"type":"Polygon","coordinates":[[[-77.0108,36.4524],[-77.0238,36.4459],[-77.0227,36.4343],[-77.0084,36.4293],[-76.9953,36.4358],[-76.9965,36.4474],[-77.0108,36.4524]]]},"properties":{"hex_id":"872af21acffffff","value":-2.15}},{"type":"Feature","geometry":{"type":"Polygon","coordinates":[[[-76.9953,36.4358],[-77.0084,36.4293],[-77.0073,36.4177],[-76.993,36.4126],[-76.98,36.4192],[-76.9811,36.4308],[-76.9953,36.4358]]]},"properties":{"hex_id":"872af21adffffff","value":-5.92}},{"type":"Feature","geometry":{"type":"Polygon","coordinates":[[[-77.0381,36.4509],[-77.0511,36.4444],[-77.05,36.4328],[-77.0357,36.4278],[-77.0227,36.4343],[-77.0238,36.4459],[-77.0381,36.4509]]]},"properties":{"hex_id":"872af21aeffffff","value":0.61}},{"type":"Feature","geometry":{"type":"Polygon","coordinates":[[[-77.1117,36.4993],[-77.1248,36.4928],[-77.1236,36.4812],[-77.1093,36.4761],[-77.0963,36.4827],[-77.0975,36.4943],[-77.1117,36.4993]]]},"properties":{"hex_id":"872af21b0ffffff","value":-2.53}},{"type":"Feature","geometry":{"type":"Polygon","coordinates":[[[-77.0963,36.4827],[-77.1093,36.4761],[-77.1081,36.4645],[-77.0939,36.4595],[-77.0808,36.4661],[-77.082,36.4776],[-77.0963,36.4827]]]},"properties":{"hex_id":"872af21b1ffffff","value":-12.07}},{"type":"Feature","geometry":{"type":"Polygon","coordinates":[[[-77.1391,36.4978],[-77.1521,36.4912],[-77.1509,36.4796],[-77.1367,36.4746],[-77.1236,36.4812],[-77.1248,36.4928],[-77.1391,36.4978]]]},"properties":{"hex_id":"872af21b2ffffff","value":-1.95}},{"type":"Feature","geometry":{"type":"Polygon","coordinates":[[[-77.1236,36.4812],[-77.1367,36.4746],[-77.1355,36.463],[-77.1212,36.458],[-77.1081,36.4645],[-77.1093,36.4761],[-77.1236,36.4812]]]},"properties":{"hex_id":"872af21b3ffffff","value":-6.39}},{"type":"Feature","geometry":{"type":"Polygon","coordinates":[[[-77.0998,36.5175],[-77.1129,36.5109],[-77.1117,36.4993],[-77.0975,36.4943],[-77.0844,36.5008],[-77.0856,36.5124],[-77.0998,36.5175]]]},"properties":{"hex_id":"872af21b4ffffff","value":-1.51}},{"type":"Feature","geometry":{"type":"Polygon","coordinates":[[[-77.0844,36.5008],[-77.0975,36.4943],[-77.0963,36.4827],[-77.082,36.4776],[-77.0689,36.4842],[-77.0701,36.4958],[-77.0844,36.5008]]]},"properties":{"hex_id":"872af21b5ffffff","value":-3.42}},{"type":"Feature","geometry":{"type":"Polygon","coordinates":[[[-77.1272,36.516],[-77.1403,36.5094],[-77.1391,36.4978],[-77.1248,36.4928],[-77.1117,36.4993],[-77.1129,36.5109],[-77.1272,36.516]]]},"properties":{"hex_id":"872af21b6ffffff","value":3.08}},{"type":"Feature","geometry":{"type":"Polygon","coordinates":[[[-77.4749,36.426],[-77.4879,36.4194],[-77.4867,36.4079],[-77.4724,36.4029],[-77.4594,36.4095],[-77.4606,36.421],[-77.4749,36.426]]]},"properties":{"hex_id":"872af2400ffffff","value":-8.65}},{"type":"Feature","geometry":{"type":"Polygon","coordinates":[[[-77.4594,36.4095],[-77.4724,36.4029],[-77.4711,36.3913],[-77.4568,36.3863],[-77.4438,36.3929],[-77.4451,36.4045],[-77.4594,36.4095]]]},"properties":{"hex_id":"872af2401ffffff","value":-4.4}},{"type":"Feature","geometry":{"type":"Polygon","coordinates":[[[-77.5022,36.4244],[-77.5152,36.4178],[-77.5139,36.4062],[-77.4997,36.4013],[-77.4867,36.4079],[-77.4879,36.4194],[-77.5022,36.4244]]]},"properties":{"hex_id":"872af2402ffffff","value":-4.77}},{"type":"Feature","geometry":{"type":"Polygon","coordinates":[[[-77.4867,36.4079],[-77.4997,36.4013],[-77.4984,36.3897],[-77.4841,36.3847],[-77.4711,36.3913],[-77.4724,36.4029],[-77.4867,36.4079]]]},"properties":{"hex_id":"872af2403ffffff","value":-0.84}},{"type":"Feature","geometry":{"type":"Polygon","coordinates":[[[-77.4632,36.4442],[-77.4762,36.4376],[-77.4749,36.426],[-77.4606,36.421],[-77.4476,36.4276],[-77.4489,36.4392],[-77.4632,36.4442]]]},"properties":{"hex_id":"872af2404ffffff","value":-6.3}},{"type":"Feature","geometry":{"type":"Polygon","coordinates":[[[-77.4476,36.4276],[-77.4606,36.421],[-77.4594,36.4095],[-77.4451,36.4045],[-77.4321,36.4111],[-77.4334,36.4226],[-77.4476,36.4276]]]},"properties":{"hex_id":"872af2405ffffff","value":3.14}},{"type":"Feature","geometry":{"type":"Polygon","coordinates":[[[-77.4905,36.4426],[-77.5035,36.436],[-77.5022,36.4244],[-77.4879,36.4194],[-77.4749,36.426],[-77.4762,36.4376],[-77.4905,36.4426]]]},"properties":{"hex_id":"872af2406ffffff","value":-1.79}},{"type":"Feature","geometry":{"type":"Polygon","coordinates":[[[-77.4556,36.3747],[-77.4685,36.3681],[-77.4673,36.3566],[-77.453,36.3516],[-77.44,36.3582],[-77.4413,36.3697],[-77.4556,36.3747]]]},"properties":{"hex_id":"872af2408ffffff","value":-3.42}},{"type":"Feature","geometry":{"type":"Polygon","coordinates":[[[-77.44,36.3582],[-77.453,36.3516],[-77.4517,36.34],[-77.4375,36.335],[-77.4245,36.3416],[-77.4258,36.3532],[-77.44,36.3582]]]},"properties":{"hex_id":"872af2409ffffff","value":2.47}},{"type":"Feature","geometry":{"type":"Polygon","coordinates":[[[-77.4828,36.3731],[-77.4958,36.3665],[-77.4945,36.355],[-77.4803,36.35],[-77.4673,36.3566],[-77.4685,36.3681],[-77.4828,36.3731]]]},"properties":{"hex_id":"872af240affffff","value":-8.74}},{"type":"Feature","geometry":{"type":"Polygon","coordinates":[[[-77.4673,36.3566],[-77.4803,36.35],[-77.479,36.3384],[-77.4647,36.3334],[-77.4517,36.34],[-77.453,36.3516],[-77.4673,36.3566]]]},"properties":{"hex_id":"872af240bffffff","value":-8.77}},{"type":"Feature","geometry":{"type":"Polygon","coordinates":[[[-77.4438,36.3929],[-77.4568,36.3863],[-77.4556,36.3747],[-77.4413,36.3697],[-77.4283,36.3763],[-77.4296,36.3879],[-77.4438,36.3929]]]},"properties":{"hex_id":"872af240cffffff","value":-1.96}},{"type":"Feature","geometry":{"type":"Polygon","coordinates":[[[-77.4283,36.3763],[-77.4413,36.3697],[-77.44,36.3582],[-77.4258,36.3532],[-77.4128,36.3598],[-77.414,36.3713],[-77.4283,36.3763]]]},"properties":{"hex_id":"872af240dffffff","value":1.77}},{"type":"Feature","geometry":{"type":"Polygon","coordinates":[[[-77.4711,36.3913],[-77.4841,36.3847],[-77.4828,36.3731],[-77.4685,36.3681],[-77.4556,36.3747],[-77.4568,36.3863],[-77.4711,36.3913]]]},"properties":{"hex_id":"872af240effffff","value":-1.65}},{"type":"Feature","geometry":{"type":"Polygon","coordinates":[[[-77.5451,36.4394],[-77.5581,36.4328],[-77.5568,36.4212],[-77.5425,36.4162],[-77.5295,36.4228],[-77.5308,36.4344],[-77.5451,36.4394]]]},"properties":{"hex_id":"872af2410ffffff","value":-3.62}},{"type":"Feature","geometry":{"type":"Polygon","coordinates":[[[-77.5295,36.4228],[-77.5425,36.4162],[-77.5412,36.4046],[-77.5269,36.3996],[-77.5139,36.4062],[-77.5152,36.4178],[-77.5295,36.4228]]]},"properties":{"hex_id":"872af2411ffffff","value":-3.72}},{"type":"Feature","geometry":{"type":"Polygon","coordinates":[[[-77.5724,36.4377],[-77.5854,36.4311],[-77.5841,36.4196],[-77.5698,36.4146],[-77.5568,36.4212],[-77.5581,36.4328],[-77.5724,36.4377]]]},"properties":{"hex_id":"872af2412ffffff","value":-2.94}},{"type":"Feature","geometry":{"type":"Polygon","coordinates":[[[-77.5568,36.4212],[-77.5698,36.4146],[-77.5685,36.403],[-77.5542,36.398],[-77.5412,36.4046],[-77.5425,36.4162],[-77.5568,36.4212]]]},"properties":{"hex_id":"872af2413ffffff","value":-1.4}},{"type":"Feature","geometry":{"type":"Polygon","coordinates":[[[-77.5334,36.4576],[-77.5464,36.4509],[-77.5451,36.4394],[-77.5308,36.4344],[-77.5178,36.441],[-77.5191,36.4526],[-77.5334,36.4576]]]},"properties":{"hex_id":"872af2414ffffff","value":-0.39}},{"type":"Feature","geometry":{"type":"Polygon","coordinates":[[[-77.5178,36.441],[-77.5308,36.4344],[-77.5295,36.4228],[-77.5152,36.4178],[-77.5022,36.4244],[-77.5035,36.436],[-77.5178,36.441]]]},"properties":{"hex_id":"872af2415ffffff","value":-2.02}},{"type":"Feature","geometry":{"type":"Polygon","coordinates":[[[-77.5607,36.4559],[-77.5737,36.4493],[-77.5724,36.4377],[-77.5581,36.4328],[-77.5451,36.4394],[-77.5464,36.4509],[-77.5607,36.4559]]]},"properties":{"hex_id":"872af2416ffffff","value":-5.08}},{"type":"Feature","geometry":{"type":"Polygon","coordinates":[[[-77.5256,36.3881],[-77.5386,36.3815],[-77.5373,36.3699],[-77.5231,36.3649],[-77.5101,36.3715],[-77.5114,36.3831],[-77.5256,36.3881]]]},"properties":{"hex_id":"872af2418ffffff","value":-4.87}},{"type":"Feature","geometry":{"type":"Polygon","coordinates":[[[-77.5101,36.3715],[-77.5231,36.3649],[-77.5218,36.3534],[-77.5075,36.3484],[-77.4945,36.355],[-77.4958,36.3665],[-77.5101,36.3715]]]},"properties":{"hex_id":"872af2419ffffff","value":1.54}},{"type":"Feature","geometry":{"type":"Polygon","coordinates":[[[-77.5529,36.3865],[-77.5659,36.3799],[-77.5646,36.3683],[-77.5503,36.3633],[-77.5373,36.3699],[-77.5386,36.3815],[-77.5529,36.3865]]]},"properties":{"hex_id":"872af241affffff","value":-7.37}},{"type":"Feature","geometry":{"type":"Polygon","coordinates":[[[-77.5373,36.3699],[-77.5503,36.3633],[-77.549,36.3517],[-77.5348,36.3468],[-77.5218,36.3534],[-77.5231,36.3649],[-77.5373,36.3699]]]},"properties":{"hex_id":"872af241bffffff","value":-7.1}},{"type":"Feature","geometry":{"type":"Polygon","coordinates":[[[-77.5139,36.4062],[-77.5269,36.3996],[-77.5256,36.3881],[-77.5114,36.3831],[-77.4984,36.3897],[-77.4997,36.4013],[-77.5139,36.4062]]]},"properties":{"hex_id":"872af241cffffff","value":-2.69}},{"type":"Feature","geometry":{"type":"Polygon","coordinates":[[[-77.4984,36.3897],[-77.5114,36.3831],[-77.5101,36.3715],[-77.4958,36.3665],[-77.4828,36.3731],[-77.4841,36.3847],[-77.4984,36.3897]]]},"properties":{"hex_id":"872af241dffffff","value":-4.09}},{"type":"Feature","geometry":{"type":"Polygon","coordinates":[[[-77.5412,36.4046],[-77.5542,36.398],[-77.5529,36.3865],[-77.5386,36.3815],[-77.5256,36.3881],[-77.5269,36.3996],[-77.5412,36.4046]]]},"properties":{"hex_id":"872af241effffff","value":-5.83}},{"type":"Feature","geometry":{"type":"Polygon","coordinates":[[[-77.4241,36.464],[-77.4372,36.4574],[-77.4359,36.4458],[-77.4216,36.4408],[-77.4086,36.4474],[-77.4099,36.459],[-77.4241,36.464]]]},"properties":{"hex_id":"872af2420ffffff","value":-1.42}},{"type":"Feature","geometry":{"type":"Polygon","coordinates":[[[-77.4086,36.4474],[-77.4216,36.4408],[-77.4203,36.4292],[-77.4061,36.4242],[-77.3931,36.4308],[-77.3943,36.4424],[-77.4086,36.4474]]]},"properties":{"hex_id":"872af2421ffffff","value":-0.91}},{"type":"Feature","geometry":{"type":"Polygon","coordinates":[[[-77.4515,36.4624],[-77.4645,36.4558],[-77.4632,36.4442],[-77.4489,36.4392],[-77.4359,36.4458],[-77.4372,36.4574],[-77.4515,36.4624]]]},"properties":{"hex_id":"872af2422ffffff","value":-4.03}},{"type":"Feature","geometry":{"type":"Polygon","coordinates":[[[-77.4359,36.4458],[-77.4489,36.4392],[-77.4476,36.4276],[-77.4334,36.4226],[-77.4203,36.4292],[-77.4216,36.4408],[-77.4359,36.4458]]]},"properties":{"hex_id":"872af2423ffffff","value":-1.1}},{"type":"Feature","geometry":{"type":"Polygon","coordinates":[[[-77.4124,36.4822],[-77.4254,36.4756],[-77.4241,36.464],[-77.4099,36.459],[-77.3968,36.4656],[-77.3981,36.4772],[-77.4124,36.4822]]]},"properties":{"hex_id":"872af2424ffffff","value":-2.84}},{"type":"Feature","geometry":{"type":"Polygon","coordinates":[[[-77.3968,36.4656],[-77.4099,36.459],[-77.4086,36.4474],[-77.3943,36.4424],[-77.3813,36.449],[-77.3825,36.4606],[-77.3968,36.4656]]]},"properties":{"hex_id":"872af2425ffffff","value":-1.19}},{"type":"Feature","geometry":{"type":"Polygon","coordinates":[[[-77.4397,36.4806],[-77.4527,36.474],[-77.4515,36.4624],[-77.4372,36.4574],[-77.4241,36.464],[-77.4254,36.4756],[-77.4397,36.4806]]]},"properties":{"hex_id":"872af2426ffffff","value":-9.14}},{"type":"Feature","geometry":{"type":"Polygon","coordinates":[[[-77.4048,36.4127],[-77.4178,36.4061],[-77.4166,36.3945],[-77.4023,36.3895],[-77.3893,36.3961],[-77.3905,36.4077],[-77.4048,36.4127]]]},"properties":{"hex_id":"872af2428ffffff","value":3.29}},{"type":"Feature","geometry":{"type":"Polygon","coordinates":[[[-77.3893,36.3961],[-77.4023,36.3895],[-77.401,36.3779],[-77.3868,36.3729],[-77.3738,36.3795],[-77.375,36.3911],[-77.3893,36.3961]]]},"properties":{"hex_id":"872af2429ffffff","value":1.54}},{"type":"Feature","geometry":{"type":"Polygon","coordinates":[[[-77.4321,36.4111],[-77.4451,36.4045],[-77.4438,36.3929],[-77.4296,36.3879],[-77.4166,36.3945],[-77.4178,36.4061],[-77.4321,36.4111]]]},"properties":{"hex_id":"872af242affffff","value":1.12}},{"type":"Feature","geometry":{"type":"Polygon","coordinates":[[[-77.4166,36.3945],[-77.4296,36.3879],[-77.4283,36.3763],[-77.414,36.3713],[-77.401,36.3779],[-77.4023,36.3895],[-77.4166,36.3945]]]},"properties":{"hex_id":"872af242bffffff","value":2.92}},{"type":"Feature","geometry":{"type":"Polygon","coordinates":[[[-77.3931,36.4308],[-77.4061,36.4242],[-77.4048,36.4127],[-77.3905,36.4077],[-77.3775,36.4142],[-77.3788,36.4258],[-77.3931,36.4308]]]},"properties":{"hex_id":"872af242cffffff","value":-0.21}},{"type":"Feature","geometry":{"type":"Polygon","coordinates":[[[-77.3775,36.4142],[-77.3905,36.4077],[-77.3893,36.3961],[-77.375,36.3911],[-77.362,36.3977],[-77.3633,36.4092],[-77.3775,36.4142]]]},"properties":{"hex_id":"872af242dffffff","value":1.88}},{"type":"Feature","geometry":{"type":"Polygon","coordinates":[[[-77.4203,36.4292],[-77.4334,36.4226],[-77.4321,36.4111],[-77.4178,36.4061],[-77.4048,36.4127],[-77.4061,36.4242],[-77.4203,36.4292]]]},"properties":{"hex_id":"872af242effffff","value":-0.86}},{"type":"Feature","geometry":{"type":"Polygon","coordinates":[[[-77.4943,36.4774],[-77.5074,36.4708],[-77.5061,36.4592],[-77.4918,36.4542],[-77.4788,36.4608],[-77.48,36.4724],[-77.4943,36.4774]]]},"properties":{"hex_id":"872af2430ffffff","value":-1.41}},{"type":"Feature","geometry":{"type":"Polygon","coordinates":[[[-77.4788,36.4608],[-77.4918,36.4542],[-77.4905,36.4426],[-77.4762,36.4376],[-77.4632,36.4442],[-77.4645,36.4558],[-77.4788,36.4608]]]},"properties":{"hex_id":"872af2431ffffff","value":-2.71}},{"type":"Feature","geometry":{"type":"Polygon","coordinates":[[[-77.5217,36.4757],[-77.5347,36.4691],[-77.5334,36.4576],[-77.5191,36.4526],[-77.5061,36.4592],[-77.5074,36.4708],[-77.5217,36.4757]]]},"properties":{"hex_id":"872af2432ffffff","value":-0.42}},{"type":"Feature","geometry":{"type":"Polygon","coordinates":[[[-77.5061,36.4592],[-77.5191,36.4526],[-77.5178,36.441],[-77.5035,36.436],[-77.4905,36.4426],[-77.4918,36.4542],[-77.5061,36.4592]]]},"properties":{"hex_id":"872af2433ffffff","value":-2.67}},{"type":"Feature","geometry":{"type":"Polygon","coordinates":[[[-77.4826,36.4956],[-77.4956,36.489],[-77.4943,36.4774],[-77.48,36.4724],[-77.467,36.479],[-77.4683,36.4906],[-77.4826,36.4956]]]},"properties":{"hex_id":"872af2434ffffff","value":-5.82}},{"type":"Feature","geometry":{"type":"Polygon","coordinates":[[[-77.467,36.479],[-77.48,36.4724],[-77.4788,36.4608],[-77.4645,36.4558],[-77.4515,36.4624],[-77.4527,36.474],[-77.467,36.479]]]},"properties":{"hex_id":"872af2435ffffff","value":-5.34}},{"type":"Feature","geometry":{"type":"Polygon","coordinates":[[[-77.5099,36.4939],[-77.523,36.4873],[-77.5217,36.4757],[-77.5074,36.4708],[-77.4943,36.4774],[-77.4956,36.489],[-77.5099,36.4939]]]},"properties":{"hex_id":"872af2436ffffff","value":-1.05}},{"type":"Feature","geometry":{"type":"Polygon","coordinates":[[[-77.3663,36.3101],[-77.3792,36.3035],[-77.378,36.292],[-77.3638,36.287],[-77.3508,36.2935],[-77.352,36.3051],[-77.3663,36.3101]]]},"properties":{"hex_id":"872af2440ffffff","value":4.6}},{"type":"Feature","geometry":{"type":"Polygon","coordinates":[[[-77.3508,36.2935],[-77.3638,36.287],[-77.3625,36.2754],[-77.3483,36.2704],[-77.3353,36.277],[-77.3365,36.2886],[-77.3508,36.2935]]]},"properties":{"hex_id":"872af2441ffffff","value":-1.94}},{"type":"Feature","geometry":{"type":"Polygon","coordinates":[[[-77.3935,36.3085],[-77.4065,36.3019],[-77.4052,36.2904],[-77.391,36.2854],[-77.378,36.292],[-77.3792,36.3035],[-77.3935,36.3085]]]},"properties":{"hex_id":"872af2442ffffff","value":2.35}},{"type":"Feature","geometry":{"type":"Polygon","coordinates":[[[-77.378,36.292],[-77.391,36.2854],[-77.3897,36.2738],[-77.3755,36.2689],[-77.3625,36.2754],[-77.3638,36.287],[-77.378,36.292]]]},"properties":{"hex_id":"872af2443ffffff","value":4.16}},{"type":"Feature","geometry":{"type":"Polygon","coordinates":[[[-77.3545,36.3282],[-77.3675,36.3217],[-77.3663,36.3101],[-77.352,36.3051],[-77.339,36.3117],[-77.3403,36.3232],[-77.3545,36.3282]]]},"properties":{"hex_id":"872af2444ffffff","value":-2.39}},{"type":"Feature","geometry":{"type":"Polygon","coordinates":[[[-77.339,36.3117],[-77.352,36.3051],[-77.3508,36.2935],[-77.3365,36.2886],[-77.3236,36.2951],[-77.3248,36.3067],[-77.339,36.3117]]]},"properties":{"hex_id":"872af2445ffffff","value":-4.97}},{"type":"Feature","geometry":{"type":"Polygon","coordinates":[[[-77.3818,36.3267],[-77.3947,36.3201],[-77.3935,36.3085],[-77.3792,36.3035],[-77.3663,36.3101],[-77.3675,36.3217],[-77.3818,36.3267]]]},"properties":{"hex_id":"872af2446ffffff","value":-1.26}},{"type":"Feature","geometry":{"type":"Polygon","coordinates":[[[-77.347,36.2589],[-77.36,36.2523],[-77.3588,36.2408],[-77.3446,36.2358],[-77.3316,36.2423],[-77.3328,36.2539],[-77.347,36.2589]]]},"properties":{"hex_id":"872af2448ffffff","value":-3.25}},{"type":"Feature","geometry":{"type":"Polygon","coordinates":[[[-77.3742,36.2573],[-77.3872,36.2507],[-77.386,36.2392],[-77.3717,36.2342],[-77.3588,36.2408],[-77.36,36.2523],[-77.3742,36.2573]]]},"properties":{"hex_id":"872af244affffff","value":-6.25}},{"type":"Feature","geometry":{"type":"Polygon","coordinates":[[[-77.3353,36.277],[-77.3483,36.2704],[-77.347,36.2589],[-77.3328,36.2539],[-77.3198,36.2604],[-77.3211,36.272],[-77.3353,36.277]]]},"properties":{"hex_id":"872af244cffffff","value":0.38}},{"type":"Feature","geometry":{"type":"Polygon","coordinates":[[[-77.3198,36.2604],[-77.3328,36.2539],[-77.3316,36.2423],[-77.3174,36.2373],[-77.3044,36.2439],[-77.3056,36.2555],[-77.3198,36.2604]]]},"properties":{"hex_id":"872af244dffffff","value":1.13}},{"type":"Feature","geometry":{"type":"Polygon","coordinates":[[[-77.3625,36.2754],[-77.3755,36.2689],[-77.3742,36.2573],[-77.36,36.2523],[-77.347,36.2589],[-77.3483,36.2704],[-77.3625,36.2754]]]},"properties":{"hex_id":"872af244effffff","value":-0.37}},{"type":"Feature","geometry":{"type":"Polygon","coordinates":[[[-77.4362,36.3235],[-77.4492,36.3169],[-77.4479,36.3053],[-77.4337,36.3004],[-77.4207,36.3069],[-77.422,36.3185],[-77.4362,36.3235]]]},"properties":{"hex_id":"872af2450ffffff","value":0.6}},{"type":"Feature","geometry":{"type":"Polygon","coordinates":[[[-77.4207,36.3069],[-77.4337,36.3004],[-77.4324,36.2888],[-77.4182,36.2838],[-77.4052,36.2904],[-77.4065,36.3019],[-77.4207,36.3069]]]},"properties":{"hex_id":"872af2451ffffff","value":2.87}},{"type":"Feature","geometry":{"type":"Polygon","coordinates":[[[-77.4635,36.3219],[-77.4764,36.3153],[-77.4752,36.3037],[-77.4609,36.2988],[-77.4479,36.3053],[-77.4492,36.3169],[-77.4635,36.3219]]]},"properties":{"hex_id":"872af2452ffffff","value":-1.88}},{"type":"Feature","geometry":{"type":"Polygon","coordinates":[[[-77.4479,36.3053],[-77.4609,36.2988],[-77.4596,36.2872],[-77.4454,36.2822],[-77.4324,36.2888],[-77.4337,36.3004],[-77.4479,36.3053]]]},"properties":{"hex_id":"872af2453ffffff","value":2.15}},{"type":"Feature","geometry":{"type":"Polygon","coordinates":[[[-77.4245,36.3416],[-77.4375,36.335],[-77.4362,36.3235],[-77.422,36.3185],[-77.409,36.3251],[-77.4102,36.3366],[-77.4245,36.3416]]]},"properties":{"hex_id":"872af2454ffffff","value":1.68}},{"type":"Feature","geometry":{"type":"Polygon","coordinates":[[[-77.409,36.3251],[-77.422,36.3185],[-77.4207,36.3069],[-77.4065,36.3019],[-77.3935,36.3085],[-77.3947,36.3201],[-77.409,36.3251]]]},"properties":{"hex_id":"872af2455ffffff","value":-1.06}},{"type":"Feature","geometry":{"type":"Polygon","coordinates":[[[-77.4517,36.34],[-77.4647,36.3334],[-77.4635,36.3219],[-77.4492,36.3169],[-77.4362,36.3235],[-77.4375,36.335],[-77.4517,36.34]]]},"properties":{"hex_id":"872af2456ffffff","value":1.02}},{"type":"Feature","geometry":{"type":"Polygon","coordinates":[[[-77.4169,36.2723],[-77.4299,36.2657],[-77.4286,36.2541],[-77.4144,36.2492],[-77.4014,36.2557],[-77.4027,36.2673],[-77.4169,36.2723]]]},"properties":{"hex_id":"872af2458ffffff","value":-0.09}},{"type":"Feature","geometry":{"type":"Polygon","coordinates":[[[-77.4441,36.2707],[-77.4571,36.2641],[-77.4558,36.2525],[-77.4416,36.2476],[-77.4286,36.2541],[-77.4299,36.2657],[-77.4441,36.2707]]]},"properties":{"hex_id":"872af245affffff","value":2.54}},{"type":"Feature","geometry":{"type":"Polygon","coordinates":[[[-77.4286,36.2541],[-77.4416,36.2476],[-77.4403,36.236],[-77.4261,36.231],[-77.4132,36.2376],[-77.4144,36.2492],[-77.4286,36.2541]]]},"properties":{"hex_id":"872af245bffffff","value":0.54}},{"type":"Feature","geometry":{"type":"Polygon","coordinates":[[[-77.4052,36.2904],[-77.4182,36.2838],[-77.4169,36.2723],[-77.4027,36.2673],[-77.3897,36.2738],[-77.391,36.2854],[-77.4052,36.2904]]]},"properties":{"hex_id":"872af245cffffff","value":2.88}},{"type":"Feature","geometry":{"type":"Polygon","coordinates":[[[-77.3897,36.2738],[-77.4027,36.2673],[-77.4014,36.2557],[-77.3872,36.2507],[-77.3742,36.2573],[-77.3755,36.2689],[-77.3897,36.2738]]]},"properties":{"hex_id":"872af245dffffff","value":-2.66}},{"type":"Feature","geometry":{"type":"Polygon","coordinates":[[[-77.4324,36.2888],[-77.4454,36.2822],[-77.4441,36.2707],[-77.4299,36.2657],[-77.4169,36.2723],[-77.4182,36.2838],[-77.4324,36.2888]]]},"properties":{"hex_id":"872af245effffff","value":2.54}},{"type":"Feature","geometry":{"type":"Polygon","coordinates":[[[-77.3155,36.3479],[-77.3285,36.3414],[-77.3273,36.3298],[-77.313,36.3248],[-77.3,36.3314],[-77.3013,36.3429],[-77.3155,36.3479]]]},"properties":{"hex_id":"872af2460ffffff","value":-2.16}},{"type":"Feature","geometry":{"type":"Polygon","coordinates":[[[-77.3,36.3314],[-77.313,36.3248],[-77.3118,36.3132],[-77.2976,36.3082],[-77.2846,36.3148],[-77.2858,36.3264],[-77.3,36.3314]]]},"properties":{"hex_id":"872af2461ffffff","value":-9.14}},{"type":"Feature","geometry":{"type":"Polygon","coordinates":[[[-77.3428,36.3464],[-77.3558,36.3398],[-77.3545,36.3282],[-77.3403,36.3232],[-77.3273,36.3298],[-77.3285,36.3414],[-77.3428,36.3464]]]},"properties":{"hex_id":"872af2462ffffff","value":-6.02}},{"type":"Feature","geometry":{"type":"Polygon","coordinates":[[[-77.3273,36.3298],[-77.3403,36.3232],[-77.339,36.3117],[-77.3248,36.3067],[-77.3118,36.3132],[-77.313,36.3248],[-77.3273,36.3298]]]},"properties":{"hex_id":"872af2463ffffff","value":-7.89}},{"type":"Feature","geometry":{"type":"Polygon","coordinates":[[[-77.3037,36.3661],[-77.3168,36.3595],[-77.3155,36.3479],[-77.3013,36.3429],[-77.2883,36.3495],[-77.2895,36.3611],[-77.3037,36.3661]]]},"properties":{"hex_id":"872af2464ffffff","value":-3.16}},{"type":"Feature","geometry":{"type":"Polygon","coordinates":[[[-77.2883,36.3495],[-77.3013,36.3429],[-77.3,36.3314],[-77.2858,36.3264],[-77.2728,36.3329],[-77.274,36.3445],[-77.2883,36.3495]]]},"properties":{"hex_id":"872af2465ffffff","value":-1.88}},{"type":"Feature","geometry":{"type":"Polygon","coordinates":[[[-77.331,36.3645],[-77.344,36.3579],[-77.3428,36.3464],[-77.3285,36.3414],[-77.3155,36.3479],[-77.3168,36.3595],[-77.331,36.3645]]]},"properties":{"hex_id":"872af2466ffffff","value":-4.46}},{"type":"Feature","geometry":{"type":"Polygon","coordinates":[[[-77.2963,36.2967],[-77.3093,36.2901],[-77.3081,36.2786],[-77.2939,36.2736],[-77.2809,36.2801],[-77.2821,36.2917],[-77.2963,36.2967]]]},"properties":{"hex_id":"872af2468ffffff","value":-0.12}},{"type":"Feature","geometry":{"type":"Polygon","coordinates":[[[-77.2809,36.2801],[-77.2939,36.2736],[-77.2926,36.262],[-77.2784,36.257],[-77.2654,36.2636],[-77.2667,36.2751],[-77.2809,36.2801]]]},"properties":{"hex_id":"872af2469ffffff","value":3.79}},{"type":"Feature","geometry":{"type":"Polygon","coordinates":[[[-77.3236,36.2951],[-77.3365,36.2886],[-77.3353,36.277],[-77.3211,36.272],[-77.3081,36.2786],[-77.3093,36.2901],[-77.3236,36.2951]]]},"properties":{"hex_id":"872af246affffff","value":-1.77}},{"type":"Feature","geometry":{"type":"Polygon","coordinates":[[[-77.3081,36.2786],[-77.3211,36.272],[-77.3198,36.2604],[-77.3056,36.2555],[-77.2926,36.262],[-77.2939,36.2736],[-77.3081,36.2786]]]},"properties":{"hex_id":"872af246bffffff","value":6.09}},{"type":"Feature","geometry":{"type":"Polygon","coordinates":[[[-77.2846,36.3148],[-77.2976,36.3082],[-77.2963,36.2967],[-77.2821,36.2917],[-77.2691,36.2982],[-77.2703,36.3098],[-77.2846,36.3148]]]},"properties":{"hex_id":"872af246cffffff","value":-3.38}},{"type":"Feature","geometry":{"type":"Polygon","coordinates":[[[-77.2691,36.2982],[-77.2821,36.2917],[-77.2809,36.2801],[-77.2667,36.2751],[-77.2537,36.2817],[-77.2549,36.2932],[-77.2691,36.2982]]]},"properties":{"hex_id":"872af246dffffff","value":2.45}},{"type":"Feature","geometry":{"type":"Polygon","coordinates":[[[-77.3118,36.3132],[-77.3248,36.3067],[-77.3236,36.2951],[-77.3093,36.2901],[-77.2963,36.2967],[-77.2976,36.3082],[-77.3118,36.3132]]]},"properties":{"hex_id":"872af246effffff","value":-3.68}},{"type":"Feature","geometry":{"type":"Polygon","coordinates":[[[-77.3855,36.3614],[-77.3985,36.3548],[-77.3973,36.3432],[-77.383,36.3382],[-77.37,36.3448],[-77.3713,36.3564],[-77.3855,36.3614]]]},"properties":{"hex_id":"872af2470ffffff","value":-4.74}},{"type":"Feature","geometry":{"type":"Polygon","coordinates":[[[-77.37,36.3448],[-77.383,36.3382],[-77.3818,36.3267],[-77.3675,36.3217],[-77.3545,36.3282],[-77.3558,36.3398],[-77.37,36.3448]]]},"properties":{"hex_id":"872af2471ffffff","value":-5.57}},{"type":"Feature","geometry":{"type":"Polygon","coordinates":[[[-77.4128,36.3598],[-77.4258,36.3532],[-77.4245,36.3416],[-77.4102,36.3366],[-77.3973,36.3432],[-77.3985,36.3548],[-77.4128,36.3598]]]},"properties":{"hex_id":"872af2472ffffff","value":1.49}},{"type":"Feature","geometry":{"type":"Polygon","coordinates":[[[-77.3973,36.3432],[-77.4102,36.3366],[-77.409,36.3251],[-77.3947,36.3201],[-77.3818,36.3267],[-77.383,36.3382],[-77.3973,36.3432]]]},"properties":{"hex_id":"872af2473ffffff","value":-1.42}},{"type":"Feature","geometry":{"type":"Polygon","coordinates":[[[-77.3738,36.3795],[-77.3868,36.3729],[-77.3855,36.3614],[-77.3713,36.3564],[-77.3583,36.3629],[-77.3595,36.3745],[-77.3738,36.3795]]]},"properties":{"hex_id":"872af2474ffffff","value":-1.2}},{"type":"Feature","geometry":{"type":"Polygon","coordinates":[[[-77.3583,36.3629],[-77.3713,36.3564],[-77.37,36.3448],[-77.3558,36.3398],[-77.3428,36.3464],[-77.344,36.3579],[-77.3583,36.3629]]]},"properties":{"hex_id":"872af2475ffffff","value":-4.35}},{"type":"Feature","geometry":{"type":"Polygon","coordinates":[[[-77.401,36.3779],[-77.414,36.3713],[-77.4128,36.3598],[-77.3985,36.3548],[-77.3855,36.3614],[-77.3868,36.3729],[-77.401,36.3779]]]},"properties":{"hex_id":"872af2476ffffff","value":-1.82}},{"type":"Feature","geometry":{"type":"Polygon","coordinates":[[[-77.6659,36.4146],[-77.6789,36.408],[-77.6776,36.3964],[-77.6633,36.3915],[-77.6503,36.3981],[-77.6516,36.4097],[-77.6659,36.4146]]]},"properties":{"hex_id":"872af2480ffffff","value":0.92}},{"type":"Feature","geometry":{"type":"Polygon","coordinates":[[[-77.6503,36.3981],[-77.6633,36.3915],[-77.6619,36.3799],[-77.6477,36.3749],[-77.6347,36.3816],[-77.636,36.3931],[-77.6503,36.3981]]]},"properties":{"hex_id":"872af2481ffffff","value":3.05}},{"type":"Feature","geometry":{"type":"Polygon","coordinates":[[[-77.6932,36.413],[-77.7062,36.4064],[-77.7048,36.3948],[-77.6905,36.3898],[-77.6776,36.3964],[-77.6789,36.408],[-77.6932,36.413]]]},"properties":{"hex_id":"872af2482ffffff","value":0.17}},{"type":"Feature","geometry":{"type":"Polygon","coordinates":[[[-77.6776,36.3964],[-77.6905,36.3898],[-77.6892,36.3783],[-77.6749,36.3733],[-77.6619,36.3799],[-77.6633,36.3915],[-77.6776,36.3964]]]},"properties":{"hex_id":"872af2483ffffff","value":-2.29}},{"type":"Feature","geometry":{"type":"Polygon","coordinates":[[[-77.6543,36.4328],[-77.6672,36.4262],[-77.6659,36.4146],[-77.6516,36.4097],[-77.6386,36.4163],[-77.6399,36.4279],[-77.6543,36.4328]]]},"properties":{"hex_id":"872af2484ffffff","value":-1.35}},{"type":"Feature","geometry":{"type":"Polygon","coordinates":[[[-77.6386,36.4163],[-77.6516,36.4097],[-77.6503,36.3981],[-77.636,36.3931],[-77.623,36.3997],[-77.6243,36.4113],[-77.6386,36.4163]]]},"properties":{"hex_id":"872af2485ffffff","value":3.38}},{"type":"Feature","geometry":{"type":"Polygon","coordinates":[[[-77.6815,36.4312],[-77.6945,36.4246],[-77.6932,36.413],[-77.6789,36.408],[-77.6659,36.4146],[-77.6672,36.4262],[-77.6815,36.4312]]]},"properties":{"hex_id":"872af2486ffffff","value":-0.1}},{"type":"Feature","geometry":{"type":"Polygon","coordinates":[[[-77.6463,36.3634],[-77.6593,36.3568],[-77.658,36.3452],[-77.6437,36.3402],[-77.6307,36.3468],[-77.6321,36.3584],[-77.6463,36.3634]]]},"properties":{"hex_id":"872af2488ffffff","value":2.07}},{"type":"Feature","geometry":{"type":"Polygon","coordinates":[[[-77.6307,36.3468],[-77.6437,36.3402],[-77.6424,36.3287],[-77.6281,36.3237],[-77.6152,36.3303],[-77.6165,36.3419],[-77.6307,36.3468]]]},"properties":{"hex_id":"872af2489ffffff","value":-0.23}},{"type":"Feature","geometry":{"type":"Polygon","coordinates":[[[-77.6736,36.3617],[-77.6865,36.3551],[-77.6852,36.3436],[-77.6709,36.3386],[-77.658,36.3452],[-77.6593,36.3568],[-77.6736,36.3617]]]},"properties":{"hex_id":"872af248affffff","value":5.0}},{"type":"Feature","geometry":{"type":"Polygon","coordinates":[[[-77.658,36.3452],[-77.6709,36.3386],[-77.6696,36.327],[-77.6553,36.3221],[-77.6424,36.3287],[-77.6437,36.3402],[-77.658,36.3452]]]},"properties":{"hex_id":"872af248bffffff","value":0.17}},{"type":"Feature","geometry":{"type":"Polygon","coordinates":[[[-77.6347,36.3816],[-77.6477,36.3749],[-77.6463,36.3634],[-77.6321,36.3584],[-77.6191,36.365],[-77.6204,36.3766],[-77.6347,36.3816]]]},"properties":{"hex_id":"872af248cffffff","value":0.71}},{"type":"Feature","geometry":{"type":"Polygon","coordinates":[[[-77.6191,36.365],[-77.6321,36.3584],[-77.6307,36.3468],[-77.6165,36.3419],[-77.6035,36.3485],[-77.6048,36.3601],[-77.6191,36.365]]]},"properties":{"hex_id":"872af248dffffff","value":2.98}},{"type":"Feature","geometry":{"type":"Polygon","coordinates":[[[-77.6619,36.3799],[-77.6749,36.3733],[-77.6736,36.3617],[-77.6593,36.3568],[-77.6463,36.3634],[-77.6477,36.3749],[-77.6619,36.3799]]]},"properties":{"hex_id":"872af248effffff","value":4.36}},{"type":"Feature","geometry":{"type":"Polygon","coordinates":[[[-77.7361,36.4279],[-77.7491,36.4212],[-77.7477,36.4097],[-77.7334,36.4047],[-77.7205,36.4113],[-77.7218,36.4229],[-77.7361,36.4279]]]},"properties":{"hex_id":"872af2490ffffff","value":-2.56}},{"type":"Feature","geometry":{"type":"Polygon","coordinates":[[[-77.7205,36.4113],[-77.7334,36.4047],[-77.7321,36.3931],[-77.7178,36.3882],[-77.7048,36.3948],[-77.7062,36.4064],[-77.7205,36.4113]]]},"properties":{"hex_id":"872af2491ffffff","value":2.05}},{"type":"Feature","geometry":{"type":"Polygon","coordinates":[[[-77.7634,36.4262],[-77.7763,36.4196],[-77.775,36.408],[-77.7607,36.403],[-77.7477,36.4097],[-77.7491,36.4212],[-77.7634,36.4262]]]},"properties":{"hex_id":"872af2492ffffff","value":4.08}},{"type":"Feature","geometry":{"type":"Polygon","coordinates":[[[-77.7477,36.4097],[-77.7607,36.403],[-77.7593,36.3915],[-77.745,36.3865],[-77.7321,36.3931],[-77.7334,36.4047],[-77.7477,36.4097]]]},"properties":{"hex_id":"872af2493ffffff","value":-2.6}},{"type":"Feature","geometry":{"type":"Polygon","coordinates":[[[-77.7245,36.4461],[-77.7374,36.4394],[-77.7361,36.4279],[-77.7218,36.4229],[-77.7088,36.4295],[-77.7102,36.4411],[-77.7245,36.4461]]]},"properties":{"hex_id":"872af2494ffffff","value":0.99}},{"type":"Feature","geometry":{"type":"Polygon","coordinates":[[[-77.7088,36.4295],[-77.7218,36.4229],[-77.7205,36.4113],[-77.7062,36.4064],[-77.6932,36.413],[-77.6945,36.4246],[-77.7088,36.4295]]]},"properties":{"hex_id":"872af2495ffffff","value":0.8}},{"type":"Feature","geometry":{"type":"Polygon","coordinates":[[[-77.7518,36.4444],[-77.7647,36.4378],[-77.7634,36.4262],[-77.7491,36.4212],[-77.7361,36.4279],[-77.7374,36.4394],[-77.7518,36.4444]]]},"properties":{"hex_id":"872af2496ffffff","value":6.45}},{"type":"Feature","geometry":{"type":"Polygon","coordinates":[[[-77.7165,36.3766],[-77.7294,36.37],[-77.7281,36.3584],[-77.7138,36.3535],[-77.7008,36.3601],[-77.7022,36.3716],[-77.7165,36.3766]]]},"properties":{"hex_id":"872af2498ffffff","value":5.93}},{"type":"Feature","geometry":{"type":"Polygon","coordinates":[[[-77.7008,36.3601],[-77.7138,36.3535],[-77.7125,36.3419],[-77.6982,36.3369],[-77.6852,36.3436],[-77.6865,36.3551],[-77.7008,36.3601]]]},"properties":{"hex_id":"872af2499ffffff","value":9.9}},{"type":"Feature","geometry":{"type":"Polygon","coordinates":[[[-77.7437,36.3749],[-77.7567,36.3683],[-77.7553,36.3568],[-77.741,36.3518],[-77.7281,36.3584],[-77.7294,36.37],[-77.7437,36.3749]]]},"properties":{"hex_id":"872af249affffff","value":2.65}},{"type":"Feature","geometry":{"type":"Polygon","coordinates":[[[-77.7281,36.3584],[-77.741,36.3518],[-77.7397,36.3402],[-77.7254,36.3353],[-77.7125,36.3419],[-77.7138,36.3535],[-77.7281,36.3584]]]},"properties":{"hex_id":"872af249bffffff","value":13.68}},{"type":"Feature","geometry":{"type":"Polygon","coordinates":[[[-77.7048,36.3948],[-77.7178,36.3882],[-77.7165,36.3766],[-77.7022,36.3716],[-77.6892,36.3783],[-77.6905,36.3898],[-77.7048,36.3948]]]},"properties":{"hex_id":"872af249cffffff","value":-0.83}},{"type":"Feature","geometry":{"type":"Polygon","coordinates":[[[-77.6892,36.3783],[-77.7022,36.3716],[-77.7008,36.3601],[-77.6865,36.3551],[-77.6736,36.3617],[-77.6749,36.3733],[-77.6892,36.3783]]]},"properties":{"hex_id":"872af249dffffff","value":-1.1}},{"type":"Feature","geometry":{"type":"Polygon","coordinates":[[[-77.7321,36.3931],[-77.745,36.3865],[-77.7437,36.3749],[-77.7294,36.37],[-77.7165,36.3766],[-77.7178,36.3882],[-77.7321,36.3931]]]},"properties":{"hex_id":"872af249effffff","value":-2.12}},{"type":"Feature","geometry":{"type":"Polygon","coordinates":[[[-77.6153,36.4527],[-77.6283,36.4461],[-77.627,36.4345],[-77.6127,36.4295],[-77.5997,36.4361],[-77.601,36.4477],[-77.6153,36.4527]]]},"properties":{"hex_id":"872af24a0ffffff","value":-3.02}},{"type":"Feature","geometry":{"type":"Polygon","coordinates":[[[-77.5997,36.4361],[-77.6127,36.4295],[-77.6114,36.4179],[-77.5971,36.4129],[-77.5841,36.4196],[-77.5854,36.4311],[-77.5997,36.4361]]]},"properties":{"hex_id":"872af24a1ffffff","value":-5.62}},{"type":"Feature","geometry":{"type":"Polygon","coordinates":[[[-77.6426,36.451],[-77.6556,36.4444],[-77.6543,36.4328],[-77.6399,36.4279],[-77.627,36.4345],[-77.6283,36.4461],[-77.6426,36.451]]]},"properties":{"hex_id":"872af24a2ffffff","value":-3.85}},{"type":"Feature","geometry":{"type":"Polygon","coordinates":[[[-77.627,36.4345],[-77.6399,36.4279],[-77.6386,36.4163],[-77.6243,36.4113],[-77.6114,36.4179],[-77.6127,36.4295],[-77.627,36.4345]]]},"properties":{"hex_id":"872af24a3ffffff","value":-1.5}},{"type":"Feature","geometry":{"type":"Polygon","coordinates":[[[-77.6036,36.4709],[-77.6166,36.4643],[-77.6153,36.4527],[-77.601,36.4477],[-77.588,36.4543],[-77.5893,36.4659],[-77.6036,36.4709]]]},"properties":{"hex_id":"872af24a4ffffff","value":-4.0}},{"type":"Feature","geometry":{"type":"Polygon","coordinates":[[[-77.588,36.4543],[-77.601,36.4477],[-77.5997,36.4361],[-77.5854,36.4311],[-77.5724,36.4377],[-77.5737,36.4493],[-77.588,36.4543]]]},"properties":{"hex_id":"872af24a5ffffff","value":-4.62}},{"type":"Feature","geometry":{"type":"Polygon","coordinates":[[[-77.6309,36.4692],[-77.6439,36.4626],[-77.6426,36.451],[-77.6283,36.4461],[-77.6153,36.4527],[-77.6166,36.4643],[-77.6309,36.4692]]]},"properties":{"hex_id":"872af24a6ffffff","value":-9.62}},{"type":"Feature","geometry":{"type":"Polygon","coordinates":[[[-77.5958,36.4014],[-77.6087,36.3948],[-77.6074,36.3832],[-77.5931,36.3782],[-77.5802,36.3848],[-77.5815,36.3964],[-77.5958,36.4014]]]},"properties":{"hex_id":"872af24a8ffffff","value":2.59}},{"type":"Feature","geometry":{"type":"Polygon","coordinates":[[[-77.5802,36.3848],[-77.5931,36.3782],[-77.5918,36.3667],[-77.5776,36.3617],[-77.5646,36.3683],[-77.5659,36.3799],[-77.5802,36.3848]]]},"properties":{"hex_id":"872af24a9ffffff","value":-0.3}},{"type":"Feature","geometry":{"type":"Polygon","coordinates":[[[-77.623,36.3997],[-77.636,36.3931],[-77.6347,36.3816],[-77.6204,36.3766],[-77.6074,36.3832],[-77.6087,36.3948],[-77.623,36.3997]]]},"properties":{"hex_id":"872af24aaffffff","value":3.06}},{"type":"Feature","geometry":{"type":"Polygon","coordinates":[[[-77.6074,36.3832],[-77.6204,36.3766],[-77.6191,36.365],[-77.6048,36.3601],[-77.5918,36.3667],[-77.5931,36.3782],[-77.6074,36.3832]]]},"properties":{"hex_id":"872af24abffffff","value":4.54}},{"type":"Feature","geometry":{"type":"Polygon","coordinates":[[[-77.5841,36.4196],[-77.5971,36.4129],[-77.5958,36.4014],[-77.5815,36.3964],[-77.5685,36.403],[-77.5698,36.4146],[-77.5841,36.4196]]]},"properties":{"hex_id":"872af24acffffff","value":-1.73}},{"type":"Feature","geometry":{"type":"Polygon","coordinates":[[[-77.5685,36.403],[-77.5815,36.3964],[-77.5802,36.3848],[-77.5659,36.3799],[-77.5529,36.3865],[-77.5542,36.398],[-77.5685,36.403]]]},"properties":{"hex_id":"872af24adffffff","value":-3.74}},{"type":"Feature","geometry":{"type":"Polygon","coordinates":[[[-77.6114,36.4179],[-77.6243,36.4113],[-77.623,36.3997],[-77.6087,36.3948],[-77.5958,36.4014],[-77.5971,36.4129],[-77.6114,36.4179]]]},"properties":{"hex_id":"872af24aeffffff","value":-1.06}},{"type":"Feature","geometry":{"type":"Polygon","coordinates":[[[-77.6855,36.4659],[-77.6985,36.4593],[-77.6972,36.4477],[-77.6829,36.4428],[-77.6699,36.4494],[-77.6712,36.461],[-77.6855,36.4659]]]},"properties":{"hex_id":"872af24b0ffffff","value":-1.05}},{"type":"Feature","geometry":{"type":"Polygon","coordinates":[[[-77.6699,36.4494],[-77.6829,36.4428],[-77.6815,36.4312],[-77.6672,36.4262],[-77.6543,36.4328],[-77.6556,36.4444],[-77.6699,36.4494]]]},"properties":{"hex_id":"872af24b1ffffff","value":-3.82}},{"type":"Feature","geometry":{"type":"Polygon","coordinates":[[[-77.7128,36.4643],[-77.7258,36.4576],[-77.7245,36.4461],[-77.7102,36.4411],[-77.6972,36.4477],[-77.6985,36.4593],[-77.7128,36.4643]]]},"properties":{"hex_id":"872af24b2ffffff","value":-2.9}},{"type":"Feature","geometry":{"type":"Polygon","coordinates":[[[-77.6972,36.4477],[-77.7102,36.4411],[-77.7088,36.4295],[-77.6945,36.4246],[-77.6815,36.4312],[-77.6829,36.4428],[-77.6972,36.4477]]]},"properties":{"hex_id":"872af24b3ffffff","value":-2.17}},{"type":"Feature","geometry":{"type":"Polygon","coordinates":[[[-77.6739,36.4841],[-77.6869,36.4775],[-77.6855,36.4659],[-77.6712,36.461],[-77.6582,36.4676],[-77.6595,36.4792],[-77.6739,36.4841]]]},"properties":{"hex_id":"872af24b4ffffff","value":-1.11}},{"type":"Feature","geometry":{"type":"Polygon","coordinates":[[[-77.6582,36.4676],[-77.6712,36.461],[-77.6699,36.4494],[-77.6556,36.4444],[-77.6426,36.451],[-77.6439,36.4626],[-77.6582,36.4676]]]},"properties":{"hex_id":"872af24b5ffffff","value":-4.29}},{"type":"Feature","geometry":{"type":"Polygon","coordinates":[[[-77.7012,36.4825],[-77.7142,36.4759],[-77.7128,36.4643],[-77.6985,36.4593],[-77.6855,36.4659],[-77.6869,36.4775],[-77.7012,36.4825]]]},"properties":{"hex_id":"872af24b6ffffff","value":-0.74}},{"type":"Feature","geometry":{"type":"Polygon","coordinates":[[[-77.5568,36.2989],[-77.5698,36.2923],[-77.5685,36.2808],[-77.5542,36.2758],[-77.5413,36.2824],[-77.5426,36.2939],[-77.5568,36.2989]]]},"properties":{"hex_id":"872af24c0ffffff","value":-3.96}},{"type":"Feature","geometry":{"type":"Polygon","coordinates":[[[-77.5413,36.2824],[-77.5542,36.2758],[-77.5529,36.2642],[-77.5387,36.2593],[-77.5257,36.2659],[-77.527,36.2774],[-77.5413,36.2824]]]},"properties":{"hex_id":"872af24c1ffffff","value":7.24}},{"type":"Feature","geometry":{"type":"Polygon","coordinates":[[[-77.584,36.2973],[-77.597,36.2907],[-77.5957,36.2791],[-77.5814,36.2742],[-77.5685,36.2808],[-77.5698,36.2923],[-77.584,36.2973]]]},"properties":{"hex_id":"872af24c2ffffff","value":-1.49}},{"type":"Feature","geometry":{"type":"Polygon","coordinates":[[[-77.5685,36.2808],[-77.5814,36.2742],[-77.5801,36.2626],[-77.5659,36.2576],[-77.5529,36.2642],[-77.5542,36.2758],[-77.5685,36.2808]]]},"properties":{"hex_id":"872af24c3ffffff","value":0.71}},{"type":"Feature","geometry":{"type":"Polygon","coordinates":[[[-77.5451,36.317],[-77.5581,36.3105],[-77.5568,36.2989],[-77.5426,36.2939],[-77.5296,36.3005],[-77.5309,36.3121],[-77.5451,36.317]]]},"properties":{"hex_id":"872af24c4ffffff","value":-14.0}},{"type":"Feature","geometry":{"type":"Polygon","coordinates":[[[-77.5296,36.3005],[-77.5426,36.2939],[-77.5413,36.2824],[-77.527,36.2774],[-77.5141,36.284],[-77.5153,36.2955],[-77.5296,36.3005]]]},"properties":{"hex_id":"872af24c5ffffff","value":0.91}},{"type":"Feature","geometry":{"type":"Polygon","coordinates":[[[-77.5724,36.3154],[-77.5853,36.3088],[-77.584,36.2973],[-77.5698,36.2923],[-77.5568,36.2989],[-77.5581,36.3105],[-77.5724,36.3154]]]},"properties":{"hex_id":"872af24c6ffffff","value":-2.29}},{"type":"Feature","geometry":{"type":"Polygon","coordinates":[[[-77.5374,36.2477],[-77.5503,36.2411],[-77.5491,36.2296],[-77.5348,36.2246],[-77.5219,36.2312],[-77.5232,36.2428],[-77.5374,36.2477]]]},"properties":{"hex_id":"872af24c8ffffff","value":1.49}},{"type":"Feature","geometry":{"type":"Polygon","coordinates":[[[-77.5219,36.2312],[-77.5348,36.2246],[-77.5335,36.2131],[-77.5193,36.2081],[-77.5064,36.2147],[-77.5077,36.2262],[-77.5219,36.2312]]]},"properties":{"hex_id":"872af24c9ffffff","value":-0.92}},{"type":"Feature","geometry":{"type":"Polygon","coordinates":[[[-77.5646,36.2461],[-77.5775,36.2395],[-77.5762,36.228],[-77.562,36.223],[-77.5491,36.2296],[-77.5503,36.2411],[-77.5646,36.2461]]]},"properties":{"hex_id":"872af24caffffff","value":1.62}},{"type":"Feature","geometry":{"type":"Polygon","coordinates":[[[-77.5491,36.2296],[-77.562,36.223],[-77.5607,36.2115],[-77.5465,36.2065],[-77.5335,36.2131],[-77.5348,36.2246],[-77.5491,36.2296]]]},"properties":{"hex_id":"872af24cbffffff","value":2.59}},{"type":"Feature","geometry":{"type":"Polygon","coordinates":[[[-77.5257,36.2659],[-77.5387,36.2593],[-77.5374,36.2477],[-77.5232,36.2428],[-77.5102,36.2493],[-77.5115,36.2609],[-77.5257,36.2659]]]},"properties":{"hex_id":"872af24ccffffff","value":0.87}},{"type":"Feature","geometry":{"type":"Polygon","coordinates":[[[-77.5102,36.2493],[-77.5232,36.2428],[-77.5219,36.2312],[-77.5077,36.2262],[-77.4947,36.2328],[-77.496,36.2444],[-77.5102,36.2493]]]},"properties":{"hex_id":"872af24cdffffff","value":2.83}},{"type":"Feature","geometry":{"type":"Polygon","coordinates":[[[-77.5529,36.2642],[-77.5659,36.2576],[-77.5646,36.2461],[-77.5503,36.2411],[-77.5374,36.2477],[-77.5387,36.2593],[-77.5529,36.2642]]]},"properties":{"hex_id":"872af24ceffffff","value":-0.55}},{"type":"Feature","geometry":{"type":"Polygon","coordinates":[[[-77.6268,36.3122],[-77.6398,36.3056],[-77.6384,36.294],[-77.6242,36.289],[-77.6112,36.2956],[-77.6125,36.3072],[-77.6268,36.3122]]]},"properties":{"hex_id":"872af24d0ffffff","value":-1.8}},{"type":"Feature","geometry":{"type":"Polygon","coordinates":[[[-77.6112,36.2956],[-77.6242,36.289],[-77.6229,36.2775],[-77.6086,36.2725],[-77.5957,36.2791],[-77.597,36.2907],[-77.6112,36.2956]]]},"properties":{"hex_id":"872af24d1ffffff","value":-0.72}},{"type":"Feature","geometry":{"type":"Polygon","coordinates":[[[-77.654,36.3105],[-77.667,36.3039],[-77.6657,36.2924],[-77.6514,36.2874],[-77.6384,36.294],[-77.6398,36.3056],[-77.654,36.3105]]]},"properties":{"hex_id":"872af24d2ffffff","value":-5.1}},{"type":"Feature","geometry":{"type":"Polygon","coordinates":[[[-77.6384,36.294],[-77.6514,36.2874],[-77.6501,36.2759],[-77.6358,36.2709],[-77.6229,36.2775],[-77.6242,36.289],[-77.6384,36.294]]]},"properties":{"hex_id":"872af24d3ffffff","value":-4.06}},{"type":"Feature","geometry":{"type":"Polygon","coordinates":[[[-77.6152,36.3303],[-77.6281,36.3237],[-77.6268,36.3122],[-77.6125,36.3072],[-77.5996,36.3138],[-77.6009,36.3254],[-77.6152,36.3303]]]},"properties":{"hex_id":"872af24d4ffffff","value":-0.81}},{"type":"Feature","geometry":{"type":"Polygon","coordinates":[[[-77.5996,36.3138],[-77.6125,36.3072],[-77.6112,36.2956],[-77.597,36.2907],[-77.584,36.2973],[-77.5853,36.3088],[-77.5996,36.3138]]]},"properties":{"hex_id":"872af24d5ffffff","value":-3.0}},{"type":"Feature","geometry":{"type":"Polygon","coordinates":[[[-77.6424,36.3287],[-77.6553,36.3221],[-77.654,36.3105],[-77.6398,36.3056],[-77.6268,36.3122],[-77.6281,36.3237],[-77.6424,36.3287]]]},"properties":{"hex_id":"872af24d6ffffff","value":-1.71}},{"type":"Feature","geometry":{"type":"Polygon","coordinates":[[[-77.6073,36.261],[-77.6203,36.2544],[-77.619,36.2428],[-77.6047,36.2379],[-77.5918,36.2445],[-77.5931,36.256],[-77.6073,36.261]]]},"properties":{"hex_id":"872af24d8ffffff","value":-1.98}},{"type":"Feature","geometry":{"type":"Polygon","coordinates":[[[-77.5918,36.2445],[-77.6047,36.2379],[-77.6034,36.2263],[-77.5892,36.2214],[-77.5762,36.228],[-77.5775,36.2395],[-77.5918,36.2445]]]},"properties":{"hex_id":"872af24d9ffffff","value":-0.63}},{"type":"Feature","geometry":{"type":"Polygon","coordinates":[[[-77.6345,36.2593],[-77.6474,36.2528],[-77.6461,36.2412],[-77.6319,36.2363],[-77.619,36.2428],[-77.6203,36.2544],[-77.6345,36.2593]]]},"properties":{"hex_id":"872af24daffffff","value":-1.26}},{"type":"Feature","geometry":{"type":"Polygon","coordinates":[[[-77.619,36.2428],[-77.6319,36.2363],[-77.6306,36.2247],[-77.6163,36.2198],[-77.6034,36.2263],[-77.6047,36.2379],[-77.619,36.2428]]]},"properties":{"hex_id":"872af24dbffffff","value":-5.1}},{"type":"Feature","geometry":{"type":"Polygon","coordinates":[[[-77.5957,36.2791],[-77.6086,36.2725],[-77.6073,36.261],[-77.5931,36.256],[-77.5801,36.2626],[-77.5814,36.2742],[-77.5957,36.2791]]]},"properties":{"hex_id":"872af24dcffffff","value":0.96}},{"type":"Feature","geometry":{"type":"Polygon","coordinates":[[[-77.5801,36.2626],[-77.5931,36.256],[-77.5918,36.2445],[-77.5775,36.2395],[-77.5646,36.2461],[-77.5659,36.2576],[-77.5801,36.2626]]]},"properties":{"hex_id":"872af24ddffffff","value":0.99}},{"type":"Feature","geometry":{"type":"Polygon","coordinates":[[[-77.6229,36.2775],[-77.6358,36.2709],[-77.6345,36.2593],[-77.6203,36.2544],[-77.6073,36.261],[-77.6086,36.2725],[-77.6229,36.2775]]]},"properties":{"hex_id":"872af24deffffff","value":-2.26}},{"type":"Feature","geometry":{"type":"Polygon","coordinates":[[[-77.5062,36.3368],[-77.5192,36.3302],[-77.5179,36.3187],[-77.5037,36.3137],[-77.4907,36.3203],[-77.492,36.3318],[-77.5062,36.3368]]]},"properties":{"hex_id":"872af24e0ffffff","value":0.03}},{"type":"Feature","geometry":{"type":"Polygon","coordinates":[[[-77.4907,36.3203],[-77.5037,36.3137],[-77.5024,36.3021],[-77.4881,36.2972],[-77.4752,36.3037],[-77.4764,36.3153],[-77.4907,36.3203]]]},"properties":{"hex_id":"872af24e1ffffff","value":0.35}},{"type":"Feature","geometry":{"type":"Polygon","coordinates":[[[-77.5335,36.3352],[-77.5464,36.3286],[-77.5451,36.317],[-77.5309,36.3121],[-77.5179,36.3187],[-77.5192,36.3302],[-77.5335,36.3352]]]},"properties":{"hex_id":"872af24e2ffffff","value":-6.29}},{"type":"Feature","geometry":{"type":"Polygon","coordinates":[[[-77.5179,36.3187],[-77.5309,36.3121],[-77.5296,36.3005],[-77.5153,36.2955],[-77.5024,36.3021],[-77.5037,36.3137],[-77.5179,36.3187]]]},"properties":{"hex_id":"872af24e3ffffff","value":1.3}},{"type":"Feature","geometry":{"type":"Polygon","coordinates":[[[-77.4945,36.355],[-77.5075,36.3484],[-77.5062,36.3368],[-77.492,36.3318],[-77.479,36.3384],[-77.4803,36.35],[-77.4945,36.355]]]},"properties":{"hex_id":"872af24e4ffffff","value":-3.08}},{"type":"Feature","geometry":{"type":"Polygon","coordinates":[[[-77.479,36.3384],[-77.492,36.3318],[-77.4907,36.3203],[-77.4764,36.3153],[-77.4635,36.3219],[-77.4647,36.3334],[-77.479,36.3384]]]},"properties":{"hex_id":"872af24e5ffffff","value":-0.03}},{"type":"Feature","geometry":{"type":"Polygon","coordinates":[[[-77.5218,36.3534],[-77.5348,36.3468],[-77.5335,36.3352],[-77.5192,36.3302],[-77.5062,36.3368],[-77.5075,36.3484],[-77.5218,36.3534]]]},"properties":{"hex_id":"872af24e6ffffff","value":-1.61}},{"type":"Feature","geometry":{"type":"Polygon","coordinates":[[[-77.4869,36.2856],[-77.4998,36.279],[-77.4985,36.2675],[-77.4843,36.2625],[-77.4713,36.2691],[-77.4726,36.2806],[-77.4869,36.2856]]]},"properties":{"hex_id":"872af24e8ffffff","value":-0.96}},{"type":"Feature","geometry":{"type":"Polygon","coordinates":[[[-77.4713,36.2691],[-77.4843,36.2625],[-77.483,36.2509],[-77.4688,36.246],[-77.4558,36.2525],[-77.4571,36.2641],[-77.4713,36.2691]]]},"properties":{"hex_id":"872af24e9ffffff","value":0.88}},{"type":"Feature","geometry":{"type":"Polygon","coordinates":[[[-77.5141,36.284],[-77.527,36.2774],[-77.5257,36.2659],[-77.5115,36.2609],[-77.4985,36.2675],[-77.4998,36.279],[-77.5141,36.284]]]},"properties":{"hex_id":"872af24eaffffff","value":1.34}},{"type":"Feature","geometry":{"type":"Polygon","coordinates":[[[-77.4985,36.2675],[-77.5115,36.2609],[-77.5102,36.2493],[-77.496,36.2444],[-77.483,36.2509],[-77.4843,36.2625],[-77.4985,36.2675]]]},"properties":{"hex_id":"872af24ebffffff","value":-0.06}},{"type":"Feature","geometry":{"type":"Polygon","coordinates":[[[-77.4752,36.3037],[-77.4881,36.2972],[-77.4869,36.2856],[-77.4726,36.2806],[-77.4596,36.2872],[-77.4609,36.2988],[-77.4752,36.3037]]]},"properties":{"hex_id":"872af24ecffffff","value":-0.39}},{"type":"Feature","geometry":{"type":"Polygon","coordinates":[[[-77.4596,36.2872],[-77.4726,36.2806],[-77.4713,36.2691],[-77.4571,36.2641],[-77.4441,36.2707],[-77.4454,36.2822],[-77.4596,36.2872]]]},"properties":{"hex_id":"872af24edffffff","value":-1.99}},{"type":"Feature","geometry":{"type":"Polygon","coordinates":[[[-77.5024,36.3021],[-77.5153,36.2955],[-77.5141,36.284],[-77.4998,36.279],[-77.4869,36.2856],[-77.4881,36.2972],[-77.5024,36.3021]]]},"properties":{"hex_id":"872af24eeffffff","value":3.95}},{"type":"Feature","geometry":{"type":"Polygon","coordinates":[[[-77.5763,36.3501],[-77.5892,36.3435],[-77.5879,36.332],[-77.5737,36.327],[-77.5607,36.3336],[-77.562,36.3451],[-77.5763,36.3501]]]},"properties":{"hex_id":"872af24f0ffffff","value":-13.08}},{"type":"Feature","geometry":{"type":"Polygon","coordinates":[[[-77.5607,36.3336],[-77.5737,36.327],[-77.5724,36.3154],[-77.5581,36.3105],[-77.5451,36.317],[-77.5464,36.3286],[-77.5607,36.3336]]]},"properties":{"hex_id":"872af24f1ffffff","value":-9.8}},{"type":"Feature","geometry":{"type":"Polygon","coordinates":[[[-77.6035,36.3485],[-77.6165,36.3419],[-77.6152,36.3303],[-77.6009,36.3254],[-77.5879,36.332],[-77.5892,36.3435],[-77.6035,36.3485]]]},"properties":{"hex_id":"872af24f2ffffff","value":2.02}},{"type":"Feature","geometry":{"type":"Polygon","coordinates":[[[-77.5879,36.332],[-77.6009,36.3254],[-77.5996,36.3138],[-77.5853,36.3088],[-77.5724,36.3154],[-77.5737,36.327],[-77.5879,36.332]]]},"properties":{"hex_id":"872af24f3ffffff","value":0.69}},{"type":"Feature","geometry":{"type":"Polygon","coordinates":[[[-77.5646,36.3683],[-77.5776,36.3617],[-77.5763,36.3501],[-77.562,36.3451],[-77.549,36.3517],[-77.5503,36.3633],[-77.5646,36.3683]]]},"properties":{"hex_id":"872af24f4ffffff","value":-10.15}},{"type":"Feature","geometry":{"type":"Polygon","coordinates":[[[-77.549,36.3517],[-77.562,36.3451],[-77.5607,36.3336],[-77.5464,36.3286],[-77.5335,36.3352],[-77.5348,36.3468],[-77.549,36.3517]]]},"properties":{"hex_id":"872af24f5ffffff","value":-11.12}},{"type":"Feature","geometry":{"type":"Polygon","coordinates":[[[-77.5918,36.3667],[-77.6048,36.3601],[-77.6035,36.3485],[-77.5892,36.3435],[-77.5763,36.3501],[-77.5776,36.3617],[-77.5918,36.3667]]]},"properties":{"hex_id":"872af24f6ffffff","value":1.03}},{"type":"Feature","geometry":{"type":"Polygon","coordinates":[[[-77.3926,36.5534],[-77.4057,36.5468],[-77.4044,36.5352],[-77.3901,36.5301],[-77.3771,36.5367],[-77.3783,36.5483],[-77.3926,36.5534]]]},"properties":{"hex_id":"872af2500ffffff","value":-3.55}},{"type":"Feature","geometry":{"type":"Polygon","coordinates":[[[-77.3771,36.5367],[-77.3901,36.5301],[-77.3888,36.5185],[-77.3745,36.5135],[-77.3615,36.5201],[-77.3627,36.5317],[-77.3771,36.5367]]]},"properties":{"hex_id":"872af2501ffffff","value":-4.38}},{"type":"Feature","geometry":{"type":"Polygon","coordinates":[[[-77.42,36.5518],[-77.433,36.5452],[-77.4318,36.5336],[-77.4174,36.5286],[-77.4044,36.5352],[-77.4057,36.5468],[-77.42,36.5518]]]},"properties":{"hex_id":"872af2502ffffff","value":-0.56}},{"type":"Feature","geometry":{"type":"Polygon","coordinates":[[[-77.4044,36.5352],[-77.4174,36.5286],[-77.4162,36.517],[-77.4019,36.512],[-77.3888,36.5185],[-77.3901,36.5301],[-77.4044,36.5352]]]},"properties":{"hex_id":"872af2503ffffff","value":-0.16}},{"type":"Feature","geometry":{"type":"Polygon","coordinates":[[[-77.3653,36.5549],[-77.3783,36.5483],[-77.3771,36.5367],[-77.3627,36.5317],[-77.3497,36.5383],[-77.3509,36.5499],[-77.3653,36.5549]]]},"properties":{"hex_id":"872af2505ffffff","value":-5.78}},{"type":"Feature","geometry":{"type":"Polygon","coordinates":[[[-77.3733,36.5019],[-77.3863,36.4954],[-77.3851,36.4838],[-77.3708,36.4788],[-77.3577,36.4853],[-77.359,36.4969],[-77.3733,36.5019]]]},"properties":{"hex_id":"872af2508ffffff","value":0.25}},{"type":"Feature","geometry":{"type":"Polygon","coordinates":[[[-77.3577,36.4853],[-77.3708,36.4788],[-77.3695,36.4672],[-77.3552,36.4622],[-77.3422,36.4687],[-77.3434,36.4803],[-77.3577,36.4853]]]},"properties":{"hex_id":"872af2509ffffff","value":3.7}},{"type":"Feature","geometry":{"type":"Polygon","coordinates":[[[-77.4006,36.5004],[-77.4136,36.4938],[-77.4124,36.4822],[-77.3981,36.4772],[-77.3851,36.4838],[-77.3863,36.4954],[-77.4006,36.5004]]]},"properties":{"hex_id":"872af250affffff","value":-1.65}},{"type":"Feature","geometry":{"type":"Polygon","coordinates":[[[-77.3851,36.4838],[-77.3981,36.4772],[-77.3968,36.4656],[-77.3825,36.4606],[-77.3695,36.4672],[-77.3708,36.4788],[-77.3851,36.4838]]]},"properties":{"hex_id":"872af250bffffff","value":-0.03}},{"type":"Feature","geometry":{"type":"Polygon","coordinates":[[[-77.3615,36.5201],[-77.3745,36.5135],[-77.3733,36.5019],[-77.359,36.4969],[-77.3459,36.5035],[-77.3472,36.5151],[-77.3615,36.5201]]]},"properties":{"hex_id":"872af250cffffff","value":-1.83}},{"type":"Feature","geometry":{"type":"Polygon","coordinates":[[[-77.3459,36.5035],[-77.359,36.4969],[-77.3577,36.4853],[-77.3434,36.4803],[-77.3304,36.4869],[-77.3317,36.4985],[-77.3459,36.5035]]]},"properties":{"hex_id":"872af250dffffff","value":4.2}},{"type":"Feature","geometry":{"type":"Polygon","coordinates":[[[-77.3888,36.5185],[-77.4019,36.512],[-77.4006,36.5004],[-77.3863,36.4954],[-77.3733,36.5019],[-77.3745,36.5135],[-77.3888,36.5185]]]},"properties":{"hex_id":"872af250effffff","value":-0.94}},{"type":"Feature","geometry":{"type":"Polygon","coordinates":[[[-77.4473,36.5502],[-77.4604,36.5436],[-77.4591,36.532],[-77.4448,36.527],[-77.4318,36.5336],[-77.433,36.5452],[-77.4473,36.5502]]]},"properties":{"hex_id":"872af2511ffffff","value":-4.23}},{"type":"Feature","geometry":{"type":"Polygon","coordinates":[[[-77.4747,36.5486],[-77.4877,36.5419],[-77.4865,36.5303],[-77.4721,36.5254],[-77.4591,36.532],[-77.4604,36.5436],[-77.4747,36.5486]]]},"properties":{"hex_id":"872af2513ffffff","value":-9.0}},{"type":"Feature","geometry":{"type":"Polygon","coordinates":[[[-77.4435,36.5154],[-77.4566,36.5088],[-77.4553,36.4972],[-77.441,36.4922],[-77.4279,36.4988],[-77.4292,36.5104],[-77.4435,36.5154]]]},"properties":{"hex_id":"872af2518ffffff","value":-4.46}},{"type":"Feature","geometry":{"type":"Polygon","coordinates":[[[-77.4279,36.4988],[-77.441,36.4922],[-77.4397,36.4806],[-77.4254,36.4756],[-77.4124,36.4822],[-77.4136,36.4938],[-77.4279,36.4988]]]},"properties":{"hex_id":"872af2519ffffff","value":-4.09}},{"type":"Feature","geometry":{"type":"Polygon","coordinates":[[[-77.4709,36.5138],[-77.4839,36.5071],[-77.4826,36.4956],[-77.4683,36.4906],[-77.4553,36.4972],[-77.4566,36.5088],[-77.4709,36.5138]]]},"properties":{"hex_id":"872af251affffff","value":-6.57}},{"type":"Feature","geometry":{"type":"Polygon","coordinates":[[[-77.4553,36.4972],[-77.4683,36.4906],[-77.467,36.479],[-77.4527,36.474],[-77.4397,36.4806],[-77.441,36.4922],[-77.4553,36.4972]]]},"properties":{"hex_id":"872af251bffffff","value":-4.67}},{"type":"Feature","geometry":{"type":"Polygon","coordinates":[[[-77.4318,36.5336],[-77.4448,36.527],[-77.4435,36.5154],[-77.4292,36.5104],[-77.4162,36.517],[-77.4174,36.5286],[-77.4318,36.5336]]]},"properties":{"hex_id":"872af251cffffff","value":-0.22}},{"type":"Feature","geometry":{"type":"Polygon","coordinates":[[[-77.4162,36.517],[-77.4292,36.5104],[-77.4279,36.4988],[-77.4136,36.4938],[-77.4006,36.5004],[-77.4019,36.512],[-77.4162,36.517]]]},"properties":{"hex_id":"872af251dffffff","value":0.33}},{"type":"Feature","geometry":{"type":"Polygon","coordinates":[[[-77.4591,36.532],[-77.4721,36.5254],[-77.4709,36.5138],[-77.4566,36.5088],[-77.4435,36.5154],[-77.4448,36.527],[-77.4591,36.532]]]},"properties":{"hex_id":"872af251effffff","value":-5.4}},{"type":"Feature","geometry":{"type":"Polygon","coordinates":[[[-77.3223,36.5399],[-77.3354,36.5333],[-77.3341,36.5217],[-77.3198,36.5167],[-77.3068,36.5233],[-77.308,36.5349],[-77.3223,36.5399]]]},"properties":{"hex_id":"872af2528ffffff","value":-1.54}},{"type":"Feature","geometry":{"type":"Polygon","coordinates":[[[-77.3068,36.5233],[-77.3198,36.5167],[-77.3186,36.5051],[-77.3043,36.5001],[-77.2913,36.5067],[-77.2925,36.5183],[-77.3068,36.5233]]]},"properties":{"hex_id":"872af2529ffffff","value":4.32}},{"type":"Feature","geometry":{"type":"Polygon","coordinates":[[[-77.3497,36.5383],[-77.3627,36.5317],[-77.3615,36.5201],[-77.3472,36.5151],[-77.3341,36.5217],[-77.3354,36.5333],[-77.3497,36.5383]]]},"properties":{"hex_id":"872af252affffff","value":-4.68}},{"type":"Feature","geometry":{"type":"Polygon","coordinates":[[[-77.3341,36.5217],[-77.3472,36.5151],[-77.3459,36.5035],[-77.3317,36.4985],[-77.3186,36.5051],[-77.3198,36.5167],[-77.3341,36.5217]]]},"properties":{"hex_id":"872af252bffffff","value":2.38}},{"type":"Feature","geometry":{"type":"Polygon","coordinates":[[[-77.295,36.5415],[-77.308,36.5349],[-77.3068,36.5233],[-77.2925,36.5183],[-77.2794,36.5249],[-77.2807,36.5365],[-77.295,36.5415]]]},"properties":{"hex_id":"872af252dffffff","value":1.73}},{"type":"Feature","geometry":{"type":"Polygon","coordinates":[[[-77.3379,36.5565],[-77.3509,36.5499],[-77.3497,36.5383],[-77.3354,36.5333],[-77.3223,36.5399],[-77.3236,36.5515],[-77.3379,36.5565]]]},"properties":{"hex_id":"872af252effffff","value":-3.2}},{"type":"Feature","geometry":{"type":"Polygon","coordinates":[[[-77.2839,36.4371],[-77.2969,36.4305],[-77.2957,36.419],[-77.2814,36.414],[-77.2684,36.4205],[-77.2696,36.4321],[-77.2839,36.4371]]]},"properties":{"hex_id":"872af2540ffffff","value":0.13}},{"type":"Feature","geometry":{"type":"Polygon","coordinates":[[[-77.2684,36.4205],[-77.2814,36.414],[-77.2802,36.4024],[-77.2659,36.3974],[-77.2529,36.4039],[-77.2541,36.4155],[-77.2684,36.4205]]]},"properties":{"hex_id":"872af2541ffffff","value":-2.64}},{"type":"Feature","geometry":{"type":"Polygon","coordinates":[[[-77.3112,36.4356],[-77.3242,36.429],[-77.3229,36.4174],[-77.3087,36.4124],[-77.2957,36.419],[-77.2969,36.4305],[-77.3112,36.4356]]]},"properties":{"hex_id":"872af2542ffffff","value":-0.5}},{"type":"Feature","geometry":{"type":"Polygon","coordinates":[[[-77.2957,36.419],[-77.3087,36.4124],[-77.3074,36.4008],[-77.2932,36.3958],[-77.2802,36.4024],[-77.2814,36.414],[-77.2957,36.419]]]},"properties":{"hex_id":"872af2543ffffff","value":-0.97}},{"type":"Feature","geometry":{"type":"Polygon","coordinates":[[[-77.2721,36.4553],[-77.2851,36.4487],[-77.2839,36.4371],[-77.2696,36.4321],[-77.2566,36.4387],[-77.2578,36.4503],[-77.2721,36.4553]]]},"properties":{"hex_id":"872af2544ffffff","value":0.26}},{"type":"Feature","geometry":{"type":"Polygon","coordinates":[[[-77.2566,36.4387],[-77.2696,36.4321],[-77.2684,36.4205],[-77.2541,36.4155],[-77.2411,36.4221],[-77.2423,36.4337],[-77.2566,36.4387]]]},"properties":{"hex_id":"872af2545ffffff","value":-1.2}},{"type":"Feature","geometry":{"type":"Polygon","coordinates":[[[-77.2994,36.4537],[-77.3124,36.4471],[-77.3112,36.4356],[-77.2969,36.4305],[-77.2839,36.4371],[-77.2851,36.4487],[-77.2994,36.4537]]]},"properties":{"hex_id":"872af2546ffffff","value":4.27}},{"type":"Feature","geometry":{"type":"Polygon","coordinates":[[[-77.2647,36.3858],[-77.2777,36.3792],[-77.2765,36.3676],[-77.2622,36.3626],[-77.2492,36.3692],[-77.2504,36.3808],[-77.2647,36.3858]]]},"properties":{"hex_id":"872af2548ffffff","value":0.33}},{"type":"Feature","geometry":{"type":"Polygon","coordinates":[[[-77.2492,36.3692],[-77.2622,36.3626],[-77.261,36.3511],[-77.2468,36.3461],[-77.2338,36.3526],[-77.235,36.3642],[-77.2492,36.3692]]]},"properties":{"hex_id":"872af2549ffffff","value":-3.1}},{"type":"Feature","geometry":{"type":"Polygon","coordinates":[[[-77.292,36.3842],[-77.305,36.3777],[-77.3037,36.3661],[-77.2895,36.3611],[-77.2765,36.3676],[-77.2777,36.3792],[-77.292,36.3842]]]},"properties":{"hex_id":"872af254affffff","value":0.28}},{"type":"Feature","geometry":{"type":"Polygon","coordinates":[[[-77.2765,36.3676],[-77.2895,36.3611],[-77.2883,36.3495],[-77.274,36.3445],[-77.261,36.3511],[-77.2622,36.3626],[-77.2765,36.3676]]]},"properties":{"hex_id":"872af254bffffff","value":0.51}},{"type":"Feature","geometry":{"type":"Polygon","coordinates":[[[-77.2529,36.4039],[-77.2659,36.3974],[-77.2647,36.3858],[-77.2504,36.3808],[-77.2374,36.3873],[-77.2386,36.3989],[-77.2529,36.4039]]]},"properties":{"hex_id":"872af254cffffff","value":-1.0}},{"type":"Feature","geometry":{"type":"Polygon","coordinates":[[[-77.2374,36.3873],[-77.2504,36.3808],[-77.2492,36.3692],[-77.235,36.3642],[-77.2219,36.3707],[-77.2232,36.3823],[-77.2374,36.3873]]]},"properties":{"hex_id":"872af254dffffff","value":-5.9}},{"type":"Feature","geometry":{"type":"Polygon","coordinates":[[[-77.2802,36.4024],[-77.2932,36.3958],[-77.292,36.3842],[-77.2777,36.3792],[-77.2647,36.3858],[-77.2659,36.3974],[-77.2802,36.4024]]]},"properties":{"hex_id":"872af254effffff","value":-1.45}},{"type":"Feature","geometry":{"type":"Polygon","coordinates":[[[-77.354,36.4506],[-77.367,36.444],[-77.3658,36.4324],[-77.3515,36.4274],[-77.3385,36.434],[-77.3397,36.4456],[-77.354,36.4506]]]},"properties":{"hex_id":"872af2550ffffff","value":-0.17}},{"type":"Feature","geometry":{"type":"Polygon","coordinates":[[[-77.3385,36.434],[-77.3515,36.4274],[-77.3502,36.4158],[-77.336,36.4108],[-77.3229,36.4174],[-77.3242,36.429],[-77.3385,36.434]]]},"properties":{"hex_id":"872af2551ffffff","value":0.45}},{"type":"Feature","geometry":{"type":"Polygon","coordinates":[[[-77.3813,36.449],[-77.3943,36.4424],[-77.3931,36.4308],[-77.3788,36.4258],[-77.3658,36.4324],[-77.367,36.444],[-77.3813,36.449]]]},"properties":{"hex_id":"872af2552ffffff","value":-0.81}},{"type":"Feature","geometry":{"type":"Polygon","coordinates":[[[-77.3658,36.4324],[-77.3788,36.4258],[-77.3775,36.4142],[-77.3633,36.4092],[-77.3502,36.4158],[-77.3515,36.4274],[-77.3658,36.4324]]]},"properties":{"hex_id":"872af2553ffffff","value":-2.14}},{"type":"Feature","geometry":{"type":"Polygon","coordinates":[[[-77.3422,36.4687],[-77.3552,36.4622],[-77.354,36.4506],[-77.3397,36.4456],[-77.3267,36.4521],[-77.3279,36.4637],[-77.3422,36.4687]]]},"properties":{"hex_id":"872af2554ffffff","value":4.59}},{"type":"Feature","geometry":{"type":"Polygon","coordinates":[[[-77.3267,36.4521],[-77.3397,36.4456],[-77.3385,36.434],[-77.3242,36.429],[-77.3112,36.4356],[-77.3124,36.4471],[-77.3267,36.4521]]]},"properties":{"hex_id":"872af2555ffffff","value":6.79}},{"type":"Feature","geometry":{"type":"Polygon","coordinates":[[[-77.3695,36.4672],[-77.3825,36.4606],[-77.3813,36.449],[-77.367,36.444],[-77.354,36.4506],[-77.3552,36.4622],[-77.3695,36.4672]]]},"properties":{"hex_id":"872af2556ffffff","value":4.44}},{"type":"Feature","geometry":{"type":"Polygon","coordinates":[[[-77.3347,36.3992],[-77.3477,36.3927],[-77.3465,36.3811],[-77.3322,36.3761],[-77.3192,36.3827],[-77.3205,36.3942],[-77.3347,36.3992]]]},"properties":{"hex_id":"872af2558ffffff","value":2.06}},{"type":"Feature","geometry":{"type":"Polygon","coordinates":[[[-77.3192,36.3827],[-77.3322,36.3761],[-77.331,36.3645],[-77.3168,36.3595],[-77.3037,36.3661],[-77.305,36.3777],[-77.3192,36.3827]]]},"properties":{"hex_id":"872af2559ffffff","value":2.76}},{"type":"Feature","geometry":{"type":"Polygon","coordinates":[[[-77.362,36.3977],[-77.375,36.3911],[-77.3738,36.3795],[-77.3595,36.3745],[-77.3465,36.3811],[-77.3477,36.3927],[-77.362,36.3977]]]},"properties":{"hex_id":"872af255affffff","value":-1.37}},{"type":"Feature","geometry":{"type":"Polygon","coordinates":[[[-77.3465,36.3811],[-77.3595,36.3745],[-77.3583,36.3629],[-77.344,36.3579],[-77.331,36.3645],[-77.3322,36.3761],[-77.3465,36.3811]]]},"properties":{"hex_id":"872af255bffffff","value":-0.9}},{"type":"Feature","geometry":{"type":"Polygon","coordinates":[[[-77.3229,36.4174],[-77.336,36.4108],[-77.3347,36.3992],[-77.3205,36.3942],[-77.3074,36.4008],[-77.3087,36.4124],[-77.3229,36.4174]]]},"properties":{"hex_id":"872af255cffffff","value":0.5}},{"type":"Feature","geometry":{"type":"Polygon","coordinates":[[[-77.3074,36.4008],[-77.3205,36.3942],[-77.3192,36.3827],[-77.305,36.3777],[-77.292,36.3842],[-77.2932,36.3958],[-77.3074,36.4008]]]},"properties":{"hex_id":"872af255dffffff","value":1.95}},{"type":"Feature","geometry":{"type":"Polygon","coordinates":[[[-77.3502,36.4158],[-77.3633,36.4092],[-77.362,36.3977],[-77.3477,36.3927],[-77.3347,36.3992],[-77.336,36.4108],[-77.3502,36.4158]]]},"properties":{"hex_id":"872af255effffff","value":4.1}},{"type":"Feature","geometry":{"type":"Polygon","coordinates":[[[-77.2329,36.475],[-77.246,36.4684],[-77.2447,36.4568],[-77.2305,36.4518],[-77.2174,36.4584],[-77.2186,36.47],[-77.2329,36.475]]]},"properties":{"hex_id":"872af2560ffffff","value":-1.65}},{"type":"Feature","geometry":{"type":"Polygon","coordinates":[[[-77.2174,36.4584],[-77.2305,36.4518],[-77.2293,36.4402],[-77.215,36.4352],[-77.2019,36.4418],[-77.2032,36.4534],[-77.2174,36.4584]]]},"properties":{"hex_id":"872af2561ffffff","value":-0.11}},{"type":"Feature","geometry":{"type":"Polygon","coordinates":[[[-77.2602,36.4734],[-77.2733,36.4669],[-77.2721,36.4553],[-77.2578,36.4503],[-77.2447,36.4568],[-77.246,36.4684],[-77.2602,36.4734]]]},"properties":{"hex_id":"872af2562ffffff","value":-2.73}},{"type":"Feature","geometry":{"type":"Polygon","coordinates":[[[-77.2447,36.4568],[-77.2578,36.4503],[-77.2566,36.4387],[-77.2423,36.4337],[-77.2293,36.4402],[-77.2305,36.4518],[-77.2447,36.4568]]]},"properties":{"hex_id":"872af2563ffffff","value":-0.15}},{"type":"Feature","geometry":{"type":"Polygon","coordinates":[[[-77.2211,36.4932],[-77.2341,36.4866],[-77.2329,36.475],[-77.2186,36.47],[-77.2056,36.4766],[-77.2068,36.4881],[-77.2211,36.4932]]]},"properties":{"hex_id":"872af2564ffffff","value":-1.45}},{"type":"Feature","geometry":{"type":"Polygon","coordinates":[[[-77.2056,36.4766],[-77.2186,36.47],[-77.2174,36.4584],[-77.2032,36.4534],[-77.1901,36.4599],[-77.1913,36.4715],[-77.2056,36.4766]]]},"properties":{"hex_id":"872af2565ffffff","value":1.83}},{"type":"Feature","geometry":{"type":"Polygon","coordinates":[[[-77.2484,36.4916],[-77.2615,36.485],[-77.2602,36.4734],[-77.246,36.4684],[-77.2329,36.475],[-77.2341,36.4866],[-77.2484,36.4916]]]},"properties":{"hex_id":"872af2566ffffff","value":-1.72}},{"type":"Feature","geometry":{"type":"Polygon","coordinates":[[[-77.2138,36.4236],[-77.2268,36.4171],[-77.2256,36.4055],[-77.2113,36.4005],[-77.1983,36.407],[-77.1995,36.4186],[-77.2138,36.4236]]]},"properties":{"hex_id":"872af2568ffffff","value":-1.17}},{"type":"Feature","geometry":{"type":"Polygon","coordinates":[[[-77.1983,36.407],[-77.2113,36.4005],[-77.2101,36.3889],[-77.1959,36.3839],[-77.1829,36.3904],[-77.1841,36.402],[-77.1983,36.407]]]},"properties":{"hex_id":"872af2569ffffff","value":-4.31}},{"type":"Feature","geometry":{"type":"Polygon","coordinates":[[[-77.2411,36.4221],[-77.2541,36.4155],[-77.2529,36.4039],[-77.2386,36.3989],[-77.2256,36.4055],[-77.2268,36.4171],[-77.2411,36.4221]]]},"properties":{"hex_id":"872af256affffff","value":-3.0}},{"type":"Feature","geometry":{"type":"Polygon","coordinates":[[[-77.2256,36.4055],[-77.2386,36.3989],[-77.2374,36.3873],[-77.2232,36.3823],[-77.2101,36.3889],[-77.2113,36.4005],[-77.2256,36.4055]]]},"properties":{"hex_id":"872af256bffffff","value":-4.99}},{"type":"Feature","geometry":{"type":"Polygon","coordinates":[[[-77.2019,36.4418],[-77.215,36.4352],[-77.2138,36.4236],[-77.1995,36.4186],[-77.1865,36.4252],[-77.1877,36.4368],[-77.2019,36.4418]]]},"properties":{"hex_id":"872af256cffffff","value":-0.75}},{"type":"Feature","geometry":{"type":"Polygon","coordinates":[[[-77.1865,36.4252],[-77.1995,36.4186],[-77.1983,36.407],[-77.1841,36.402],[-77.171,36.4086],[-77.1722,36.4202],[-77.1865,36.4252]]]},"properties":{"hex_id":"872af256dffffff","value":-4.43}},{"type":"Feature","geometry":{"type":"Polygon","coordinates":[[[-77.2293,36.4402],[-77.2423,36.4337],[-77.2411,36.4221],[-77.2268,36.4171],[-77.2138,36.4236],[-77.215,36.4352],[-77.2293,36.4402]]]},"properties":{"hex_id":"872af256effffff","value":0.58}},{"type":"Feature","geometry":{"type":"Polygon","coordinates":[[[-77.3031,36.4885],[-77.3161,36.4819],[-77.3149,36.4703],[-77.3006,36.4653],[-77.2876,36.4719],[-77.2888,36.4835],[-77.3031,36.4885]]]},"properties":{"hex_id":"872af2570ffffff","value":7.76}},{"type":"Feature","geometry":{"type":"Polygon","coordinates":[[[-77.2876,36.4719],[-77.3006,36.4653],[-77.2994,36.4537],[-77.2851,36.4487],[-77.2721,36.4553],[-77.2733,36.4669],[-77.2876,36.4719]]]},"properties":{"hex_id":"872af2571ffffff","value":5.27}},{"type":"Feature","geometry":{"type":"Polygon","coordinates":[[[-77.3304,36.4869],[-77.3434,36.4803],[-77.3422,36.4687],[-77.3279,36.4637],[-77.3149,36.4703],[-77.3161,36.4819],[-77.3304,36.4869]]]},"properties":{"hex_id":"872af2572ffffff","value":6.97}},{"type":"Feature","geometry":{"type":"Polygon","coordinates":[[[-77.3149,36.4703],[-77.3279,36.4637],[-77.3267,36.4521],[-77.3124,36.4471],[-77.2994,36.4537],[-77.3006,36.4653],[-77.3149,36.4703]]]},"properties":{"hex_id":"872af2573ffffff","value":7.84}},{"type":"Feature","geometry":{"type":"Polygon","coordinates":[[[-77.2913,36.5067],[-77.3043,36.5001],[-77.3031,36.4885],[-77.2888,36.4835],[-77.2757,36.4901],[-77.277,36.5017],[-77.2913,36.5067]]]},"properties":{"hex_id":"872af2574ffffff","value":1.24}},{"type":"Feature","geometry":{"type":"Polygon","coordinates":[[[-77.2757,36.4901],[-77.2888,36.4835],[-77.2876,36.4719],[-77.2733,36.4669],[-77.2602,36.4734],[-77.2615,36.485],[-77.2757,36.4901]]]},"properties":{"hex_id":"872af2575ffffff","value":8.41}},{"type":"Feature","geometry":{"type":"Polygon","coordinates":[[[-77.3186,36.5051],[-77.3317,36.4985],[-77.3304,36.4869],[-77.3161,36.4819],[-77.3031,36.4885],[-77.3043,36.5001],[-77.3186,36.5051]]]},"properties":{"hex_id":"872af2576ffffff","value":8.33}},{"type":"Feature","geometry":{"type":"Polygon","coordinates":[[[-77.5841,36.5421],[-77.5971,36.5354],[-77.5958,36.5238],[-77.5815,36.5189],[-77.5685,36.5255],[-77.5698,36.5371],[-77.5841,36.5421]]]},"properties":{"hex_id":"872af2580ffffff","value":3.97}},{"type":"Feature","geometry":{"type":"Polygon","coordinates":[[[-77.5685,36.5255],[-77.5815,36.5189],[-77.5802,36.5073],[-77.5659,36.5023],[-77.5529,36.5089],[-77.5542,36.5205],[-77.5685,36.5255]]]},"properties":{"hex_id":"872af2581ffffff","value":0.37}},{"type":"Feature","geometry":{"type":"Polygon","coordinates":[[[-77.6115,36.5404],[-77.6245,36.5338],[-77.6232,36.5222],[-77.6088,36.5172],[-77.5958,36.5238],[-77.5971,36.5354],[-77.6115,36.5404]]]},"properties":{"hex_id":"872af2582ffffff","value":8.31}},{"type":"Feature","geometry":{"type":"Polygon","coordinates":[[[-77.5958,36.5238],[-77.6088,36.5172],[-77.6075,36.5056],[-77.5932,36.5007],[-77.5802,36.5073],[-77.5815,36.5189],[-77.5958,36.5238]]]},"properties":{"hex_id":"872af2583ffffff","value":4.28}},{"type":"Feature","geometry":{"type":"Polygon","coordinates":[[[-77.5568,36.5437],[-77.5698,36.5371],[-77.5685,36.5255],[-77.5542,36.5205],[-77.5411,36.5271],[-77.5424,36.5387],[-77.5568,36.5437]]]},"properties":{"hex_id":"872af2585ffffff","value":0.76}},{"type":"Feature","geometry":{"type":"Polygon","coordinates":[[[-77.5646,36.4907],[-77.5776,36.4841],[-77.5763,36.4725],[-77.562,36.4675],[-77.549,36.4741],[-77.5503,36.4857],[-77.5646,36.4907]]]},"properties":{"hex_id":"872af2588ffffff","value":2.54}},{"type":"Feature","geometry":{"type":"Polygon","coordinates":[[[-77.549,36.4741],[-77.562,36.4675],[-77.5607,36.4559],[-77.5464,36.4509],[-77.5334,36.4576],[-77.5347,36.4691],[-77.549,36.4741]]]},"properties":{"hex_id":"872af2589ffffff","value":1.31}},{"type":"Feature","geometry":{"type":"Polygon","coordinates":[[[-77.5919,36.4891],[-77.6049,36.4825],[-77.6036,36.4709],[-77.5893,36.4659],[-77.5763,36.4725],[-77.5776,36.4841],[-77.5919,36.4891]]]},"properties":{"hex_id":"872af258affffff","value":-2.46}},{"type":"Feature","geometry":{"type":"Polygon","coordinates":[[[-77.5763,36.4725],[-77.5893,36.4659],[-77.588,36.4543],[-77.5737,36.4493],[-77.5607,36.4559],[-77.562,36.4675],[-77.5763,36.4725]]]},"properties":{"hex_id":"872af258bffffff","value":-1.8}},{"type":"Feature","geometry":{"type":"Polygon","coordinates":[[[-77.5529,36.5089],[-77.5659,36.5023],[-77.5646,36.4907],[-77.5503,36.4857],[-77.5373,36.4923],[-77.5386,36.5039],[-77.5529,36.5089]]]},"properties":{"hex_id":"872af258cffffff","value":2.51}},{"type":"Feature","geometry":{"type":"Polygon","coordinates":[[[-77.5373,36.4923],[-77.5503,36.4857],[-77.549,36.4741],[-77.5347,36.4691],[-77.5217,36.4757],[-77.523,36.4873],[-77.5373,36.4923]]]},"properties":{"hex_id":"872af258dffffff","value":0.68}},{"type":"Feature","geometry":{"type":"Polygon","coordinates":[[[-77.5802,36.5073],[-77.5932,36.5007],[-77.5919,36.4891],[-77.5776,36.4841],[-77.5646,36.4907],[-77.5659,36.5023],[-77.5802,36.5073]]]},"properties":{"hex_id":"872af258effffff","value":-2.52}},{"type":"Feature","geometry":{"type":"Polygon","coordinates":[[[-77.6545,36.5554],[-77.6675,36.5487],[-77.6662,36.5371],[-77.6518,36.5322],[-77.6388,36.5388],[-77.6401,36.5504],[-77.6545,36.5554]]]},"properties":{"hex_id":"872af2590ffffff","value":0.45}},{"type":"Feature","geometry":{"type":"Polygon","coordinates":[[[-77.6388,36.5388],[-77.6518,36.5322],[-77.6505,36.5206],[-77.6362,36.5156],[-77.6232,36.5222],[-77.6245,36.5338],[-77.6388,36.5388]]]},"properties":{"hex_id":"872af2591ffffff","value":1.34}},{"type":"Feature","geometry":{"type":"Polygon","coordinates":[[[-77.6818,36.5537],[-77.6948,36.5471],[-77.6935,36.5355],[-77.6792,36.5305],[-77.6662,36.5371],[-77.6675,36.5487],[-77.6818,36.5537]]]},"properties":{"hex_id":"872af2592ffffff","value":0.02}},{"type":"Feature","geometry":{"type":"Polygon","coordinates":[[[-77.6662,36.5371],[-77.6792,36.5305],[-77.6778,36.5189],[-77.6635,36.5139],[-77.6505,36.5206],[-77.6518,36.5322],[-77.6662,36.5371]]]},"properties":{"hex_id":"872af2593ffffff","value":-0.04}},{"type":"Feature","geometry":{"type":"Polygon","coordinates":[[[-77.6271,36.557],[-77.6401,36.5504],[-77.6388,36.5388],[-77.6245,36.5338],[-77.6115,36.5404],[-77.6128,36.552],[-77.6271,36.557]]]},"properties":{"hex_id":"872af2595ffffff","value":-1.08}},{"type":"Feature","geometry":{"type":"Polygon","coordinates":[[[-77.6349,36.504],[-77.6479,36.4974],[-77.6465,36.4858],[-77.6322,36.4808],[-77.6192,36.4874],[-77.6205,36.499],[-77.6349,36.504]]]},"properties":{"hex_id":"872af2598ffffff","value":3.51}},{"type":"Feature","geometry":{"type":"Polygon","coordinates":[[[-77.6192,36.4874],[-77.6322,36.4808],[-77.6309,36.4692],[-77.6166,36.4643],[-77.6036,36.4709],[-77.6049,36.4825],[-77.6192,36.4874]]]},"properties":{"hex_id":"872af2599ffffff","value":-4.36}},{"type":"Feature","geometry":{"type":"Polygon","coordinates":[[[-77.6622,36.5023],[-77.6752,36.4957],[-77.6739,36.4841],[-77.6595,36.4792],[-77.6465,36.4858],[-77.6479,36.4974],[-77.6622,36.5023]]]},"properties":{"hex_id":"872af259affffff","value":-1.93}},{"type":"Feature","geometry":{"type":"Polygon","coordinates":[[[-77.6465,36.4858],[-77.6595,36.4792],[-77.6582,36.4676],[-77.6439,36.4626],[-77.6309,36.4692],[-77.6322,36.4808],[-77.6465,36.4858]]]},"properties":{"hex_id":"872af259bffffff","value":-3.76}},{"type":"Feature","geometry":{"type":"Polygon","coordinates":[[[-77.6232,36.5222],[-77.6362,36.5156],[-77.6349,36.504],[-77.6205,36.499],[-77.6075,36.5056],[-77.6088,36.5172],[-77.6232,36.5222]]]},"properties":{"hex_id":"872af259cffffff","value":10.08}},{"type":"Feature","geometry":{"type":"Polygon","coordinates":[[[-77.6075,36.5056],[-77.6205,36.499],[-77.6192,36.4874],[-77.6049,36.4825],[-77.5919,36.4891],[-77.5932,36.5007],[-77.6075,36.5056]]]},"properties":{"hex_id":"872af259dffffff","value":-1.63}},{"type":"Feature","geometry":{"type":"Polygon","coordinates":[[[-77.6505,36.5206],[-77.6635,36.5139],[-77.6622,36.5023],[-77.6479,36.4974],[-77.6349,36.504],[-77.6362,36.5156],[-77.6505,36.5206]]]},"properties":{"hex_id":"872af259effffff","value":3.78}},{"type":"Feature","geometry":{"type":"Polygon","coordinates":[[[-77.5138,36.5287],[-77.5268,36.5221],[-77.5255,36.5105],[-77.5112,36.5055],[-77.4982,36.5121],[-77.4995,36.5237],[-77.5138,36.5287]]]},"properties":{"hex_id":"872af25a8ffffff","value":-1.34}},{"type":"Feature","geometry":{"type":"Polygon","coordinates":[[[-77.4982,36.5121],[-77.5112,36.5055],[-77.5099,36.4939],[-77.4956,36.489],[-77.4826,36.4956],[-77.4839,36.5071],[-77.4982,36.5121]]]},"properties":{"hex_id":"872af25a9ffffff","value":-6.61}},{"type":"Feature","geometry":{"type":"Polygon","coordinates":[[[-77.5411,36.5271],[-77.5542,36.5205],[-77.5529,36.5089],[-77.5386,36.5039],[-77.5255,36.5105],[-77.5268,36.5221],[-77.5411,36.5271]]]},"properties":{"hex_id":"872af25aaffffff","value":5.18}},{"type":"Feature","geometry":{"type":"Polygon","coordinates":[[[-77.5255,36.5105],[-77.5386,36.5039],[-77.5373,36.4923],[-77.523,36.4873],[-77.5099,36.4939],[-77.5112,36.5055],[-77.5255,36.5105]]]},"properties":{"hex_id":"872af25abffffff","value":-1.6}},{"type":"Feature","geometry":{"type":"Polygon","coordinates":[[[-77.5021,36.5469],[-77.5151,36.5403],[-77.5138,36.5287],[-77.4995,36.5237],[-77.4865,36.5303],[-77.4877,36.5419],[-77.5021,36.5469]]]},"properties":{"hex_id":"872af25acffffff","value":-6.1}},{"type":"Feature","geometry":{"type":"Polygon","coordinates":[[[-77.4865,36.5303],[-77.4995,36.5237],[-77.4982,36.5121],[-77.4839,36.5071],[-77.4709,36.5138],[-77.4721,36.5254],[-77.4865,36.5303]]]},"properties":{"hex_id":"872af25adffffff","value":-8.24}},{"type":"Feature","geometry":{"type":"Polygon","coordinates":[[[-77.5294,36.5453],[-77.5424,36.5387],[-77.5411,36.5271],[-77.5268,36.5221],[-77.5138,36.5287],[-77.5151,36.5403],[-77.5294,36.5453]]]},"properties":{"hex_id":"872af25aeffffff","value":5.81}},{"type":"Feature","geometry":{"type":"Polygon","coordinates":[[[-77.2926,36.262],[-77.3056,36.2555],[-77.3044,36.2439],[-77.2902,36.2389],[-77.2772,36.2455],[-77.2784,36.257],[-77.2926,36.262]]]},"properties":{"hex_id":"872af2736ffffff","value":4.89}},{"type":"Feature","geometry":{"type":"Polygon","coordinates":[[[-77.4675,36.2344],[-77.4805,36.2278],[-77.4792,36.2163],[-77.465,36.2113],[-77.452,36.2179],[-77.4533,36.2294],[-77.4675,36.2344]]]},"properties":{"hex_id":"872af27b0ffffff","value":10.77}},{"type":"Feature","geometry":{"type":"Polygon","coordinates":[[[-77.4947,36.2328],[-77.5077,36.2262],[-77.5064,36.2147],[-77.4921,36.2097],[-77.4792,36.2163],[-77.4805,36.2278],[-77.4947,36.2328]]]},"properties":{"hex_id":"872af27b2ffffff","value":3.78}},{"type":"Feature","geometry":{"type":"Polygon","coordinates":[[[-77.4558,36.2525],[-77.4688,36.246],[-77.4675,36.2344],[-77.4533,36.2294],[-77.4403,36.236],[-77.4416,36.2476],[-77.4558,36.2525]]]},"properties":{"hex_id":"872af27b4ffffff","value":1.2}},{"type":"Feature","geometry":{"type":"Polygon","coordinates":[[[-77.483,36.2509],[-77.496,36.2444],[-77.4947,36.2328],[-77.4805,36.2278],[-77.4675,36.2344],[-77.4688,36.246],[-77.483,36.2509]]]},"properties":{"hex_id":"872af27b6ffffff","value":1.46}},{"type":"Feature","geometry":{"type":"Polygon","coordinates":[[[-76.6072,36.5439],[-76.6204,36.5374],[-76.6193,36.5258],[-76.6051,36.5207],[-76.5919,36.5272],[-76.593,36.5388],[-76.6072,36.5439]]]},"properties":{"hex_id":"872af2808ffffff","value":-1.05}},{"type":"Feature","geometry":{"type":"Polygon","coordinates":[[[-76.5919,36.5272],[-76.6051,36.5207],[-76.604,36.5091],[-76.5898,36.504],[-76.5766,36.5105],[-76.5777,36.5221],[-76.5919,36.5272]]]},"properties":{"hex_id":"872af2809ffffff","value":-3.75}},{"type":"Feature","geometry":{"type":"Polygon","coordinates":[[[-76.6346,36.5425],[-76.6477,36.536],[-76.6467,36.5244],[-76.6324,36.5193],[-76.6193,36.5258],[-76.6204,36.5374],[-76.6346,36.5425]]]},"properties":{"hex_id":"872af280affffff","value":2.39}},{"type":"Feature","geometry":{"type":"Polygon","coordinates":[[[-76.6193,36.5258],[-76.6324,36.5193],[-76.6314,36.5077],[-76.6171,36.5026],[-76.604,36.5091],[-76.6051,36.5207],[-76.6193,36.5258]]]},"properties":{"hex_id":"872af280bffffff","value":-1.26}},{"type":"Feature","geometry":{"type":"Polygon","coordinates":[[[-76.5951,36.562],[-76.6083,36.5555],[-76.6072,36.5439],[-76.593,36.5388],[-76.5798,36.5453],[-76.5809,36.5569],[-76.5951,36.562]]]},"properties":{"hex_id":"872af280cffffff","value":-3.21}},{"type":"Feature","geometry":{"type":"Polygon","coordinates":[[[-76.5798,36.5453],[-76.593,36.5388],[-76.5919,36.5272],[-76.5777,36.5221],[-76.5645,36.5286],[-76.5656,36.5402],[-76.5798,36.5453]]]},"properties":{"hex_id":"872af280dffffff","value":3.88}},{"type":"Feature","geometry":{"type":"Polygon","coordinates":[[[-76.6225,36.5606],[-76.6357,36.5541],[-76.6346,36.5425],[-76.6204,36.5374],[-76.6072,36.5439],[-76.6083,36.5555],[-76.6225,36.5606]]]},"properties":{"hex_id":"872af280effffff","value":-2.39}},{"type":"Feature","geometry":{"type":"Polygon","coordinates":[[[-76.6773,36.5578],[-76.6904,36.5512],[-76.6894,36.5396],[-76.6751,36.5345],[-76.662,36.5411],[-76.6631,36.5527],[-76.6773,36.5578]]]},"properties":{"hex_id":"872af2818ffffff","value":3.43}},{"type":"Feature","geometry":{"type":"Polygon","coordinates":[[[-76.662,36.5411],[-76.6751,36.5345],[-76.674,36.5229],[-76.6598,36.5178],[-76.6467,36.5244],[-76.6477,36.536],[-76.662,36.5411]]]},"properties":{"hex_id":"872af2819ffffff","value":5.71}},{"type":"Feature","geometry":{"type":"Polygon","coordinates":[[[-76.7047,36.5563],[-76.7178,36.5498],[-76.7167,36.5382],[-76.7025,36.5331],[-76.6894,36.5396],[-76.6904,36.5512],[-76.7047,36.5563]]]},"properties":{"hex_id":"872af281affffff","value":10.19}},{"type":"Feature","geometry":{"type":"Polygon","coordinates":[[[-76.6894,36.5396],[-76.7025,36.5331],[-76.7014,36.5215],[-76.6872,36.5164],[-76.674,36.5229],[-76.6751,36.5345],[-76.6894,36.5396]]]},"properties":{"hex_id":"872af281bffffff","value":-0.47}},{"type":"Feature","geometry":{"type":"Polygon","coordinates":[[[-76.6499,36.5592],[-76.6631,36.5527],[-76.662,36.5411],[-76.6477,36.536],[-76.6346,36.5425],[-76.6357,36.5541],[-76.6499,36.5592]]]},"properties":{"hex_id":"872af281dffffff","value":4.31}},{"type":"Feature","geometry":{"type":"Polygon","coordinates":[[[-76.5035,36.4618],[-76.5167,36.4553],[-76.5156,36.4437],[-76.5014,36.4386],[-76.4883,36.445],[-76.4893,36.4566],[-76.5035,36.4618]]]},"properties":{"hex_id":"872af2841ffffff","value":-18.51}},{"type":"Feature","geometry":{"type":"Polygon","coordinates":[[[-76.5461,36.4771],[-76.5592,36.4706],[-76.5582,36.459],[-76.544,36.4539],[-76.5308,36.4604],[-76.5319,36.472],[-76.5461,36.4771]]]},"properties":{"hex_id":"872af2842ffffff","value":3.3}},{"type":"Feature","geometry":{"type":"Polygon","coordinates":[[[-76.5308,36.4604],[-76.544,36.4539],[-76.5429,36.4423],[-76.5287,36.4372],[-76.5156,36.4437],[-76.5167,36.4553],[-76.5308,36.4604]]]},"properties":{"hex_id":"872af2843ffffff","value":-0.88}},{"type":"Feature","geometry":{"type":"Polygon","coordinates":[[[-76.4883,36.445],[-76.5014,36.4386],[-76.5004,36.427],[-76.4862,36.4219],[-76.4731,36.4283],[-76.4741,36.4399],[-76.4883,36.445]]]},"properties":{"hex_id":"872af284cffffff","value":-0.71}},{"type":"Feature","geometry":{"type":"Polygon","coordinates":[[[-76.5156,36.4437],[-76.5287,36.4372],[-76.5277,36.4256],[-76.5135,36.4205],[-76.5004,36.427],[-76.5014,36.4386],[-76.5156,36.4437]]]},"properties":{"hex_id":"872af284effffff","value":-8.53}},{"type":"Feature","geometry":{"type":"Polygon","coordinates":[[[-76.5887,36.4924],[-76.6019,36.4859],[-76.6008,36.4743],[-76.5866,36.4692],[-76.5734,36.4757],[-76.5745,36.4873],[-76.5887,36.4924]]]},"properties":{"hex_id":"872af2850ffffff","value":6.66}},{"type":"Feature","geometry":{"type":"Polygon","coordinates":[[[-76.5734,36.4757],[-76.5866,36.4692],[-76.5855,36.4576],[-76.5713,36.4525],[-76.5582,36.459],[-76.5592,36.4706],[-76.5734,36.4757]]]},"properties":{"hex_id":"872af2851ffffff","value":6.51}},{"type":"Feature","geometry":{"type":"Polygon","coordinates":[[[-76.6161,36.491],[-76.6292,36.4844],[-76.6281,36.4728],[-76.6139,36.4678],[-76.6008,36.4743],[-76.6019,36.4859],[-76.6161,36.491]]]},"properties":{"hex_id":"872af2852ffffff","value":7.25}},{"type":"Feature","geometry":{"type":"Polygon","coordinates":[[[-76.6008,36.4743],[-76.6139,36.4678],[-76.6129,36.4562],[-76.5986,36.4511],[-76.5855,36.4576],[-76.5866,36.4692],[-76.6008,36.4743]]]},"properties":{"hex_id":"872af2853ffffff","value":7.89}},{"type":"Feature","geometry":{"type":"Polygon","coordinates":[[[-76.5766,36.5105],[-76.5898,36.504],[-76.5887,36.4924],[-76.5745,36.4873],[-76.5614,36.4938],[-76.5624,36.5054],[-76.5766,36.5105]]]},"properties":{"hex_id":"872af2854ffffff","value":2.73}},{"type":"Feature","geometry":{"type":"Polygon","coordinates":[[[-76.5614,36.4938],[-76.5745,36.4873],[-76.5734,36.4757],[-76.5592,36.4706],[-76.5461,36.4771],[-76.5472,36.4887],[-76.5614,36.4938]]]},"properties":{"hex_id":"872af2855ffffff","value":8.22}},{"type":"Feature","geometry":{"type":"Polygon","coordinates":[[[-76.604,36.5091],[-76.6171,36.5026],[-76.6161,36.491],[-76.6019,36.4859],[-76.5887,36.4924],[-76.5898,36.504],[-76.604,36.5091]]]},"properties":{"hex_id":"872af2856ffffff","value":3.82}},{"type":"Feature","geometry":{"type":"Polygon","coordinates":[[[-76.5703,36.4409],[-76.5834,36.4344],[-76.5823,36.4228],[-76.5681,36.4177],[-76.555,36.4242],[-76.5561,36.4358],[-76.5703,36.4409]]]},"properties":{"hex_id":"872af2858ffffff","value":-3.41}},{"type":"Feature","geometry":{"type":"Polygon","coordinates":[[[-76.555,36.4242],[-76.5681,36.4177],[-76.5671,36.4061],[-76.5529,36.401],[-76.5398,36.4075],[-76.5408,36.4191],[-76.555,36.4242]]]},"properties":{"hex_id":"872af2859ffffff","value":-2.9}},{"type":"Feature","geometry":{"type":"Polygon","coordinates":[[[-76.5976,36.4395],[-76.6107,36.433],[-76.6096,36.4214],[-76.5954,36.4163],[-76.5823,36.4228],[-76.5834,36.4344],[-76.5976,36.4395]]]},"properties":{"hex_id":"872af285affffff","value":-1.36}},{"type":"Feature","geometry":{"type":"Polygon","coordinates":[[[-76.5582,36.459],[-76.5713,36.4525],[-76.5703,36.4409],[-76.5561,36.4358],[-76.5429,36.4423],[-76.544,36.4539],[-76.5582,36.459]]]},"properties":{"hex_id":"872af285cffffff","value":0.61}},{"type":"Feature","geometry":{"type":"Polygon","coordinates":[[[-76.5429,36.4423],[-76.5561,36.4358],[-76.555,36.4242],[-76.5408,36.4191],[-76.5277,36.4256],[-76.5287,36.4372],[-76.5429,36.4423]]]},"properties":{"hex_id":"872af285dffffff","value":-3.81}},{"type":"Feature","geometry":{"type":"Polygon","coordinates":[[[-76.5855,36.4576],[-76.5986,36.4511],[-76.5976,36.4395],[-76.5834,36.4344],[-76.5703,36.4409],[-76.5713,36.4525],[-76.5855,36.4576]]]},"properties":{"hex_id":"872af285effffff","value":-0.23}},{"type":"Feature","geometry":{"type":"Polygon","coordinates":[[[-76.4672,36.516],[-76.4803,36.5095],[-76.4793,36.4979],[-76.4651,36.4928],[-76.4519,36.4993],[-76.453,36.5109],[-76.4672,36.516]]]},"properties":{"hex_id":"872af2860ffffff","value":1.12}},{"type":"Feature","geometry":{"type":"Polygon","coordinates":[[[-76.4519,36.4993],[-76.4651,36.4928],[-76.4641,36.4812],[-76.4499,36.4761],[-76.4367,36.4826],[-76.4377,36.4942],[-76.4519,36.4993]]]},"properties":{"hex_id":"872af2861ffffff","value":3.74}},{"type":"Feature","geometry":{"type":"Polygon","coordinates":[[[-76.455,36.5341],[-76.4682,36.5276],[-76.4672,36.516],[-76.453,36.5109],[-76.4398,36.5174],[-76.4408,36.529],[-76.455,36.5341]]]},"properties":{"hex_id":"872af2864ffffff","value":-19.94}},{"type":"Feature","geometry":{"type":"Polygon","coordinates":[[[-76.4398,36.5174],[-76.453,36.5109],[-76.4519,36.4993],[-76.4377,36.4942],[-76.4246,36.5007],[-76.4256,36.5123],[-76.4398,36.5174]]]},"properties":{"hex_id":"872af2865ffffff","value":-18.17}},{"type":"Feature","geometry":{"type":"Polygon","coordinates":[[[-76.4824,36.5328],[-76.4956,36.5263],[-76.4945,36.5147],[-76.4803,36.5095],[-76.4672,36.516],[-76.4682,36.5276],[-76.4824,36.5328]]]},"properties":{"hex_id":"872af2866ffffff","value":-7.8}},{"type":"Feature","geometry":{"type":"Polygon","coordinates":[[[-76.4488,36.4645],[-76.462,36.458],[-76.4609,36.4464],[-76.4468,36.4413],[-76.4336,36.4478],[-76.4346,36.4594],[-76.4488,36.4645]]]},"properties":{"hex_id":"872af2868ffffff","value":5.66}},{"type":"Feature","geometry":{"type":"Polygon","coordinates":[[[-76.4336,36.4478],[-76.4468,36.4413],[-76.4457,36.4297],[-76.4316,36.4246],[-76.4184,36.4311],[-76.4194,36.4427],[-76.4336,36.4478]]]},"properties":{"hex_id":"872af2869ffffff","value":6.56}},{"type":"Feature","geometry":{"type":"Polygon","coordinates":[[[-76.4762,36.4631],[-76.4893,36.4566],[-76.4883,36.445],[-76.4741,36.4399],[-76.4609,36.4464],[-76.462,36.458],[-76.4762,36.4631]]]},"properties":{"hex_id":"872af286affffff","value":9.73}},{"type":"Feature","geometry":{"type":"Polygon","coordinates":[[[-76.4609,36.4464],[-76.4741,36.4399],[-76.4731,36.4283],[-76.4589,36.4232],[-76.4457,36.4297],[-76.4468,36.4413],[-76.4609,36.4464]]]},"properties":{"hex_id":"872af286bffffff","value":7.74}},{"type":"Feature","geometry":{"type":"Polygon","coordinates":[[[-76.4367,36.4826],[-76.4499,36.4761],[-76.4488,36.4645],[-76.4346,36.4594],[-76.4215,36.4659],[-76.4225,36.4775],[-76.4367,36.4826]]]},"properties":{"hex_id":"872af286cffffff","value":-3.09}},{"type":"Feature","geometry":{"type":"Polygon","coordinates":[[[-76.4215,36.4659],[-76.4346,36.4594],[-76.4336,36.4478],[-76.4194,36.4427],[-76.4063,36.4492],[-76.4073,36.4608],[-76.4215,36.4659]]]},"properties":{"hex_id":"872af286dffffff","value":9.15}},{"type":"Feature","geometry":{"type":"Polygon","coordinates":[[[-76.4641,36.4812],[-76.4772,36.4747],[-76.4762,36.4631],[-76.462,36.458],[-76.4488,36.4645],[-76.4499,36.4761],[-76.4641,36.4812]]]},"properties":{"hex_id":"872af286effffff","value":-5.21}},{"type":"Feature","geometry":{"type":"Polygon","coordinates":[[[-76.5372,36.53],[-76.5503,36.5235],[-76.5493,36.5119],[-76.5351,36.5068],[-76.5219,36.5133],[-76.523,36.5249],[-76.5372,36.53]]]},"properties":{"hex_id":"872af2870ffffff","value":-17.43}},{"type":"Feature","geometry":{"type":"Polygon","coordinates":[[[-76.5645,36.5286],[-76.5777,36.5221],[-76.5766,36.5105],[-76.5624,36.5054],[-76.5493,36.5119],[-76.5503,36.5235],[-76.5645,36.5286]]]},"properties":{"hex_id":"872af2872ffffff","value":1.6}},{"type":"Feature","geometry":{"type":"Polygon","coordinates":[[[-76.5493,36.5119],[-76.5624,36.5054],[-76.5614,36.4938],[-76.5472,36.4887],[-76.534,36.4952],[-76.5351,36.5068],[-76.5493,36.5119]]]},"properties":{"hex_id":"872af2873ffffff","value":9.02}},{"type":"Feature","geometry":{"type":"Polygon","coordinates":[[[-76.5524,36.5467],[-76.5656,36.5402],[-76.5645,36.5286],[-76.5503,36.5235],[-76.5372,36.53],[-76.5382,36.5416],[-76.5524,36.5467]]]},"properties":{"hex_id":"872af2876ffffff","value":4.15}},{"type":"Feature","geometry":{"type":"Polygon","coordinates":[[[-76.7989,36.5339],[-76.812,36.5273],[-76.8109,36.5157],[-76.7966,36.5106],[-76.7835,36.5172],[-76.7846,36.5288],[-76.7989,36.5339]]]},"properties":{"hex_id":"872af2888ffffff","value":0.2}},{"type":"Feature","geometry":{"type":"Polygon","coordinates":[[[-76.7835,36.5172],[-76.7966,36.5106],[-76.7955,36.499],[-76.7813,36.494],[-76.7681,36.5005],[-76.7693,36.5121],[-76.7835,36.5172]]]},"properties":{"hex_id":"872af2889ffffff","value":4.97}},{"type":"Feature","geometry":{"type":"Polygon","coordinates":[[[-76.8262,36.5324],[-76.8393,36.5259],[-76.8382,36.5143],[-76.824,36.5092],[-76.8109,36.5157],[-76.812,36.5273],[-76.8262,36.5324]]]},"properties":{"hex_id":"872af288affffff","value":1.25}},{"type":"Feature","geometry":{"type":"Polygon","coordinates":[[[-76.8109,36.5157],[-76.824,36.5092],[-76.8228,36.4976],[-76.8086,36.4925],[-76.7955,36.499],[-76.7966,36.5106],[-76.8109,36.5157]]]},"properties":{"hex_id":"872af288bffffff","value":2.02}},{"type":"Feature","geometry":{"type":"Polygon","coordinates":[[[-76.7868,36.552],[-76.8,36.5455],[-76.7989,36.5339],[-76.7846,36.5288],[-76.7715,36.5353],[-76.7726,36.5469],[-76.7868,36.552]]]},"properties":{"hex_id":"872af288cffffff","value":-0.31}},{"type":"Feature","geometry":{"type":"Polygon","coordinates":[[[-76.7715,36.5353],[-76.7846,36.5288],[-76.7835,36.5172],[-76.7693,36.5121],[-76.7561,36.5186],[-76.7572,36.5302],[-76.7715,36.5353]]]},"properties":{"hex_id":"872af288dffffff","value":7.09}},{"type":"Feature","geometry":{"type":"Polygon","coordinates":[[[-76.8142,36.5505],[-76.8273,36.544],[-76.8262,36.5324],[-76.812,36.5273],[-76.7989,36.5339],[-76.8,36.5455],[-76.8142,36.5505]]]},"properties":{"hex_id":"872af288effffff","value":0.45}},{"type":"Feature","geometry":{"type":"Polygon","coordinates":[[[-76.869,36.5476],[-76.8821,36.5411],[-76.881,36.5295],[-76.8667,36.5244],[-76.8536,36.5309],[-76.8547,36.5425],[-76.869,36.5476]]]},"properties":{"hex_id":"872af2898ffffff","value":0.83}},{"type":"Feature","geometry":{"type":"Polygon","coordinates":[[[-76.8536,36.5309],[-76.8667,36.5244],[-76.8656,36.5128],[-76.8513,36.5077],[-76.8382,36.5143],[-76.8393,36.5259],[-76.8536,36.5309]]]},"properties":{"hex_id":"872af2899ffffff","value":-0.13}},{"type":"Feature","geometry":{"type":"Polygon","coordinates":[[[-76.8964,36.5461],[-76.9095,36.5396],[-76.9083,36.528],[-76.8941,36.5229],[-76.881,36.5295],[-76.8821,36.5411],[-76.8964,36.5461]]]},"properties":{"hex_id":"872af289affffff","value":-6.4}},{"type":"Feature","geometry":{"type":"Polygon","coordinates":[[[-76.881,36.5295],[-76.8941,36.5229],[-76.8929,36.5113],[-76.8787,36.5063],[-76.8656,36.5128],[-76.8667,36.5244],[-76.881,36.5295]]]},"properties":{"hex_id":"872af289bffffff","value":-1.69}},{"type":"Feature","geometry":{"type":"Polygon","coordinates":[[[-76.8416,36.5491],[-76.8547,36.5425],[-76.8536,36.5309],[-76.8393,36.5259],[-76.8262,36.5324],[-76.8273,36.544],[-76.8416,36.5491]]]},"properties":{"hex_id":"872af289dffffff","value":2.15}},{"type":"Feature","geometry":{"type":"Polygon","coordinates":[[[-76.7321,36.5549],[-76.7452,36.5484],[-76.7441,36.5368],[-76.7299,36.5317],[-76.7167,36.5382],[-76.7178,36.5498],[-76.7321,36.5549]]]},"properties":{"hex_id":"872af28a9ffffff","value":8.57}},{"type":"Feature","geometry":{"type":"Polygon","coordinates":[[[-76.7595,36.5534],[-76.7726,36.5469],[-76.7715,36.5353],[-76.7572,36.5302],[-76.7441,36.5368],[-76.7452,36.5484],[-76.7595,36.5534]]]},"properties":{"hex_id":"872af28abffffff","value":3.84}},{"type":"Feature","geometry":{"type":"Polygon","coordinates":[[[-76.7101,36.4686],[-76.7233,36.4621],[-76.7222,36.4505],[-76.708,36.4454],[-76.6948,36.4519],[-76.6959,36.4635],[-76.7101,36.4686]]]},"properties":{"hex_id":"872af28c0ffffff","value":-5.2}},{"type":"Feature","geometry":{"type":"Polygon","coordinates":[[[-76.6948,36.4519],[-76.708,36.4454],[-76.7069,36.4338],[-76.6927,36.4287],[-76.6795,36.4352],[-76.6806,36.4468],[-76.6948,36.4519]]]},"properties":{"hex_id":"872af28c1ffffff","value":-7.07}},{"type":"Feature","geometry":{"type":"Polygon","coordinates":[[[-76.7375,36.4671],[-76.7506,36.4606],[-76.7495,36.449],[-76.7353,36.444],[-76.7222,36.4505],[-76.7233,36.4621],[-76.7375,36.4671]]]},"properties":{"hex_id":"872af28c2ffffff","value":-2.3}},{"type":"Feature","geometry":{"type":"Polygon","coordinates":[[[-76.7222,36.4505],[-76.7353,36.444],[-76.7342,36.4324],[-76.72,36.4273],[-76.7069,36.4338],[-76.708,36.4454],[-76.7222,36.4505]]]},"properties":{"hex_id":"872af28c3ffffff","value":-2.46}},{"type":"Feature","geometry":{"type":"Polygon","coordinates":[[[-76.6981,36.4867],[-76.7112,36.4802],[-76.7101,36.4686],[-76.6959,36.4635],[-76.6828,36.47],[-76.6839,36.4816],[-76.6981,36.4867]]]},"properties":{"hex_id":"872af28c4ffffff","value":-11.04}},{"type":"Feature","geometry":{"type":"Polygon","coordinates":[[[-76.6828,36.47],[-76.6959,36.4635],[-76.6948,36.4519],[-76.6806,36.4468],[-76.6675,36.4533],[-76.6686,36.4649],[-76.6828,36.47]]]},"properties":{"hex_id":"872af28c5ffffff","value":-0.05}},{"type":"Feature","geometry":{"type":"Polygon","coordinates":[[[-76.7255,36.4853],[-76.7386,36.4787],[-76.7375,36.4671],[-76.7233,36.4621],[-76.7101,36.4686],[-76.7112,36.4802],[-76.7255,36.4853]]]},"properties":{"hex_id":"872af28c6ffffff","value":-13.94}},{"type":"Feature","geometry":{"type":"Polygon","coordinates":[[[-76.6916,36.4171],[-76.7047,36.4106],[-76.7036,36.399],[-76.6894,36.394],[-76.6763,36.4005],[-76.6774,36.412],[-76.6916,36.4171]]]},"properties":{"hex_id":"872af28c8ffffff","value":-2.31}},{"type":"Feature","geometry":{"type":"Polygon","coordinates":[[[-76.7189,36.4157],[-76.732,36.4092],[-76.7309,36.3976],[-76.7167,36.3925],[-76.7036,36.399],[-76.7047,36.4106],[-76.7189,36.4157]]]},"properties":{"hex_id":"872af28caffffff","value":-0.34}},{"type":"Feature","geometry":{"type":"Polygon","coordinates":[[[-76.6795,36.4352],[-76.6927,36.4287],[-76.6916,36.4171],[-76.6774,36.412],[-76.6643,36.4186],[-76.6653,36.4301],[-76.6795,36.4352]]]},"properties":{"hex_id":"872af28ccffffff","value":-3.69}},{"type":"Feature","geometry":{"type":"Polygon","coordinates":[[[-76.6643,36.4186],[-76.6774,36.412],[-76.6763,36.4005],[-76.6621,36.3954],[-76.649,36.4019],[-76.6501,36.4135],[-76.6643,36.4186]]]},"properties":{"hex_id":"872af28cdffffff","value":0.27}},{"type":"Feature","geometry":{"type":"Polygon","coordinates":[[[-76.7069,36.4338],[-76.72,36.4273],[-76.7189,36.4157],[-76.7047,36.4106],[-76.6916,36.4171],[-76.6927,36.4287],[-76.7069,36.4338]]]},"properties":{"hex_id":"872af28ceffffff","value":-5.91}},{"type":"Feature","geometry":{"type":"Polygon","coordinates":[[[-76.7802,36.4824],[-76.7933,36.4758],[-76.7921,36.4643],[-76.7779,36.4592],[-76.7648,36.4657],[-76.7659,36.4773],[-76.7802,36.4824]]]},"properties":{"hex_id":"872af28d0ffffff","value":-1.42}},{"type":"Feature","geometry":{"type":"Polygon","coordinates":[[[-76.7648,36.4657],[-76.7779,36.4592],[-76.7768,36.4476],[-76.7626,36.4425],[-76.7495,36.449],[-76.7506,36.4606],[-76.7648,36.4657]]]},"properties":{"hex_id":"872af28d1ffffff","value":3.05}},{"type":"Feature","geometry":{"type":"Polygon","coordinates":[[[-76.8075,36.4809],[-76.8206,36.4744],[-76.8195,36.4628],[-76.8053,36.4577],[-76.7921,36.4643],[-76.7933,36.4758],[-76.8075,36.4809]]]},"properties":{"hex_id":"872af28d2ffffff","value":11.03}},{"type":"Feature","geometry":{"type":"Polygon","coordinates":[[[-76.7921,36.4643],[-76.8053,36.4577],[-76.8041,36.4461],[-76.7899,36.4411],[-76.7768,36.4476],[-76.7779,36.4592],[-76.7921,36.4643]]]},"properties":{"hex_id":"872af28d3ffffff","value":0.49}},{"type":"Feature","geometry":{"type":"Polygon","coordinates":[[[-76.7681,36.5005],[-76.7813,36.494],[-76.7802,36.4824],[-76.7659,36.4773],[-76.7528,36.4838],[-76.7539,36.4954],[-76.7681,36.5005]]]},"properties":{"hex_id":"872af28d4ffffff","value":3.11}},{"type":"Feature","geometry":{"type":"Polygon","coordinates":[[[-76.7528,36.4838],[-76.7659,36.4773],[-76.7648,36.4657],[-76.7506,36.4606],[-76.7375,36.4671],[-76.7386,36.4787],[-76.7528,36.4838]]]},"properties":{"hex_id":"872af28d5ffffff","value":-8.23}},{"type":"Feature","geometry":{"type":"Polygon","coordinates":[[[-76.7955,36.499],[-76.8086,36.4925],[-76.8075,36.4809],[-76.7933,36.4758],[-76.7802,36.4824],[-76.7813,36.494],[-76.7955,36.499]]]},"properties":{"hex_id":"872af28d6ffffff","value":6.51}},{"type":"Feature","geometry":{"type":"Polygon","coordinates":[[[-76.7615,36.4309],[-76.7746,36.4244],[-76.7735,36.4128],[-76.7593,36.4077],[-76.7462,36.4143],[-76.7473,36.4258],[-76.7615,36.4309]]]},"properties":{"hex_id":"872af28d8ffffff","value":0.74}},{"type":"Feature","geometry":{"type":"Polygon","coordinates":[[[-76.7462,36.4143],[-76.7593,36.4077],[-76.7582,36.3962],[-76.744,36.3911],[-76.7309,36.3976],[-76.732,36.4092],[-76.7462,36.4143]]]},"properties":{"hex_id":"872af28d9ffffff","value":-2.02}},{"type":"Feature","geometry":{"type":"Polygon","coordinates":[[[-76.7888,36.4295],[-76.8019,36.423],[-76.8008,36.4114],[-76.7866,36.4063],[-76.7735,36.4128],[-76.7746,36.4244],[-76.7888,36.4295]]]},"properties":{"hex_id":"872af28daffffff","value":-8.94}},{"type":"Feature","geometry":{"type":"Polygon","coordinates":[[[-76.7735,36.4128],[-76.7866,36.4063],[-76.7855,36.3947],[-76.7713,36.3896],[-76.7582,36.3962],[-76.7593,36.4077],[-76.7735,36.4128]]]},"properties":{"hex_id":"872af28dbffffff","value":-5.74}},{"type":"Feature","geometry":{"type":"Polygon","coordinates":[[[-76.7495,36.449],[-76.7626,36.4425],[-76.7615,36.4309],[-76.7473,36.4258],[-76.7342,36.4324],[-76.7353,36.444],[-76.7495,36.449]]]},"properties":{"hex_id":"872af28dcffffff","value":2.17}},{"type":"Feature","geometry":{"type":"Polygon","coordinates":[[[-76.7342,36.4324],[-76.7473,36.4258],[-76.7462,36.4143],[-76.732,36.4092],[-76.7189,36.4157],[-76.72,36.4273],[-76.7342,36.4324]]]},"properties":{"hex_id":"872af28ddffffff","value":1.92}},{"type":"Feature","geometry":{"type":"Polygon","coordinates":[[[-76.7768,36.4476],[-76.7899,36.4411],[-76.7888,36.4295],[-76.7746,36.4244],[-76.7615,36.4309],[-76.7626,36.4425],[-76.7768,36.4476]]]},"properties":{"hex_id":"872af28deffffff","value":-1.79}},{"type":"Feature","geometry":{"type":"Polygon","coordinates":[[[-76.6587,36.5062],[-76.6719,36.4997],[-76.6708,36.4881],[-76.6566,36.483],[-76.6434,36.4895],[-76.6445,36.5011],[-76.6587,36.5062]]]},"properties":{"hex_id":"872af28e0ffffff","value":0.79}},{"type":"Feature","geometry":{"type":"Polygon","coordinates":[[[-76.6434,36.4895],[-76.6566,36.483],[-76.6555,36.4714],[-76.6413,36.4663],[-76.6281,36.4728],[-76.6292,36.4844],[-76.6434,36.4895]]]},"properties":{"hex_id":"872af28e1ffffff","value":-1.77}},{"type":"Feature","geometry":{"type":"Polygon","coordinates":[[[-76.6861,36.5048],[-76.6992,36.4983],[-76.6981,36.4867],[-76.6839,36.4816],[-76.6708,36.4881],[-76.6719,36.4997],[-76.6861,36.5048]]]},"properties":{"hex_id":"872af28e2ffffff","value":-12.9}},{"type":"Feature","geometry":{"type":"Polygon","coordinates":[[[-76.6708,36.4881],[-76.6839,36.4816],[-76.6828,36.47],[-76.6686,36.4649],[-76.6555,36.4714],[-76.6566,36.483],[-76.6708,36.4881]]]},"properties":{"hex_id":"872af28e3ffffff","value":-6.39}},{"type":"Feature","geometry":{"type":"Polygon","coordinates":[[[-76.6467,36.5244],[-76.6598,36.5178],[-76.6587,36.5062],[-76.6445,36.5011],[-76.6314,36.5077],[-76.6324,36.5193],[-76.6467,36.5244]]]},"properties":{"hex_id":"872af28e4ffffff","value":-1.02}},{"type":"Feature","geometry":{"type":"Polygon","coordinates":[[[-76.6314,36.5077],[-76.6445,36.5011],[-76.6434,36.4895],[-76.6292,36.4844],[-76.6161,36.491],[-76.6171,36.5026],[-76.6314,36.5077]]]},"properties":{"hex_id":"872af28e5ffffff","value":1.66}},{"type":"Feature","geometry":{"type":"Polygon","coordinates":[[[-76.674,36.5229],[-76.6872,36.5164],[-76.6861,36.5048],[-76.6719,36.4997],[-76.6587,36.5062],[-76.6598,36.5178],[-76.674,36.5229]]]},"properties":{"hex_id":"872af28e6ffffff","value":-3.22}},{"type":"Feature","geometry":{"type":"Polygon","coordinates":[[[-76.6402,36.4547],[-76.6533,36.4482],[-76.6522,36.4366],[-76.638,36.4316],[-76.6249,36.4381],[-76.626,36.4497],[-76.6402,36.4547]]]},"properties":{"hex_id":"872af28e8ffffff","value":-2.46}},{"type":"Feature","geometry":{"type":"Polygon","coordinates":[[[-76.6249,36.4381],[-76.638,36.4316],[-76.6369,36.42],[-76.6228,36.4149],[-76.6096,36.4214],[-76.6107,36.433],[-76.6249,36.4381]]]},"properties":{"hex_id":"872af28e9ffffff","value":1.81}},{"type":"Feature","geometry":{"type":"Polygon","coordinates":[[[-76.6675,36.4533],[-76.6806,36.4468],[-76.6795,36.4352],[-76.6653,36.4301],[-76.6522,36.4366],[-76.6533,36.4482],[-76.6675,36.4533]]]},"properties":{"hex_id":"872af28eaffffff","value":-7.59}},{"type":"Feature","geometry":{"type":"Polygon","coordinates":[[[-76.6522,36.4366],[-76.6653,36.4301],[-76.6643,36.4186],[-76.6501,36.4135],[-76.6369,36.42],[-76.638,36.4316],[-76.6522,36.4366]]]},"properties":{"hex_id":"872af28ebffffff","value":2.69}},{"type":"Feature","geometry":{"type":"Polygon","coordinates":[[[-76.6281,36.4728],[-76.6413,36.4663],[-76.6402,36.4547],[-76.626,36.4497],[-76.6129,36.4562],[-76.6139,36.4678],[-76.6281,36.4728]]]},"properties":{"hex_id":"872af28ecffffff","value":2.31}},{"type":"Feature","geometry":{"type":"Polygon","coordinates":[[[-76.6129,36.4562],[-76.626,36.4497],[-76.6249,36.4381],[-76.6107,36.433],[-76.5976,36.4395],[-76.5986,36.4511],[-76.6129,36.4562]]]},"properties":{"hex_id":"872af28edffffff","value":2.33}},{"type":"Feature","geometry":{"type":"Polygon","coordinates":[[[-76.6555,36.4714],[-76.6686,36.4649],[-76.6675,36.4533],[-76.6533,36.4482],[-76.6402,36.4547],[-76.6413,36.4663],[-76.6555,36.4714]]]},"properties":{"hex_id":"872af28eeffffff","value":-4.27}},{"type":"Feature","geometry":{"type":"Polygon","coordinates":[[[-76.7288,36.5201],[-76.7419,36.5135],[-76.7408,36.5019],[-76.7266,36.4969],[-76.7134,36.5034],[-76.7145,36.515],[-76.7288,36.5201]]]},"properties":{"hex_id":"872af28f0ffffff","value":-11.27}},{"type":"Feature","geometry":{"type":"Polygon","coordinates":[[[-76.7134,36.5034],[-76.7266,36.4969],[-76.7255,36.4853],[-76.7112,36.4802],[-76.6981,36.4867],[-76.6992,36.4983],[-76.7134,36.5034]]]},"properties":{"hex_id":"872af28f1ffffff","value":-18.31}},{"type":"Feature","geometry":{"type":"Polygon","coordinates":[[[-76.7561,36.5186],[-76.7693,36.5121],[-76.7681,36.5005],[-76.7539,36.4954],[-76.7408,36.5019],[-76.7419,36.5135],[-76.7561,36.5186]]]},"properties":{"hex_id":"872af28f2ffffff","value":3.5}},{"type":"Feature","geometry":{"type":"Polygon","coordinates":[[[-76.7408,36.5019],[-76.7539,36.4954],[-76.7528,36.4838],[-76.7386,36.4787],[-76.7255,36.4853],[-76.7266,36.4969],[-76.7408,36.5019]]]},"properties":{"hex_id":"872af28f3ffffff","value":-10.48}},{"type":"Feature","geometry":{"type":"Polygon","coordinates":[[[-76.7167,36.5382],[-76.7299,36.5317],[-76.7288,36.5201],[-76.7145,36.515],[-76.7014,36.5215],[-76.7025,36.5331],[-76.7167,36.5382]]]},"properties":{"hex_id":"872af28f4ffffff","value":2.7}},{"type":"Feature","geometry":{"type":"Polygon","coordinates":[[[-76.7014,36.5215],[-76.7145,36.515],[-76.7134,36.5034],[-76.6992,36.4983],[-76.6861,36.5048],[-76.6872,36.5164],[-76.7014,36.5215]]]},"properties":{"hex_id":"872af28f5ffffff","value":-8.03}},{"type":"Feature","geometry":{"type":"Polygon","coordinates":[[[-76.7441,36.5368],[-76.7572,36.5302],[-76.7561,36.5186],[-76.7419,36.5135],[-76.7288,36.5201],[-76.7299,36.5317],[-76.7441,36.5368]]]},"properties":{"hex_id":"872af28f6ffffff","value":8.86}},{"type":"Feature","geometry":{"type":"Polygon","coordinates":[[[-76.4003,36.5369],[-76.4135,36.5304],[-76.4124,36.5188],[-76.3982,36.5137],[-76.3851,36.5201],[-76.3861,36.5317],[-76.4003,36.5369]]]},"properties":{"hex_id":"872af2949ffffff","value":-5.32}},{"type":"Feature","geometry":{"type":"Polygon","coordinates":[[[-76.4277,36.5355],[-76.4408,36.529],[-76.4398,36.5174],[-76.4256,36.5123],[-76.4124,36.5188],[-76.4135,36.5304],[-76.4277,36.5355]]]},"properties":{"hex_id":"872af294bffffff","value":-9.45}},{"type":"Feature","geometry":{"type":"Polygon","coordinates":[[[-76.3881,36.555],[-76.4013,36.5485],[-76.4003,36.5369],[-76.3861,36.5317],[-76.3729,36.5382],[-76.3739,36.5498],[-76.3881,36.555]]]},"properties":{"hex_id":"872af294dffffff","value":4.75}},{"type":"Feature","geometry":{"type":"Polygon","coordinates":[[[-76.4703,36.5509],[-76.4835,36.5444],[-76.4824,36.5328],[-76.4682,36.5276],[-76.455,36.5341],[-76.4561,36.5457],[-76.4703,36.5509]]]},"properties":{"hex_id":"872af2959ffffff","value":8.31}},{"type":"Feature","geometry":{"type":"Polygon","coordinates":[[[-76.4977,36.5495],[-76.5108,36.543],[-76.5098,36.5314],[-76.4956,36.5263],[-76.4824,36.5328],[-76.4835,36.5444],[-76.4977,36.5495]]]},"properties":{"hex_id":"872af295bffffff","value":10.22}},{"type":"Feature","geometry":{"type":"Polygon","coordinates":[[[-76.6096,36.4214],[-76.6228,36.4149],[-76.6217,36.4033],[-76.6075,36.3982],[-76.5944,36.4047],[-76.5954,36.4163],[-76.6096,36.4214]]]},"properties":{"hex_id":"872af2bb4ffffff","value":4.55}},{"type":"Feature","geometry":{"type":"Polygon","coordinates":[[[-76.6369,36.42],[-76.6501,36.4135],[-76.649,36.4019],[-76.6348,36.3968],[-76.6217,36.4033],[-76.6228,36.4149],[-76.6369,36.42]]]},"properties":{"hex_id":"872af2bb6ffffff","value":5.58}},{"type":"Feature","geometry":{"type":"Polygon","coordinates":[[[-77.0213,36.5568],[-77.0344,36.5503],[-77.0332,36.5387],[-77.0189,36.5336],[-77.0058,36.5402],[-77.007,36.5518],[-77.0213,36.5568]]]},"properties":{"hex_id":"872af2c43ffffff","value":-5.16}},{"type":"Feature","geometry":{"type":"Polygon","coordinates":[[[-76.9904,36.5235],[-77.0035,36.517],[-77.0023,36.5054],[-76.9881,36.5003],[-76.975,36.5069],[-76.9761,36.5185],[-76.9904,36.5235]]]},"properties":{"hex_id":"872af2c48ffffff","value":-4.9}},{"type":"Feature","geometry":{"type":"Polygon","coordinates":[[[-76.975,36.5069],[-76.9881,36.5003],[-76.9869,36.4887],[-76.9727,36.4837],[-76.9596,36.4902],[-76.9607,36.5018],[-76.975,36.5069]]]},"properties":{"hex_id":"872af2c49ffffff","value":4.66}},{"type":"Feature","geometry":{"type":"Polygon","coordinates":[[[-77.0178,36.522],[-77.0309,36.5155],[-77.0297,36.5039],[-77.0154,36.4988],[-77.0023,36.5054],[-77.0035,36.517],[-77.0178,36.522]]]},"properties":{"hex_id":"872af2c4affffff","value":0.89}},{"type":"Feature","geometry":{"type":"Polygon","coordinates":[[[-77.0023,36.5054],[-77.0154,36.4988],[-77.0143,36.4872],[-77.0,36.4822],[-76.9869,36.4887],[-76.9881,36.5003],[-77.0023,36.5054]]]},"properties":{"hex_id":"872af2c4bffffff","value":-2.49}},{"type":"Feature","geometry":{"type":"Polygon","coordinates":[[[-76.9785,36.5417],[-76.9916,36.5351],[-76.9904,36.5235],[-76.9761,36.5185],[-76.963,36.525],[-76.9642,36.5366],[-76.9785,36.5417]]]},"properties":{"hex_id":"872af2c4cffffff","value":-4.97}},{"type":"Feature","geometry":{"type":"Polygon","coordinates":[[[-76.963,36.525],[-76.9761,36.5185],[-76.975,36.5069],[-76.9607,36.5018],[-76.9476,36.5084],[-76.9488,36.52],[-76.963,36.525]]]},"properties":{"hex_id":"872af2c4dffffff","value":1.83}},{"type":"Feature","geometry":{"type":"Polygon","coordinates":[[[-77.0058,36.5402],[-77.0189,36.5336],[-77.0178,36.522],[-77.0035,36.517],[-76.9904,36.5235],[-76.9916,36.5351],[-77.0058,36.5402]]]},"properties":{"hex_id":"872af2c4effffff","value":-4.09}},{"type":"Feature","geometry":{"type":"Polygon","coordinates":[[[-77.0606,36.5372],[-77.0737,36.5306],[-77.0725,36.519],[-77.0582,36.514],[-77.0451,36.5205],[-77.0463,36.5321],[-77.0606,36.5372]]]},"properties":{"hex_id":"872af2c58ffffff","value":-5.36}},{"type":"Feature","geometry":{"type":"Polygon","coordinates":[[[-77.0451,36.5205],[-77.0582,36.514],[-77.057,36.5024],[-77.0428,36.4973],[-77.0297,36.5039],[-77.0309,36.5155],[-77.0451,36.5205]]]},"properties":{"hex_id":"872af2c59ffffff","value":-1.59}},{"type":"Feature","geometry":{"type":"Polygon","coordinates":[[[-77.0879,36.5356],[-77.101,36.5291],[-77.0998,36.5175],[-77.0856,36.5124],[-77.0725,36.519],[-77.0737,36.5306],[-77.0879,36.5356]]]},"properties":{"hex_id":"872af2c5affffff","value":4.89}},{"type":"Feature","geometry":{"type":"Polygon","coordinates":[[[-77.0725,36.519],[-77.0856,36.5124],[-77.0844,36.5008],[-77.0701,36.4958],[-77.057,36.5024],[-77.0582,36.514],[-77.0725,36.519]]]},"properties":{"hex_id":"872af2c5bffffff","value":5.97}},{"type":"Feature","geometry":{"type":"Polygon","coordinates":[[[-77.0487,36.5553],[-77.0618,36.5488],[-77.0606,36.5372],[-77.0463,36.5321],[-77.0332,36.5387],[-77.0344,36.5503],[-77.0487,36.5553]]]},"properties":{"hex_id":"872af2c5cffffff","value":-4.75}},{"type":"Feature","geometry":{"type":"Polygon","coordinates":[[[-77.0332,36.5387],[-77.0463,36.5321],[-77.0451,36.5205],[-77.0309,36.5155],[-77.0178,36.522],[-77.0189,36.5336],[-77.0332,36.5387]]]},"properties":{"hex_id":"872af2c5dffffff","value":-10.15}},{"type":"Feature","geometry":{"type":"Polygon","coordinates":[[[-77.076,36.5538],[-77.0891,36.5473],[-77.0879,36.5356],[-77.0737,36.5306],[-77.0606,36.5372],[-77.0618,36.5488],[-77.076,36.5538]]]},"properties":{"hex_id":"872af2c5effffff","value":0.04}},{"type":"Feature","geometry":{"type":"Polygon","coordinates":[[[-76.9237,36.5447],[-76.9368,36.5381],[-76.9357,36.5265],[-76.9214,36.5214],[-76.9083,36.528],[-76.9095,36.5396],[-76.9237,36.5447]]]},"properties":{"hex_id":"872af2c69ffffff","value":-6.3}},{"type":"Feature","geometry":{"type":"Polygon","coordinates":[[[-76.9511,36.5432],[-76.9642,36.5366],[-76.963,36.525],[-76.9488,36.52],[-76.9357,36.5265],[-76.9368,36.5381],[-76.9511,36.5432]]]},"properties":{"hex_id":"872af2c6bffffff","value":-9.22}},{"type":"Feature","geometry":{"type":"Polygon","coordinates":[[[-77.1855,36.5477],[-77.1986,36.5411],[-77.1974,36.5295],[-77.1831,36.5245],[-77.17,36.5311],[-77.1712,36.5427],[-77.1855,36.5477]]]},"properties":{"hex_id":"872af2cc1ffffff","value":-1.9}},{"type":"Feature","geometry":{"type":"Polygon","coordinates":[[[-77.2129,36.5461],[-77.226,36.5396],[-77.2247,36.528],[-77.2105,36.5229],[-77.1974,36.5295],[-77.1986,36.5411],[-77.2129,36.5461]]]},"properties":{"hex_id":"872af2cc3ffffff","value":-5.41}},{"type":"Feature","geometry":{"type":"Polygon","coordinates":[[[-77.1819,36.5129],[-77.195,36.5063],[-77.1937,36.4947],[-77.1795,36.4897],[-77.1664,36.4963],[-77.1676,36.5079],[-77.1819,36.5129]]]},"properties":{"hex_id":"872af2cc8ffffff","value":-1.24}},{"type":"Feature","geometry":{"type":"Polygon","coordinates":[[[-77.1664,36.4963],[-77.1795,36.4897],[-77.1783,36.4781],[-77.164,36.4731],[-77.1509,36.4796],[-77.1521,36.4912],[-77.1664,36.4963]]]},"properties":{"hex_id":"872af2cc9ffffff","value":-4.6}},{"type":"Feature","geometry":{"type":"Polygon","coordinates":[[[-77.2092,36.5113],[-77.2223,36.5048],[-77.2211,36.4932],[-77.2068,36.4881],[-77.1937,36.4947],[-77.195,36.5063],[-77.2092,36.5113]]]},"properties":{"hex_id":"872af2ccaffffff","value":-3.94}},{"type":"Feature","geometry":{"type":"Polygon","coordinates":[[[-77.1937,36.4947],[-77.2068,36.4881],[-77.2056,36.4766],[-77.1913,36.4715],[-77.1783,36.4781],[-77.1795,36.4897],[-77.1937,36.4947]]]},"properties":{"hex_id":"872af2ccbffffff","value":-1.67}},{"type":"Feature","geometry":{"type":"Polygon","coordinates":[[[-77.17,36.5311],[-77.1831,36.5245],[-77.1819,36.5129],[-77.1676,36.5079],[-77.1545,36.5144],[-77.1557,36.526],[-77.17,36.5311]]]},"properties":{"hex_id":"872af2cccffffff","value":0.27}},{"type":"Feature","geometry":{"type":"Polygon","coordinates":[[[-77.1545,36.5144],[-77.1676,36.5079],[-77.1664,36.4963],[-77.1521,36.4912],[-77.1391,36.4978],[-77.1403,36.5094],[-77.1545,36.5144]]]},"properties":{"hex_id":"872af2ccdffffff","value":-4.42}},{"type":"Feature","geometry":{"type":"Polygon","coordinates":[[[-77.1974,36.5295],[-77.2105,36.5229],[-77.2092,36.5113],[-77.195,36.5063],[-77.1819,36.5129],[-77.1831,36.5245],[-77.1974,36.5295]]]},"properties":{"hex_id":"872af2cceffffff","value":2.85}},{"type":"Feature","geometry":{"type":"Polygon","coordinates":[[[-77.2521,36.5264],[-77.2652,36.5198],[-77.2639,36.5082],[-77.2496,36.5032],[-77.2366,36.5098],[-77.2378,36.5214],[-77.2521,36.5264]]]},"properties":{"hex_id":"872af2cd8ffffff","value":1.56}},{"type":"Feature","geometry":{"type":"Polygon","coordinates":[[[-77.2366,36.5098],[-77.2496,36.5032],[-77.2484,36.4916],[-77.2341,36.4866],[-77.2211,36.4932],[-77.2223,36.5048],[-77.2366,36.5098]]]},"properties":{"hex_id":"872af2cd9ffffff","value":-1.38}},{"type":"Feature","geometry":{"type":"Polygon","coordinates":[[[-77.2794,36.5249],[-77.2925,36.5183],[-77.2913,36.5067],[-77.277,36.5017],[-77.2639,36.5082],[-77.2652,36.5198],[-77.2794,36.5249]]]},"properties":{"hex_id":"872af2cdaffffff","value":1.85}},{"type":"Feature","geometry":{"type":"Polygon","coordinates":[[[-77.2639,36.5082],[-77.277,36.5017],[-77.2757,36.4901],[-77.2615,36.485],[-77.2484,36.4916],[-77.2496,36.5032],[-77.2639,36.5082]]]},"properties":{"hex_id":"872af2cdbffffff","value":5.13}},{"type":"Feature","geometry":{"type":"Polygon","coordinates":[[[-77.2403,36.5446],[-77.2533,36.538],[-77.2521,36.5264],[-77.2378,36.5214],[-77.2247,36.528],[-77.226,36.5396],[-77.2403,36.5446]]]},"properties":{"hex_id":"872af2cdcffffff","value":-1.83}},{"type":"Feature","geometry":{"type":"Polygon","coordinates":[[[-77.2247,36.528],[-77.2378,36.5214],[-77.2366,36.5098],[-77.2223,36.5048],[-77.2092,36.5113],[-77.2105,36.5229],[-77.2247,36.528]]]},"properties":{"hex_id":"872af2cddffffff","value":0.75}},{"type":"Feature","geometry":{"type":"Polygon","coordinates":[[[-77.2676,36.543],[-77.2807,36.5365],[-77.2794,36.5249],[-77.2652,36.5198],[-77.2521,36.5264],[-77.2533,36.538],[-77.2676,36.543]]]},"properties":{"hex_id":"872af2cdeffffff","value":1.21}},{"type":"Feature","geometry":{"type":"Polygon","coordinates":[[[-77.1308,36.5508],[-77.1439,36.5442],[-77.1427,36.5326],[-77.1284,36.5276],[-77.1153,36.5341],[-77.1165,36.5457],[-77.1308,36.5508]]]},"properties":{"hex_id":"872af2ce8ffffff","value":2.29}},{"type":"Feature","geometry":{"type":"Polygon","coordinates":[[[-77.1153,36.5341],[-77.1284,36.5276],[-77.1272,36.516],[-77.1129,36.5109],[-77.0998,36.5175],[-77.101,36.5291],[-77.1153,36.5341]]]},"properties":{"hex_id":"872af2ce9ffffff","value":3.98}},{"type":"Feature","geometry":{"type":"Polygon","coordinates":[[[-77.1582,36.5492],[-77.1712,36.5427],[-77.17,36.5311],[-77.1557,36.526],[-77.1427,36.5326],[-77.1439,36.5442],[-77.1582,36.5492]]]},"properties":{"hex_id":"872af2ceaffffff","value":0.24}},{"type":"Feature","geometry":{"type":"Polygon","coordinates":[[[-77.1427,36.5326],[-77.1557,36.526],[-77.1545,36.5144],[-77.1403,36.5094],[-77.1272,36.516],[-77.1284,36.5276],[-77.1427,36.5326]]]},"properties":{"hex_id":"872af2cebffffff","value":-1.2}},{"type":"Feature","geometry":{"type":"Polygon","coordinates":[[[-77.1034,36.5523],[-77.1165,36.5457],[-77.1153,36.5341],[-77.101,36.5291],[-77.0879,36.5356],[-77.0891,36.5473],[-77.1034,36.5523]]]},"properties":{"hex_id":"872af2cedffffff","value":2.38}}]}